id,gender,age,TLS_mature,TIL_pos,NSAIDs,icell_type,GrowthRate,tissue_lymphocyte-to-neutrophil_ratio,GranB,DC_status,response
A448-69,Female,71,0,1,Yes,FOXP3,Ki67_low,206,48,indifferent,1
B404-41,Male,78,0,0,Yes,NK,Ki67_high,180,62,active,1
X105-94,Male,76,0,1,Yes,FOXP3,Ki67_high,83,71,active,1
D171-43,Male,49,0,0,Yes,FOXP3,Ki67_low,149,02,inactive,1
Z174-14,Female,81,1,0,Yes,NK,Ki67_high,151,91,active,1
A186-41,Female,63,0,0,Yes,FOXP3,Ki67_low,164,30,indifferent,1
B70-09,Male,59,1,1,Yes,FOXP3,Ki67_high,47,88,active,1
X94-39,Female,79,0,0,No,FOXP3,Ki67_low,72,18,active,1
D76-15,Female,63,0,0,Yes,FOXP3,Ki67_high,53,94,Unknown,1
Z58-57,Male,54,0,0,Yes,FOXP3,Ki67_low,36,36,Unknown,1
A80-43,Female,57,1,0,Yes,FOXP3,Ki67_high,58,22,active,1
B140-46,Female,78,0,1,Yes,CD4,Ki67_high,98,25,inactive,1
X104-51,Female,69,0,0,Yes,FOXP3,Ki67_low,82,30,inactive,1
D419-84,Female,80,0,1,Yes,FOXP3,Ki67_low,197,63,Unknown,1
Z414-09,Female,75,0,1,Yes,FOXP3,Ki67_low,191,88,active,1
A167-41,Female,54,1,0,Yes,NK,Ki67_high,145,22,active,1
B191-61,Male,81,0,1,Yes,FOXP3,Ki67_low,169,4,inactive,1
X441-49,Male,68,1,0,Yes,FOXP3,Ki67_low,199,58,inactive,1
D89-44,Female,76,0,0,No,FOXP3,Ki67_low,67,31,active,1
Z417-08,Male,53,0,1,No,CD4,Ki67_low,194,87,Unknown,1
A193-94,Female,79,0,0,Yes,CD4,Ki67_high,171,73,inactive,1
B433-49,Female,72,1,0,Yes,NK,Ki67_low,211,08,active,1
A448-7,Female,58,0,0,Yes,NK,Ki67_low,206,49,active,1
B408-3,Male,14,0,1,Yes,FOXP3,Ki67_high,186,09,Unknown,1
X104-87,Male,78,0,0,Yes,FOXP3,Ki67_low,80,66,indifferent,1
D104-14,Male,51,0,0,Yes,NK,Ki67_high,81,91,active,1
Z100-98,Male,72,0,0,Yes,FOXP3,Ki67_high,78,77,indifferent,1
A189-84,Female,60,0,0,Yes,FOXP3,Ki67_high,167,63,Unknown,1
B195-43,Male,60,0,1,Yes,NK,Ki67_low,173,20,inactive,1
X411-78,Male,69,0,0,Yes,FOXP3,Ki67_high,189,57,indifferent,1
D414-08,Male,60,1,0,Yes,FOXP3,Ki67_low,189,87,inactive,1
Z83-41,Male,56,0,0,Yes,FOXP3,Ki67_high,61,23,Unknown,1
A196-94,Male,80,1,0,Yes,NK,Ki67_low,174,71,active,1
G454-74,Female,74,0,1,Yes,NK,Ki67_low,230,51,indifferent,1
H84-4,Male,49,0,0,No,CD4,Ki67_low,61,99,active,1
I84-03,Female,73,1,1,No,FOXP3,Ki67_high,61,82,indifferent,1
J419-74,Male,58,0,0,Yes,FOXP3,Ki67_high,197,51,indifferent,1
K74-63,Male,79,1,0,Yes,FOXP3,Ki67_high,52,42,indifferent,1
L94-64,Female,62,0,0,No,FOXP3,Ki67_high,70,41,Unknown,1
M60-91,Female,79,0,0,Yes,FOXP3,Ki67_low,38,7,active,1
N78-03,Male,77,0,0,Yes,FOXP3,Ki67_high,55,82,indifferent,1
O71-44,Male,68,0,0,Yes,FOXP3,Ki67_low,49,01,active,1
P144-9,Male,42,0,1,Yes,FOXP3,Ki67_low,122,69,inactive,1
Q90-9,Female,79,0,0,Yes,FOXP3,Ki67_low,68,69,indifferent,1
R413-03,Male,71,1,0,Yes,CD4,Ki67_low,190,82,inactive,1
Z443-58,Male,70,1,0,Yes,FOXP3,Ki67_high,221,37,active,1
A109-78,Female,80,0,1,No,NK,Ki67_low,87,57,Unknown,1
B107-46,Female,78,0,0,Yes,FOXP3,Ki67_low,85,05,indifferent,1
X99-33,Male,43,0,0,Yes,NK,Ki67_low,77,12,active,1
D58-09,Female,73,1,0,Yes,FOXP3,Ki67_high,35,88,inactive,1
Z89-96,Female,76,0,0,No,FOXP3,Ki67_low,67,75,Unknown,1
A75-34,Male,78,1,0,Yes,FOXP3,Ki67_low,53,11,indifferent,1
B147-49,Female,71,0,1,Yes,FOXP3,Ki67_high,105,08,active,1
X144-13,Female,52,1,0,Yes,NK,Ki67_low,101,92,active,1
D197-54,Female,80,0,0,Yes,CD4,Ki67_low,175,33,active,1
Z196-71,Male,80,0,1,Yes,FOXP3,Ki67_high,174,51,indifferent,1
A59-34,Female,78,0,0,Yes,FOXP3,Ki67_high,37,11,active,1
B437-75,Male,68,0,0,Yes,FOXP3,Ki67_low,215,54,indifferent,1
A194-99,Male,76,1,0,Yes,NK,Ki67_low,172,78,active,1
B180-93,Female,82,1,0,Yes,CD4,Ki67_low,158,72,active,1
X185-17,Female,80,0,0,Yes,FOXP3,Ki67_low,162,96,indifferent,1
D74-9,Female,78,1,0,Yes,FOXP3,Ki67_high,52,69,active,1
Z61-94,Female,50,1,0,Yes,NK,Ki67_high,39,73,inactive,1
A93-74,Female,77,0,0,Yes,FOXP3,Ki67_high,71,51,indifferent,1
B104-74,Male,57,0,0,Yes,FOXP3,Ki67_low,82,51,Unknown,1
X113-01,Male,51,1,0,No,FOXP3,Ki67_low,90,48,active,1
D441-58,Female,53,0,0,Yes,FOXP3,Ki67_low,199,37,active,1
Z104-47,Male,59,0,0,Yes,FOXP3,Ki67_low,82,26,Unknown,1
A86-43,Male,81,0,0,Yes,FOXP3,Ki67_low,64,02,indifferent,1
G74-67,Female,38,1,0,Yes,NK,Ki67_high,50,46,active,1
H64-57,Female,74,0,0,Yes,CD4,Ki67_high,40,36,indifferent,1
I179-14,Female,68,1,0,Yes,FOXP3,Ki67_high,156,91,indifferent,1
J116-55,Female,78,1,0,Yes,CD4,Ki67_high,94,34,indifferent,1
K448-56,Male,78,0,0,Yes,FOXP3,Ki67_high,206,35,active,1
L96-59,Female,65,0,0,Yes,FOXP3,Ki67_high,74,38,active,1
M66-74,Female,59,0,1,Yes,NK,Ki67_high,44,51,indifferent,1
N440-09,Male,81,1,0,Yes,FOXP3,Ki67_low,217,88,active,1
O110-85,Female,71,0,0,Yes,FOXP3,Ki67_low,88,64,indifferent,1
P165-31,Male,76,0,0,Yes,FOXP3,Ki67_low,143,31,active,1
Q143-43,Female,66,0,0,Yes,NK,Ki67_low,121,22,Unknown,1
R96-16,Male,79,0,0,Yes,FOXP3,Ki67_high,73,95,Unknown,1
Z101-45,Female,58,0,0,Yes,NK,Ki67_low,79,24,Unknown,1
A88-94,Female,56,0,0,No,FOXP3,Ki67_high,66,71,active,1
B79-79,Female,74,1,0,No,NK,Ki67_low,57,58,active,1
X71-4,Male,79,0,0,Yes,FOXP3,Ki67_low,48,99,Unknown,1
D96-97,Male,71,0,0,Yes,FOXP3,Ki67_high,74,76,inactive,1
Z111-81,Male,51,0,1,Yes,FOXP3,Ki67_high,89,26,inactive,1
A59-35,Female,77,0,1,Yes,FOXP3,Ki67_high,37,34,indifferent,1
B86-94,Male,81,0,0,Yes,FOXP3,Ki67_low,64,73,indifferent,1
X98-55,Male,79,0,0,Yes,FOXP3,Ki67_low,76,34,Unknown,1
D446-98,Male,38,0,1,Yes,FOXP3,Ki67_low,204,77,active,1
Z74-81,Female,79,0,0,Yes,FOXP3,Ki67_low,50,16,active,1
A68-04,Female,51,0,0,No,NK,Ki67_low,45,81,active,1
B68-56,Female,76,1,0,Yes,NK,Ki67_low,46,35,Unknown,1
A64-14,Male,65,0,0,Yes,FOXP3,Ki67_high,41,93,active,1
B435-63,Female,56,0,0,Yes,FOXP3,Ki67_high,213,42,active,1
X76-34,Female,79,0,0,Yes,NK,Ki67_high,54,23,indifferent,1
D440-59,Male,78,0,1,Yes,FOXP3,Ki67_high,218,38,inactive,1
Z78-94,Male,50,1,0,Yes,CD4,Ki67_low,56,71,indifferent,1
A84-81,Female,75,0,0,Yes,CD4,Ki67_low,60,36,active,1
B74-1,Male,59,0,1,Yes,CD4,Ki67_low,51,89,Unknown,1
X190-34,Female,78,0,0,Yes,CD4,Ki67_high,168,41,active,1
D431-61,Female,61,0,0,Yes,FOXP3,Ki67_high,209,43,indifferent,1
Z78-7,Female,77,0,1,Yes,NK,Ki67_high,56,49,Unknown,1
A110-54,Male,69,0,0,Yes,CD4,Ki67_low,88,31,Unknown,1
G84-3,Female,63,0,0,Yes,FOXP3,Ki67_low,60,29,inactive,1
H73-18,Female,48,1,0,Yes,FOXP3,Ki67_high,50,97,indifferent,1
I191-84,Female,71,0,0,Yes,NK,Ki67_high,169,61,inactive,1
J93-05,Female,81,0,0,Yes,FOXP3,Ki67_high,70,84,active,1
K64-17,Female,67,0,0,Yes,CD4,Ki67_low,41,96,active,1
L149-98,Male,77,0,1,Yes,FOXP3,Ki67_high,107,77,indifferent,1
M68-53,Male,52,0,1,Yes,FOXP3,Ki67_low,46,32,inactive,1
N106-41,Female,81,0,0,Yes,NK,Ki67_low,84,20,indifferent,1
O444-1,Female,58,0,0,Yes,FOXP3,Ki67_high,201,89,active,1
P84-1,Female,49,0,0,No,CD4,Ki67_low,59,89,Unknown,1
Q416-94,Male,75,1,1,No,CD4,Ki67_high,194,73,active,1
R76-11,Male,57,1,0,Yes,NK,Ki67_high,53,19,inactive,1
Z74-96,Male,66,0,0,Yes,FOXP3,Ki67_low,50,75,inactive,1
A84-48,Female,82,0,0,No,NK,Ki67_low,60,07,indifferent,1
B105-44,Female,78,0,0,Yes,FOXP3,Ki67_low,83,21,active,1
X59-86,Female,70,0,0,Yes,FOXP3,Ki67_high,37,65,indifferent,1
D64-55,Male,81,1,0,Yes,FOXP3,Ki67_low,40,34,Unknown,1
Z459-63,Female,75,0,0,Yes,FOXP3,Ki67_high,237,42,inactive,1
A449-31,Male,63,1,0,Yes,FOXP3,Ki67_high,227,34,active,1
B419-91,Female,47,0,0,Yes,FOXP3,Ki67_low,197,37,Unknown,1
X131-41,Female,39,0,0,Yes,CD4,Ki67_low,109,32,active,1
D93-13,Male,57,1,0,Yes,NK,Ki67_low,70,92,indifferent,1
Z73-54,Male,57,0,0,Yes,FOXP3,Ki67_low,51,33,Unknown,1
A400-59,Female,64,0,0,Yes,CD4,Ki67_low,178,38,indifferent,1
B64-48,Female,50,0,0,Yes,CD4,Ki67_low,40,27,Unknown,1
A190-14,Female,78,1,0,Yes,FOXP3,Ki67_high,167,93,active,1
B130-54,Female,46,1,0,No,FOXP3,Ki67_low,108,33,active,1
X184-99,Male,45,1,0,No,FOXP3,Ki67_high,160,78,active,1
D101-45,Female,70,0,0,Yes,FOXP3,Ki67_high,79,24,indifferent,1
Z406-09,Female,80,1,0,Yes,NK,Ki67_high,183,88,active,1
A463-34,Female,76,0,0,Yes,CD4,Ki67_low,241,11,active,1
B140-1,Male,39,0,0,Yes,FOXP3,Ki67_low,117,89,indifferent,1
X407-48,Male,57,0,0,Yes,FOXP3,Ki67_low,185,07,Unknown,1
D194-37,Female,81,1,0,Yes,NK,Ki67_high,172,16,indifferent,1
Z199-4,Female,67,0,0,Yes,FOXP3,Ki67_high,176,99,Unknown,1
A103-68,Male,51,0,1,Yes,CD4,Ki67_high,81,47,active,1
G116-44,Female,49,0,0,Yes,FOXP3,Ki67_high,94,23,inactive,1
H70-48,Female,82,1,0,Yes,FOXP3,Ki67_low,48,07,active,1
I74-17,Female,50,1,1,No,NK,Ki67_low,49,96,active,1
J441-79,Male,59,1,0,Yes,FOXP3,Ki67_low,199,58,active,1
K151-16,Female,72,0,0,Yes,FOXP3,Ki67_low,128,95,indifferent,1
L68-43,Male,72,0,0,Yes,NK,Ki67_low,46,22,indifferent,1
M67-49,Female,81,0,0,Yes,FOXP3,Ki67_low,45,08,active,1
N67-41,Female,82,1,0,Yes,CD4,Ki67_high,45,22,active,1
O439-07,Female,59,0,1,Yes,FOXP3,Ki67_high,216,86,active,1
P169-67,Female,68,0,0,Yes,FOXP3,Ki67_high,147,46,Unknown,1
Q443-83,Male,60,0,1,Yes,FOXP3,Ki67_low,201,62,indifferent,1
R76-57,Male,61,0,0,Yes,NK,Ki67_low,54,36,active,1
Z77-84,Female,54,0,0,Yes,NK,Ki67_low,55,61,inactive,1
A94-98,Female,71,0,0,Yes,NK,Ki67_high,70,77,active,1
B431-56,Female,72,0,1,Yes,FOXP3,Ki67_high,209,35,active,1
X104-16,Female,70,0,0,Yes,FOXP3,Ki67_high,79,95,inactive,1
D441-89,Female,74,0,0,Yes,FOXP3,Ki67_low,199,68,inactive,1
Z195-71,Female,52,0,0,Yes,NK,Ki67_low,173,5,indifferent,1
A74-04,Female,71,1,0,Yes,NK,Ki67_high,51,81,active,1
B57-94,Female,39,0,0,Yes,FOXP3,Ki67_low,35,71,indifferent,1
X81-76,Male,61,0,1,Yes,FOXP3,Ki67_low,59,55,inactive,1
D70-37,Female,76,0,0,No,CD68,Ki67_low,48,16,Unknown,1
Z403-87,Female,65,1,0,No,FOXP3,Ki67_low,181,66,active,1
A89-13,Female,63,1,0,Yes,NK,Ki67_low,66,92,indifferent,1
B133-19,Male,72,0,0,Yes,NK,Ki67_low,110,98,indifferent,1
A164-43,Female,79,0,0,Yes,CD4,Ki67_high,140,20,Unknown,1
B75-04,Male,57,1,0,Yes,FOXP3,Ki67_high,52,81,active,1
X98-04,Female,64,1,0,No,CD4,Ki67_low,75,81,indifferent,1
D91-54,Male,69,0,0,Yes,NK,Ki67_high,69,33,active,1
Z111-98,Male,41,0,0,Yes,NK,Ki67_high,89,77,indifferent,1
A60-94,Female,80,1,1,No,NK,Ki67_high,38,73,active,1
B97-43,Female,79,0,0,Yes,FOXP3,Ki67_low,75,22,inactive,1
X91-04,Female,54,1,0,Yes,NK,Ki67_high,68,81,indifferent,1
D60-67,Female,74,0,0,Yes,NK,Ki67_high,38,46,indifferent,1
Z185-49,Male,48,1,0,Yes,NK,Ki67_high,163,28,active,1
A64-44,Female,78,0,0,Yes,FOXP3,Ki67_low,42,23,active,1
G56-11,Male,78,1,0,Yes,NK,Ki67_high,33,9,indifferent,1
H110-66,Female,78,0,0,Yes,CD4,Ki67_low,88,45,Unknown,1
I413-44,Male,54,0,0,Yes,FOXP3,Ki67_low,191,01,Unknown,1
J78-18,Female,45,0,0,Yes,FOXP3,Ki67_low,55,97,active,1
K111-04,Male,78,0,0,Yes,FOXP3,Ki67_low,88,83,indifferent,1
L76-13,Female,58,0,0,Yes,FOXP3,Ki67_high,53,92,inactive,1
M81-34,Female,77,0,0,No,FOXP3,Ki67_low,59,11,Unknown,1
N114-44,Male,73,1,1,Yes,FOXP3,Ki67_low,90,03,inactive,1
O137-3,Male,79,0,0,Yes,FOXP3,Ki67_high,115,09,indifferent,1
P116-69,Male,72,0,1,Yes,NK,Ki67_low,94,48,indifferent,1
Q415-94,Female,64,1,1,Yes,CD4,Ki67_low,193,73,indifferent,1
R86-64,Male,66,0,0,Yes,FOXP3,Ki67_high,64,41,indifferent,1
Z409-86,Male,57,0,1,Yes,FOXP3,Ki67_low,187,65,Unknown,1
A405-77,Female,73,0,0,Yes,FOXP3,Ki67_low,183,56,indifferent,1
B114-16,Male,68,1,0,Yes,FOXP3,Ki67_low,89,95,indifferent,1
X118-03,Male,81,0,0,Yes,NK,Ki67_high,95,82,inactive,1
D471-74,Male,68,1,1,Yes,FOXP3,Ki67_high,249,53,inactive,1
Z97-94,Female,82,0,0,Yes,FOXP3,Ki67_high,75,71,inactive,1
A400-64,Male,70,0,0,Yes,FOXP3,Ki67_low,178,41,indifferent,1
B444-54,Male,74,1,0,Yes,FOXP3,Ki67_high,220,31,indifferent,1
X93-81,Male,80,0,0,Yes,FOXP3,Ki67_high,71,60,Unknown,1
D114-77,Male,77,0,0,Yes,FOXP3,Ki67_high,92,56,indifferent,1
Z74-96,Female,57,0,0,Yes,NK,Ki67_low,52,75,active,1
A167-13,Male,58,0,0,Yes,FOXP3,Ki67_low,144,92,Unknown,1
B175-49,Male,80,1,1,Yes,FOXP3,Ki67_low,153,08,indifferent,1
A90,Female,79,0,0,Yes,NK,Ki67_high,67,79,active,1
B109-47,Female,55,0,0,Yes,NK,Ki67_high,87,26,active,1
X87-85,Male,70,0,0,Yes,CD4,Ki67_high,65,64,inactive,1
D106-74,Female,68,0,0,Yes,FOXP3,Ki67_low,84,53,indifferent,1
Z80-13,Female,79,0,0,Yes,FOXP3,Ki67_high,57,92,active,1
A90-19,Male,55,0,0,No,NK,Ki67_low,67,98,active,1
B134-8,Male,82,1,0,Yes,NK,Ki67_high,112,59,Unknown,1
X106-58,Female,32,0,0,Yes,CD4,Ki67_high,84,37,Unknown,1
D83-44,Female,60,0,0,Yes,FOXP3,Ki67_low,61,03,active,1
Z103-43,Female,71,0,0,Yes,CD4,Ki67_high,81,22,indifferent,1
A408-65,Male,78,0,0,Yes,FOXP3,Ki67_low,186,44,active,1
G74-11,Female,69,0,0,Yes,FOXP3,Ki67_low,51,9,active,1
H95-84,Female,75,0,0,Yes,NK,Ki67_low,73,63,active,1
I405-33,Female,45,0,1,No,FOXP3,Ki67_low,183,12,inactive,1
J116-1,Male,78,0,0,Yes,NK,Ki67_low,93,89,active,1
K410-4,Female,75,1,1,Yes,FOXP3,Ki67_low,188,19,inactive,1
L199-86,Female,80,1,1,Yes,NK,Ki67_low,177,65,inactive,1
M419-73,Male,80,0,1,Yes,CD4,Ki67_high,197,52,active,1
N450-89,Male,81,1,1,Yes,FOXP3,Ki67_low,228,68,inactive,1
O74-73,Male,76,0,0,Yes,FOXP3,Ki67_high,50,52,active,1
P405-35,Female,63,0,0,Yes,CD4,Ki67_high,183,14,indifferent,1
Q70-3,Female,61,0,0,No,CD4,Ki67_low,48,09,inactive,1
R104-86,Male,80,0,0,No,FOXP3,Ki67_high,82,65,inactive,1
Z416-58,Female,77,0,1,Yes,FOXP3,Ki67_low,194,37,Unknown,1
A184-4,Female,59,0,0,Yes,FOXP3,Ki67_high,162,19,active,1
B60-98,Male,57,0,0,Yes,NK,Ki67_high,38,77,active,1
X97-76,Female,76,0,0,Yes,NK,Ki67_low,75,55,inactive,1
D66-03,Female,72,1,0,No,FOXP3,Ki67_low,43,82,active,1
Z81-95,Female,78,0,0,Yes,NK,Ki67_high,59,74,active,1
A97-73,Female,70,0,0,Yes,FOXP3,Ki67_low,75,52,inactive,1
B70-94,Female,68,0,0,Yes,NK,Ki67_low,48,73,active,1
X199-84,Female,61,1,0,Yes,NK,Ki67_low,177,63,indifferent,1
D418-46,Male,79,0,0,Yes,NK,Ki67_low,196,25,Unknown,1
Z411-06,Female,81,0,0,Yes,FOXP3,Ki67_high,188,85,Unknown,1
A86-3,Male,68,0,0,Yes,FOXP3,Ki67_low,64,09,Unknown,1
B164-14,Male,80,0,0,Yes,NK,Ki67_high,139,93,indifferent,1
A88-4,Female,63,1,0,Yes,FOXP3,Ki67_low,65,99,active,1
B91-94,Male,70,0,1,Yes,FOXP3,Ki67_low,69,71,inactive,1
X76-46,Male,57,0,0,Yes,FOXP3,Ki67_high,54,25,indifferent,1
D197-48,Male,66,0,0,Yes,FOXP3,Ki67_high,175,37,indifferent,1
Z433-94,Male,63,0,0,Yes,FOXP3,Ki67_high,211,73,active,1
A447-51,Female,61,1,1,Yes,FOXP3,Ki67_low,225,33,indifferent,1
B84-96,Male,81,0,0,Yes,FOXP3,Ki67_high,62,75,Unknown,1
X57-93,Female,82,0,0,No,CD68,Ki67_high,35,72,Unknown,1
D78-8,Female,74,0,0,Yes,NK,Ki67_high,56,59,indifferent,1
Z87-8,Male,79,1,0,Yes,NK,Ki67_high,65,59,Unknown,1
A78-81,Female,59,0,0,Yes,FOXP3,Ki67_high,56,16,Unknown,1
G95-14,Male,82,0,0,No,CD68,Ki67_high,72,91,Unknown,0
H87-96,Male,79,1,0,Yes,FOXP3,Ki67_low,65,75,active,0
I110-89,Female,68,0,0,No,FOXP3,Ki67_low,88,68,Unknown,0
J69-04,Female,67,0,0,Yes,FOXP3,Ki67_high,46,83,indifferent,0
K161-48,Male,67,0,0,No,FIBRO,Ki67_high,139,07,Unknown,0
L410-95,Female,78,0,0,Yes,FOXP3,Ki67_low,188,74,Unknown,0
M77-59,Female,65,0,0,Yes,FOXP3,Ki67_low,55,38,indifferent,0
N443-53,Female,63,0,1,Yes,NK,Ki67_high,221,32,active,0
O77-67,Female,56,0,0,Yes,FOXP3,Ki67_high,55,46,inactive,0
P405-84,Female,78,1,0,Yes,NK,Ki67_low,183,63,active,0
Q77-08,Female,52,0,0,Yes,CD4,Ki67_low,54,87,Unknown,0
R57-08,Male,48,0,1,Yes,FOXP3,Ki67_low,34,87,indifferent,0
Z164-96,Female,41,0,0,Yes,FOXP3,Ki67_high,140,75,active,0
A73-5,Female,38,0,0,Yes,FOXP3,Ki67_high,51,29,indifferent,0
B95-04,Female,82,0,0,Yes,FOXP3,Ki67_high,72,83,active,0
X85-37,Male,74,0,0,No,FOXP3,Ki67_high,63,16,active,0
D84-64,Female,71,0,0,No,FOXP3,Ki67_low,62,41,inactive,0
Z84-67,Female,62,0,0,Yes,FOXP3,Ki67_high,60,46,active,0
A57-33,Female,72,0,0,Yes,CD4,Ki67_low,35,12,inactive,0
B67-84,Female,71,0,1,Yes,NK,Ki67_low,45,63,inactive,0
X75-7,Female,59,1,0,Yes,FOXP3,Ki67_high,53,49,Unknown,0
D149-54,Female,57,1,0,Yes,FOXP3,Ki67_high,107,33,inactive,0
Z60-44,Female,53,0,0,Yes,FOXP3,Ki67_high,38,01,inactive,0
A198-41,Male,71,0,0,Yes,FOXP3,Ki67_low,176,27.3,indifferent,0
B109-84,Female,51,0,0,Yes,FOXP3,Ki67_low,87,61,active,0
A60-84,Female,45,0,0,Yes,FOXP3,Ki67_low,38,63,active,0
B94-61,Female,76,0,0,Yes,CD4,Ki67_high,72,4,inactive,0
X97-49,Female,46,0,0,No,FOXP3,Ki67_high,75,28,active,0
D406-74,Female,81,0,0,Yes,FOXP3,Ki67_high,184,51,active,0
Z414-45,Female,78,0,0,Yes,NK,Ki67_high,192,24,active,0
A84-9,Male,66,0,0,Yes,NK,Ki67_low,60,69,Unknown,0
B103-46,Female,53,0,0,Yes,FOXP3,Ki67_low,81,05,Unknown,0
X55-78,Male,42,1,0,No,FOXP3,Ki67_low,33,57,inactive,0
D73-74,Female,79,0,0,No,CD68,Ki67_low,51,53,Unknown,0
Z149-75,Female,71,0,0,Yes,FOXP3,Ki67_low,127,54,Unknown,0
A84-34,Male,62,0,0,No,CD4,Ki67_low,60,13,Unknown,0
G64-6,Female,58,0,0,Yes,FOXP3,Ki67_high,40,39,indifferent,0
H94-09,Female,49,0,0,No,FOXP3,Ki67_low,71,88,active,0
I55-44,Female,56,0,0,Yes,FOXP3,Ki67_low,33,21,Unknown,0
J84-18,Female,52,0,0,No,NK,Ki67_low,59,97,Unknown,0
K117-94,Male,52,0,0,Yes,FOXP3,Ki67_low,95,71,inactive,0
L114-84,Male,76,0,0,No,CD68,Ki67_low,92,63,Unknown,0
M79-17,Male,59,0,0,No,CD68,Ki67_high,56,96,Unknown,0
Z110-63,Female,81,0,0,No,CD68,Ki67_high,88,42,Unknown,0
A190-7,Male,81,0,0,Yes,FOXP3,Ki67_low,168,49,indifferent,0
B79-81,Female,81,0,0,No,FOXP3,Ki67_high,57,6,Unknown,0
X113-63,Female,81,0,0,Yes,CD4,Ki67_low,91,42,inactive,0
D141-44,Female,78,0,0,Yes,FOXP3,Ki67_high,119,03,active,0
Z56-96,Male,68,1,0,Yes,CD4,Ki67_high,34,75,inactive,0
A403-04,Male,68,0,0,Yes,NK,Ki67_high,180,83,active,0
B94-3,Female,58,0,0,Yes,FOXP3,Ki67_high,72,09,Unknown,0
X81-51,Female,54,0,0,Yes,NK,Ki67_low,59,3,Unknown,0
D137-74,Female,54,0,0,No,NK,Ki67_low,115,53,indifferent,0
Z81-84,Male,54,0,0,Yes,FOXP3,Ki67_high,59,63,active,0
A444-3,Male,52,0,0,Yes,FOXP3,Ki67_high,220,09,inactive,0
B104-64,Male,46,0,0,Yes,FOXP3,Ki67_high,80,43,inactive,0
A146-01,Male,43,0,0,Yes,FOXP3,Ki67_low,123,8,inactive,0
B75-44,Female,43,0,0,No,CD68,Ki67_low,53,21,Unknown,0
X440-49,Male,42,0,0,Yes,CD4,Ki67_low,198,28,Unknown,0
D61-45,Female,38,0,0,Yes,FOXP3,Ki67_low,39,24,inactive,0
Z88-19,Male,80,0,0,Yes,NK,Ki67_high,65,98,indifferent,0
A115-44,Female,79,0,0,Yes,NK,Ki67_high,93,01,Unknown,0
B97-93,Female,72,0,0,Yes,FOXP3,Ki67_low,75,72,Unknown,0
X85-6,Female,78,0,0,Yes,FOXP3,Ki67_high,63,39,Unknown,0
D79-83,Female,76,0,0,Yes,FOXP3,Ki67_high,57,62,inactive,0
Z418-46,Female,76,1,0,Yes,FOXP3,Ki67_low,196,25,active,0
A64-4,Male,71,0,1,Yes,FOXP3,Ki67_high,39,99,indifferent,0
G69-15,Male,65,0,0,Yes,NK,Ki67_low,46,94,indifferent,0
H147-71,Female,63,1,0,Yes,NK,Ki67_high,105,5,active,0
I416-7,Female,56,0,0,Yes,FOXP3,Ki67_high,194,49,indifferent,0
J71-89,Female,38,0,0,No,FOXP3,Ki67_low,49,68,active,0
K103-56,Male,80,0,0,No,FOXP3,Ki67_high,81,35,Unknown,0
L79-03,Male,68,0,0,No,CD68,Ki67_high,56,82,Unknown,0
M69-94,Female,60,0,0,No,FOXP3,Ki67_low,47,73,Unknown,0
N90-14,Male,44,0,0,Yes,FOXP3,Ki67_high,67,91,Unknown,0
O95-1,Male,78,0,0,No,CD4,Ki67_low,72,89,indifferent,0
P434-58,Male,77,0,0,Yes,FOXP3,Ki67_high,212,37,indifferent,0
Q435-85,Female,58,1,0,Yes,FOXP3,Ki67_high,213,64,active,0
R78-05,Male,57,0,0,No,CD68,Ki67_high,55,84,Unknown,0
Z89-44,Female,56,0,0,No,FOXP3,Ki67_high,67,23,inactive,0
A111-38,Female,54,0,0,No,FOXP3,Ki67_high,89,17,inactive,0
B443-5,Female,53,0,0,Yes,FOXP3,Ki67_low,221,29,active,0
X184-4,Female,52,1,0,Yes,FOXP3,Ki67_low,159,99,indifferent,0
D449-94,Male,78,0,0,Yes,NK,Ki67_low,207,71,inactive,0
Z84-44,Female,74,0,0,Yes,FOXP3,Ki67_low,60,03,indifferent,0
A89-84,Female,70,0,0,Yes,NK,Ki67_high,67,63,Unknown,0
B90-69,Male,49,0,0,No,CD68,Ki67_high,68,48,Unknown,0
X84-38,Female,38,0,0,Yes,FOXP3,Ki67_low,62,17,Unknown,0
D415-6,Female,78,0,1,No,FOXP3,Ki67_low,193,39,active,0
Z91-61,Female,68,0,0,Yes,CD4,Ki67_high,69,4,active,0
A138-16,Female,67,0,0,Yes,FOXP3,Ki67_high,115,95,active,0
B75-43,Female,62,0,0,Yes,FOXP3,Ki67_low,53,02,active,0
A75-18,Female,56,0,0,Yes,FOXP3,Ki67_high,52,97,indifferent,0
B106-43,Male,53,0,1,Yes,FOXP3,Ki67_low,84,02,indifferent,0
X439-64,Male,53,0,0,Yes,CD4,Ki67_low,217,43,indifferent,0
D58-95,Female,52,0,0,Yes,NK,Ki67_low,36,74,active,0
Z99-94,Female,78,0,0,No,FOXP3,Ki67_low,77,71,active,0
A116-43,Male,72,0,0,Yes,FOXP3,Ki67_high,94,02,active,0
B118-84,Female,64,0,0,Yes,CD4,Ki67_low,96,61,indifferent,0
X66-3,Female,53,0,0,No,FOXP3,Ki67_high,44,09,active,0
D101-41,Female,76,0,0,No,CD4,Ki67_low,79,2,inactive,0
Z400-48,Female,72,1,1,Yes,NK,Ki67_low,178,07,indifferent,0
A136-8,Female,58,0,0,Yes,FOXP3,Ki67_low,114,59,active,0
G96-57,Female,57,0,0,No,FOXP3,Ki67_high,74,36,active,0
H66-44,Female,54,0,0,Yes,FOXP3,Ki67_high,44,21,active,0
I98-09,Female,49,0,0,Yes,FOXP3,Ki67_low,75,88,inactive,0
J405-43,Female,71,1,0,Yes,FOXP3,Ki67_high,183,02,active,0
K86-78,Male,60,0,0,Yes,FOXP3,Ki67_low,64,57,inactive,0
L146-84,Female,56,0,0,No,CD4,Ki67_high,104,61,active,0
M78-4,Male,55,0,0,Yes,NK,Ki67_low,56,19,active,0
N63-69,Female,45,0,0,Yes,FOXP3,Ki67_low,41,48,inactive,0
O409-58,Female,43,1,0,Yes,NK,Ki67_low,187,37,active,0
P89-86,Female,41,0,0,Yes,NK,Ki67_high,67,65,active,0
Q110-99,Male,79,0,0,Yes,FOXP3,Ki67_high,88,78,indifferent,0
R83-84,Female,79,0,0,No,CD68,Ki67_low,61,61,Unknown,0
Z137-96,Male,79,0,0,Yes,FOXP3,Ki67_low,115,75,Unknown,0
A410-78,Female,79,0,0,Yes,FOXP3,Ki67_high,188,57,indifferent,0
B118-89,Female,79,0,0,Yes,NK,Ki67_high,96,68,active,0
X74-55,Female,79,0,0,No,NK,Ki67_high,50,34,active,0
D107-41,Female,79,0,0,Yes,FOXP3,Ki67_high,85,2,active,0
Z93-45,Female,92,0,0,No,CD68,Ki67_high,71,04,Unknown,0
A74-91,Male,81,0,0,Yes,FOXP3,Ki67_high,52,7,active,0
B80-05,Female,81,0,0,No,FOXP3,Ki67_low,57,84,active,0
X99-8,Male,80,0,0,Yes,FOXP3,Ki67_low,77,59,active,0
D91-97,Female,79,0,0,Yes,FOXP3,Ki67_high,69,76,indifferent,0
Z64-4,Female,79,0,0,Yes,CD4,Ki67_high,42,19,inactive,0
A73-04,Male,79,0,0,Yes,CD4,Ki67_high,50,81,active,0
B88-11,Female,79,0,0,No,CD68,Ki67_high,65,9,Unknown,0
A138-49,Male,79,0,0,No,FOXP3,Ki67_low,116,08,Unknown,0
B74-36,Female,78,0,0,No,CD68,Ki67_high,50,15,Unknown,0
X68-76,Female,78,0,0,Yes,FOXP3,Ki67_high,46,55,indifferent,0
D106-44,Male,77,0,0,No,CD68,Ki67_high,84,01,Unknown,0
Z101-54,Female,76,0,0,Yes,FOXP3,Ki67_low,79,31,active,0
A109-51,Male,76,1,1,Yes,CD4,Ki67_high,87,3,active,0
B85-84,Male,75,0,0,No,CD68,Ki67_high,63,63,Unknown,0
X110-15,Male,74,0,0,No,CD68,Ki67_high,87,94,Unknown,0
D91-74,Female,74,0,0,Yes,FOXP3,Ki67_low,69,51,active,0
Z451-6,Male,72,1,0,Yes,NK,Ki67_low,229,39,active,0
A143-1,Male,68,0,0,No,FOXP3,Ki67_low,100,89,active,0
G97-4,Male,68,0,0,Yes,CD4,Ki67_high,75,19,indifferent,0
H68-34,Female,68,0,0,Yes,FOXP3,Ki67_high,46,13,indifferent,0
I80-81,Male,68,0,0,Yes,FOXP3,Ki67_low,58,6,active,0
J140-31,Male,67,0,0,Yes,FOXP3,Ki67_high,98,1,inactive,0
K83-51,Female,65,0,0,Yes,FOXP3,Ki67_high,61,3,active,0
L74-09,Male,62,0,0,No,NK,Ki67_low,51,88,active,0
M91-6,Female,61,0,0,No,FOXP3,Ki67_low,69,39,active,0
N87-54,Female,60,0,0,No,FOXP3,Ki67_low,65,31,active,0
O413-37,Male,59,1,0,Yes,FOXP3,Ki67_high,191,16,active,0
P75-39,Female,59,0,0,Yes,NK,Ki67_high,53,18,active,0
Q144-41,Female,58,0,0,Yes,FOXP3,Ki67_high,100,2,inactive,0
R443-36,Male,58,1,0,Yes,FOXP3,Ki67_high,201,15,indifferent,0
Z84-59,Female,58,0,0,No,CD68,Ki67_high,62,38,Unknown,0
A70-16,Female,57,0,0,No,CD68,Ki67_low,47,95,active,0
B107-54,Female,57,0,0,No,FOXP3,Ki67_high,85,31,Unknown,0
X80-88,Female,57,0,0,Yes,CD4,Ki67_low,58,67,inactive,0
D93-48,Female,56,0,0,Yes,NK,Ki67_high,71,27,Unknown,0
Z70-41,Female,55,0,1,Yes,CD4,Ki67_low,48,24.8,active,0
A86-67,Male,51,0,0,Yes,FOXP3,Ki67_high,64,46,Unknown,0
B101-37,Female,51,0,0,Yes,FOXP3,Ki67_high,79,16,active,0
X105-44,Female,50,0,0,Yes,FOXP3,Ki67_high,83,01,active,0
D70-31,Female,47,0,0,Yes,FOXP3,Ki67_high,48,1,Unknown,0
Z64-06,Male,47,0,0,No,NK,Ki67_high,41,85,Unknown,0
A178-49,Male,46,1,0,Yes,NK,Ki67_high,156,08,active,0
B81-6,Female,45,0,0,No,CD4,Ki67_high,59,39,inactive,0
A147-48,Female,44,0,0,Yes,NK,Ki67_low,125,27,Unknown,0
B86-86,Male,43,0,0,No,CD68,Ki67_low,64,65,active,0
X71-16,Female,43,0,0,Yes,FOXP3,Ki67_high,48,95,inactive,0
D73-4,Female,38,0,0,No,CD68,Ki67_low,50,99,Unknown,0
Z403-81,Female,38,0,0,Yes,FOXP3,Ki67_low,181,6,active,0
A84,Female,81,0,0,No,FOXP3,Ki67_high,59,79,active,0
B97-55,Female,81,0,0,No,FOXP3,Ki67_low,75,34,active,0
X94-49,Male,80,0,0,Yes,CD4,Ki67_low,72,08,Unknown,0
D75-44,Female,79,0,0,No,CD68,Ki67_high,53,01,Unknown,0
Z90-07,Male,79,0,0,Yes,FOXP3,Ki67_low,67,86,Unknown,0
A73-73,Female,79,0,0,Yes,FOXP3,Ki67_low,51,52,indifferent,0
G79-58,Female,78,0,0,Yes,FOXP3,Ki67_low,57,37,active,0
H77-88,Female,78,0,0,No,CD68,Ki67_low,55,67,Unknown,0
I405-46,Female,77,1,0,Yes,FOXP3,Ki67_high,183,05,active,0
J58-63,Female,76,0,0,Yes,FOXP3,Ki67_high,36,42,inactive,0
K139-9,Female,76,0,0,Yes,FOXP3,Ki67_high,117,69,inactive,0
L411-03,Male,76,0,0,Yes,FOXP3,Ki67_low,188,82,indifferent,0
M74-79,Female,76,0,1,Yes,FOXP3,Ki67_low,50,58,active,0
N91-65,Male,74,0,0,Yes,CD4,Ki67_high,69,44,indifferent,0
O79-94,Female,72,0,0,Yes,CD4,Ki67_high,57,71,inactive,0
P445-47,Female,71,0,0,Yes,NK,Ki67_high,203,26,active,0
Q94-48,Male,67,0,0,Yes,CD4,Ki67_low,72,27,active,0
R84-34,Female,66,0,0,Yes,FOXP3,Ki67_low,60,13,active,0
Z180-63,Female,65,0,0,Yes,NK,Ki67_low,158,42,indifferent,0
A94-48,Female,64,0,0,No,CD68,Ki67_high,70,27,Unknown,0
B116-66,Male,62,0,0,Yes,FOXP3,Ki67_high,94,45,indifferent,0
X114-09,Male,60,1,0,Yes,FOXP3,Ki67_low,89,88,active,0
D130-34,Female,59,0,0,No,FOXP3,Ki67_low,108,13,active,0
Z84-59,Female,58,0,0,No,FOXP3,Ki67_low,60,38,active,0
A143-87,Male,58,0,0,Yes,FOXP3,Ki67_high,101,66,Unknown,0
B98-7,Male,58,0,0,No,CD4,Ki67_high,76,49,Unknown,0
X447-1,Female,57,1,0,Yes,NK,Ki67_high,204,89,Unknown,0
D55-39,Male,55,0,0,No,CD68,Ki67_high,33,18,Unknown,0
Z66-07,Male,53,0,0,No,CD4,Ki67_low,43,86,Unknown,0
A104-41,Female,52,0,0,Yes,NK,Ki67_high,82,36.8,active,0
B145-15,Male,51,0,0,Yes,FOXP3,Ki67_low,122,94,Unknown,0
A68-19,Male,50,0,0,Yes,CD4,Ki67_low,45,98,active,0
B97-53,Male,50,0,1,Yes,NK,Ki67_high,75,32,inactive,0
X144-31,Male,50,0,0,No,CD68,Ki67_low,100,1,active,0
D83-51,Male,50,0,0,No,FOXP3,Ki67_low,61,3,active,0
Z86-46,Male,50,0,0,Yes,NK,Ki67_low,64,25,Unknown,0
A114-06,Female,49,0,0,Yes,FOXP3,Ki67_high,89,85,active,0
B94-14,Male,48,0,0,No,FOXP3,Ki67_low,69,93,active,0
X401-76,Male,47,0,1,No,FOXP3,Ki67_high,179,55,indifferent,0
D74-44,Female,44,1,0,Yes,FOXP3,Ki67_low,52,23,inactive,0
Z95-93,Female,44,0,0,Yes,FOXP3,Ki67_high,73,72,Unknown,0
A87-51,Female,43,0,0,No,CD68,Ki67_high,65,3,Unknown,0
G74-35,Female,43,0,0,No,CD68,Ki67_high,50,14,Unknown,0
H113-47,Female,41,0,0,No,CD68,Ki67_high,91,26,Unknown,0
I103-78,Female,41,0,0,No,FOXP3,Ki67_high,81,57,indifferent,0
J115-43,Female,39,0,0,Yes,NK,Ki67_high,93,22,active,0
K95-59,Male,38,0,0,Yes,FOXP3,Ki67_high,73,38,active,0
L101-54,Male,37,0,0,Yes,FOXP3,Ki67_high,79,31,inactive,0
M170-05,Female,82,1,0,Yes,FOXP3,Ki67_high,147,84,inactive,0
N417-3,Female,81,1,0,No,NK,Ki67_high,195,09,active,0
O196-01,Female,81,1,0,Yes,FOXP3,Ki67_low,173,8,active,0
P94-41,Male,81,0,0,Yes,FOXP3,Ki67_low,70,27.3,Unknown,0
Q100-09,Male,79,0,0,Yes,FOXP3,Ki67_high,77,88,active,0
R93-88,Female,79,0,0,No,NK,Ki67_high,71,67,active,0
Z75-05,Female,79,0,0,Yes,FOXP3,Ki67_high,52,84,inactive,0
A70-08,Female,79,0,0,Yes,CD4,Ki67_high,47,87,active,0
B74-4,Female,78,0,0,No,FOXP3,Ki67_low,51,99,inactive,0
X69-01,Female,78,0,0,No,FOXP3,Ki67_high,46,8,active,0
D96-17,Male,78,0,0,No,FOXP3,Ki67_high,73,96,Unknown,0
Z184-15,Male,78,0,0,Yes,CD4,Ki67_low,161,94,Unknown,0
A87-44,Female,78,0,0,Yes,CD4,Ki67_low,65,03,indifferent,0
B198-69,Male,78,1,0,Yes,FOXP3,Ki67_high,176,48,inactive,0
X84-58,Male,78,0,0,No,CD68,Ki67_low,60,37,Unknown,0
D96-88,Female,78,0,0,Yes,NK,Ki67_high,74,67,Unknown,0
Z73-34,Female,78,0,1,Yes,NK,Ki67_low,51,11,Unknown,0
A94-59,Male,77,0,0,No,CD68,Ki67_high,72,38,Unknown,0
B134-08,Female,73,0,0,Yes,NK,Ki67_high,109,87,inactive,0
A98-99,Female,73,0,0,Yes,FOXP3,Ki67_low,76,78,active,0
B104-48,Male,71,0,0,No,FOXP3,Ki67_high,82,27,active,0
X98-01,Male,70,0,0,Yes,FOXP3,Ki67_high,75,8,Unknown,0
D79-14,Female,69,0,0,Yes,NK,Ki67_high,56,93,indifferent,0
Z89-34,Male,68,0,0,Yes,FOXP3,Ki67_low,67,11,Unknown,0
A65-44,Male,68,0,0,No,FOXP3,Ki67_high,43,03,Unknown,0
B80-98,Male,68,0,0,Yes,FOXP3,Ki67_high,58,77,indifferent,0
X186-17,Male,68,0,0,Yes,NK,Ki67_low,163,96,Unknown,0
D69-44,Female,66,0,0,No,FOXP3,Ki67_high,47,03,active,0
Z111-19,Female,65,0,0,Yes,FOXP3,Ki67_high,88,98,indifferent,0
A93-48,Female,65,0,0,Yes,FOXP3,Ki67_low,71,07,active,0
G144-19,Male,65,0,0,No,CD68,Ki67_high,99,98,Unknown,0
H149-53,Female,63,0,0,No,CD68,Ki67_high,107,32,active,0
I114-53,Female,63,0,0,No,CD68,Ki67_high,92,32,Unknown,0
J93-73,Female,61,0,0,No,FOXP3,Ki67_low,71,52,inactive,0
K77-49,Female,60,0,0,Yes,FOXP3,Ki67_low,55,28,indifferent,0
L65-38,Female,59,0,0,Yes,FOXP3,Ki67_low,43,17,indifferent,0
M94-18,Female,58,0,0,Yes,FOXP3,Ki67_low,71,97,active,0
N118-7,Male,57,0,0,Yes,NK,Ki67_low,96,49,Unknown,0
O96-49,Female,56,0,0,Yes,CD4,Ki67_low,74,08,inactive,0
P74-64,Male,55,1,0,Yes,FOXP3,Ki67_high,52,43,inactive,0
Q96-99,Female,55,0,0,Yes,FOXP3,Ki67_low,74,78,indifferent,0
R100-61,Female,55,0,0,Yes,FOXP3,Ki67_high,78,4,Unknown,0
Z97-08,Male,55,0,0,Yes,FOXP3,Ki67_high,74,87,Unknown,0
A84-79,Female,54,0,0,Yes,FOXP3,Ki67_high,62,58,active,0
B78-75,Female,52,0,0,Yes,FOXP3,Ki67_high,56,54,indifferent,0
X84-93,Female,51,0,0,Yes,FOXP3,Ki67_high,60,72,inactive,0
D88-78,Male,51,0,0,Yes,FOXP3,Ki67_low,66,57,inactive,0
Z144-1,Male,49,0,0,No,FOXP3,Ki67_low,99,89,inactive,0
A74-81,Male,49,0,0,No,CD4,Ki67_high,52,6,inactive,0
B183-45,Female,42,0,0,Yes,FOXP3,Ki67_low,161,24,inactive,0
X114-94,Female,42,0,0,Yes,NK,Ki67_low,92,73,active,0
D104-38,Female,38,0,0,Yes,NK,Ki67_high,82,17,indifferent,0
Z104-91,Male,37,0,0,Yes,FOXP3,Ki67_low,80,7,Unknown,0
A108-79,Male,72,0,0,No,CD68,Ki67_high,86,58,Unknown,0
B73-31,Female,72,0,0,Yes,FOXP3,Ki67_low,51,1,active,0
A68-54,Male,56,0,0,Yes,NK,Ki67_low,46,31,active,0
B89-77,Male,93,0,0,Yes,FOXP3,Ki67_high,67,56,inactive,0
X104-64,Male,82,0,0,Yes,FOXP3,Ki67_low,80,43,active,0
D70-94,Female,81,0,0,Yes,CD4,Ki67_low,48,71,active,0
Z86-11,Female,80,0,0,No,CD68,Ki67_high,63,9,Unknown,0
A149-16,Female,80,0,0,Yes,FOXP3,Ki67_low,106,95,active,0
B113-85,Female,80,0,0,Yes,CD4,Ki67_low,91,64,active,0
X79-35,Female,80,0,0,Yes,FOXP3,Ki67_high,57,14,indifferent,0
D80-79,Female,79,0,0,Yes,FOXP3,Ki67_high,58,58,Unknown,0
Z114-01,Male,79,1,0,Yes,NK,Ki67_low,91,8,indifferent,0
A93-74,Male,79,0,0,No,FOXP3,Ki67_high,71,53,active,0
G90-65,Female,79,0,0,Yes,FOXP3,Ki67_high,68,44,Unknown,0
H98-41,Male,78,0,0,Yes,FOXP3,Ki67_low,76,2,active,0
I147-18,Female,78,0,0,No,FOXP3,Ki67_low,104,97,Unknown,0
J138-06,Female,78,0,0,No,CD68,Ki67_low,115,85,Unknown,0
K89-44,Male,78,0,0,Yes,FOXP3,Ki67_low,67,23,active,0
L105-61,Male,78,0,0,Yes,NK,Ki67_low,83,4,Unknown,0
M155-43,Female,78,0,0,No,FOXP3,Ki67_high,133,22,active,0
N80-83,Female,78,0,0,Yes,FOXP3,Ki67_high,58,62,Unknown,0
O80-19,Female,77,0,0,Yes,FOXP3,Ki67_low,57,98,active,0
P60-34,Male,75,0,0,Yes,CD4,Ki67_low,38,13,indifferent,0
Q79-3,Female,74,0,0,Yes,NK,Ki67_low,57,09,indifferent,0
R98-44,Female,71,0,0,Yes,NK,Ki67_low,76,23,Unknown,0
Z410-48,Male,71,0,0,Yes,FOXP3,Ki67_high,188,27,active,0
A70-34,Male,70,0,0,No,FOXP3,Ki67_high,48,13,Unknown,0
B144-44,Male,68,0,0,No,CD68,Ki67_low,100,01,Unknown,0
X75-49,Female,68,0,0,Yes,FOXP3,Ki67_high,53,08,inactive,0
D100-35,Male,67,0,0,No,FOXP3,Ki67_high,78,14,active,0
Z193-83,Male,66,0,0,Yes,FOXP3,Ki67_low,171,62,active,0
A146-96,Female,66,0,0,No,CD68,Ki67_low,104,75,Unknown,0
B183-34,Female,65,0,0,Yes,FOXP3,Ki67_low,161,13,indifferent,0
X447-69,Male,65,0,0,Yes,FOXP3,Ki67_low,225,48,Unknown,0
D76-4,Female,63,0,0,Yes,NK,Ki67_high,53,99,active,0
Z71-43,Male,63,0,0,No,CD68,Ki67_high,49,22,Unknown,0
A93-36,Female,62,0,0,No,FOXP3,Ki67_high,71,15,active,0
B61-49,Male,62,0,0,No,FOXP3,Ki67_low,39,08,active,0
A103-64,Male,61,0,0,Yes,FOXP3,Ki67_low,81,41,Unknown,0
B100-54,Male,61,0,0,No,CD68,Ki67_high,78,31,Unknown,0
X191-47,Female,60,0,0,Yes,CD4,Ki67_high,169,26,active,0
D67-06,Male,60,0,0,No,CD68,Ki67_low,44,85,Unknown,0
Z144-1,Male,59,0,1,Yes,FOXP3,Ki67_low,121,89,active,0
A58-46,Female,59,0,0,No,CD68,Ki67_low,36,05,Unknown,0
B439-84,Female,59,0,0,Yes,NK,Ki67_low,217,61,active,0
X73-71,Female,59,0,0,No,CD68,Ki67_high,51,5,Unknown,0
D88-53,Female,58,1,0,Yes,FOXP3,Ki67_high,66,32,active,0
Z114-79,Male,57,0,0,No,FOXP3,Ki67_low,92,58,Unknown,0
A113-8,Male,57,0,0,No,FOXP3,Ki67_high,91,59,indifferent,0
G71-91,Female,57,0,0,No,NK,Ki67_low,49,7,Unknown,0
H65-3,Female,54,0,0,No,NK,Ki67_low,43,09,active,0
I189-57,Male,53,0,0,Yes,FOXP3,Ki67_low,167,36,active,0
J114-45,Female,52,1,0,Yes,NK,Ki67_low,92,04,indifferent,0
K81-46,Male,51,0,0,Yes,FOXP3,Ki67_low,59,05,indifferent,0
L87-88,Female,51,0,0,Yes,FOXP3,Ki67_low,65,67,inactive,0
M114-17,Male,51,0,0,No,FOXP3,Ki67_low,89,96,Unknown,0
Z99-97,Male,51,0,0,Yes,FOXP3,Ki67_high,77,76,active,0
A407-58,Male,50,0,0,No,FOXP3,Ki67_low,185,37,inactive,0
B109-16,Female,49,1,0,Yes,FOXP3,Ki67_low,86,95,inactive,0
X74-46,Female,49,0,0,No,FOXP3,Ki67_low,52,25,indifferent,0
D118-51,Female,48,0,0,Yes,FOXP3,Ki67_high,96,3,active,0
Z107-47,Female,48,0,0,Yes,NK,Ki67_low,85,26,indifferent,0
A184-86,Male,44,0,0,No,NK,Ki67_high,160,65,Unknown,0
B59-17,Female,44,0,0,Yes,FOXP3,Ki67_high,36,96,Unknown,0
X415-64,Male,43,0,0,Yes,FOXP3,Ki67_high,193,43,indifferent,0
D163-7,Male,43,0,0,No,CD68,Ki67_high,141,49,Unknown,0
Z196-36,Female,39,0,1,Yes,FOXP3,Ki67_high,174,15,indifferent,0
A139-77,Female,39,0,0,No,FOXP3,Ki67_high,117,56,Unknown,0
B141-43,Female,38,0,0,Yes,NK,Ki67_low,119,02,active,0
A89-99,Female,55,0,0,Yes,FOXP3,Ki67_low,67,78,indifferent,0
B108-53,Male,56,0,0,Yes,FOXP3,Ki67_low,86,32,inactive,0
X63-61,Male,74,0,0,Yes,FOXP3,Ki67_low,41,4,Unknown,0
D85-54,Male,83,0,0,Yes,FOXP3,Ki67_low,63,33,inactive,0
Z100-83,Female,82,0,0,Yes,FOXP3,Ki67_low,78,62,active,0
A59-84,Female,82,0,0,Yes,FOXP3,Ki67_low,37,61,active,0
B105-95,Female,81,1,0,Yes,FOXP3,Ki67_low,83,74,inactive,0
X188-11,Female,81,0,0,Yes,FOXP3,Ki67_high,165,9,inactive,0
D71-15,Female,80,0,0,Yes,NK,Ki67_low,48,94,indifferent,0
Z60-53,Female,80,0,0,No,CD68,Ki67_high,38,32,Unknown,0
A405-5,Male,78,0,0,No,CD68,Ki67_high,183,29,active,0
G404-86,Female,78,1,0,Yes,FOXP3,Ki67_low,182,65,active,0
H115-03,Female,77,0,0,No,NK,Ki67_high,92,82,active,0
I79-87,Male,77,0,0,Yes,FOXP3,Ki67_high,57,66,active,0
J97-89,Female,77,0,0,Yes,CD4,Ki67_high,75,68,active,0
K145-46,Male,76,0,0,No,FIBRO,Ki67_low,103,05,active,0
L114-34,Male,76,0,0,Yes,FOXP3,Ki67_high,92,11,inactive,0
M94-43,Male,74,0,0,No,CD68,Ki67_low,70,02,Unknown,0
N83-51,Male,74,0,0,Yes,FOXP3,Ki67_low,61,3,active,0
O104-34,Female,74,0,0,No,CD68,Ki67_low,80,13,Unknown,0
P144-48,Male,74,0,0,Yes,FOXP3,Ki67_high,122,27,inactive,0
Q88-39,Male,74,0,0,No,CD68,Ki67_high,66,18,Unknown,0
R448-08,Female,73,0,0,Yes,FOXP3,Ki67_high,205,87,Unknown,0
Z93-79,Male,73,0,0,Yes,CD4,Ki67_low,71,58,active,0
A147-14,Male,73,0,0,Yes,FOXP3,Ki67_high,124,93,Unknown,0
B106-43,Male,72,0,0,No,NK,Ki67_high,84,22,inactive,0
X88-04,Female,71,0,0,No,FOXP3,Ki67_high,65,83,active,0
D94-4,Female,71,0,0,Yes,FOXP3,Ki67_low,69,99,Unknown,0
Z419-53,Female,70,0,0,Yes,CD4,Ki67_low,197,32,active,0
A75-56,Female,69,0,0,Yes,CD4,Ki67_high,53,35,inactive,0
B158-31,Male,69,0,0,Yes,FOXP3,Ki67_low,136,1,indifferent,0
X111-43,Male,68,0,0,Yes,FOXP3,Ki67_low,89,22,inactive,0
D419-97,Male,68,0,0,Yes,FOXP3,Ki67_high,197,76,active,0
Z148-91,Female,68,0,0,Yes,FOXP3,Ki67_high,126,7,active,0
A69-4,Female,67,0,0,Yes,FOXP3,Ki67_low,47,19,active,0
B68-34,Female,67,0,0,Yes,FOXP3,Ki67_high,46,13,Unknown,0
A58-37,Male,67,0,1,Yes,NK,Ki67_low,36,16,inactive,0
B71-4,Female,66,0,0,Yes,FOXP3,Ki67_low,48,99,active,0
X101-5,Male,66,0,1,No,FOXP3,Ki67_high,79,29,inactive,0
D94-04,Female,65,0,0,Yes,CD4,Ki67_low,69,83,active,0
Z73,Female,65,0,0,No,CD4,Ki67_high,50,79,active,0
A111-15,Female,63,0,0,Yes,NK,Ki67_low,88,94,inactive,0
B58-65,Female,63,0,0,Yes,NK,Ki67_high,36,44,active,0
X100-54,Male,62,0,0,Yes,FOXP3,Ki67_low,78,33,active,0
D111-73,Male,61,0,0,Yes,CD4,Ki67_high,89,52,active,0
Z97-78,Female,60,0,0,Yes,CD4,Ki67_low,75,57,Unknown,0
A85-79,Male,59,0,0,No,FOXP3,Ki67_high,63,58,Unknown,0
G98-54,Male,59,0,0,Yes,FOXP3,Ki67_high,76,33,active,0
H94-64,Female,59,0,1,Yes,FOXP3,Ki67_low,72,41,indifferent,0
I114-43,Female,59,0,0,Yes,FOXP3,Ki67_high,90,22,active,0
J99-67,Male,59,0,0,Yes,NK,Ki67_low,77,46,indifferent,0
K67-39,Male,58,0,0,No,FOXP3,Ki67_low,45,18,Unknown,0
L95-14,Female,57,0,0,Yes,FOXP3,Ki67_low,72,91,active,0
M85-06,Male,57,0,0,No,CD68,Ki67_high,62,85,active,0
N414-05,Male,56,0,0,Yes,FOXP3,Ki67_high,191,84,indifferent,0
O79-09,Female,55,0,1,Yes,NK,Ki67_low,56,88,active,0
P98-09,Female,55,0,0,Yes,NK,Ki67_low,75,88,active,0
Q76-36,Male,55,0,0,Yes,NK,Ki67_low,54,15,Unknown,0
R98-44,Female,54,0,0,No,NK,Ki67_low,76,21,indifferent,0
Z84-01,Female,54,0,0,No,FOXP3,Ki67_low,59,8,indifferent,0
A56-11,Female,53,0,0,Yes,FOXP3,Ki67_high,33,9,inactive,0
B111-85,Male,53,0,0,Yes,CD4,Ki67_high,89,64,active,0
X94-39,Female,51,0,0,Yes,NK,Ki67_low,70,18,active,0
D114-54,Male,51,1,0,Yes,NK,Ki67_low,90,33,indifferent,0
Z63-71,Female,50,0,0,Yes,FOXP3,Ki67_low,41,5,indifferent,0
A70-35,Female,49,0,0,Yes,FOXP3,Ki67_low,48,14,indifferent,0
B94-65,Male,48,1,0,Yes,FOXP3,Ki67_low,72,44,indifferent,0
X64-64,Female,47,0,0,Yes,FOXP3,Ki67_high,42,43,active,0
D57-47,Female,47,0,0,No,CD68,Ki67_high,35,06,Unknown,0
Z107-45,Female,47,0,0,No,CD68,Ki67_low,85,04,Unknown,0
A77-14,Female,45,0,0,No,NK,Ki67_high,54,91,active,0
B55-34,Male,45,0,0,Yes,NK,Ki67_low,33,11,inactive,0
A69-37,Male,44,0,0,No,FOXP3,Ki67_high,47,16,Unknown,0
B57-57,Female,44,0,0,No,NK,Ki67_low,35,36,active,0
X87-43,Male,44,0,0,Yes,FOXP3,Ki67_low,65,22,Unknown,0
D98-73,Female,44,0,0,Yes,FOXP3,Ki67_high,76,52,active,0
Z81-18,Male,44,0,0,Yes,FOXP3,Ki67_high,58,97,active,0
A56-43,Female,44,0,0,Yes,CD4,Ki67_high,34,02,active,0
B69-61,Male,40,1,0,Yes,NK,Ki67_high,47,4,active,0
X59-49,Male,38,0,0,No,CD68,Ki67_high,37,28,Unknown,0
D118-14,Female,38,1,0,No,FOXP3,Ki67_high,95,93,indifferent,0
Z100-46,Male,81,0,0,Yes,CD4,Ki67_high,78,05,Unknown,0
A56-75,Male,80,0,0,Yes,NK,Ki67_high,34,54,active,0
G88-47,Male,80,0,1,Yes,FOXP3,Ki67_low,66,06,active,0
H67-81,Female,79,0,0,No,FOXP3,Ki67_low,45,6,active,0
I77-46,Female,79,0,0,Yes,CD4,Ki67_high,55,25,active,0
J76-46,Male,78,0,0,No,CD68,Ki67_low,54,05,active,0
K86-39,Female,78,0,0,Yes,CD4,Ki67_high,64,18,active,0
L116-38,Female,77,0,0,Yes,FOXP3,Ki67_low,94,17,indifferent,0
M75-74,Female,76,0,0,Yes,FOXP3,Ki67_high,53,53,inactive,0
N94-14,Male,76,0,0,Yes,FOXP3,Ki67_high,69,93,Unknown,0
O149-95,Female,76,0,0,No,FOXP3,Ki67_high,127,74,active,0
P94-11,Male,76,1,0,Yes,CD4,Ki67_low,69,9,active,0
Q74-98,Female,74,0,0,No,FOXP3,Ki67_high,52,77,active,0
R55-45,Male,73,0,0,No,FOXP3,Ki67_low,33,04,active,0
Z79-89,Female,71,0,0,No,CD68,Ki67_high,57,68,Unknown,0
A130-61,Female,70,0,0,No,CD68,Ki67_low,108,4,Unknown,0
B94-46,Male,70,0,0,No,FOXP3,Ki67_low,72,05,Unknown,0
X94-34,Male,69,0,0,No,FOXP3,Ki67_low,72,13,indifferent,0
D109-03,Female,68,0,0,Yes,FOXP3,Ki67_low,86,82,indifferent,0
Z81-03,Female,68,1,0,Yes,FOXP3,Ki67_high,58,82,active,0
A99-84,Female,67,1,0,Yes,FOXP3,Ki67_high,77,61,active,0
B140-08,Female,66,0,0,Yes,NK,Ki67_low,117,87,active,0
X59-54,Female,66,0,0,Yes,NK,Ki67_low,37,33,Unknown,0
D80-33,Female,65,0,0,No,FOXP3,Ki67_low,58,12,active,0
Z131-51,Female,62,0,0,No,CD68,Ki67_low,109,3,active,0
A89-41,Female,60,0,0,Yes,FOXP3,Ki67_high,67,21.6,indifferent,0
B91-45,Female,60,0,0,Yes,FOXP3,Ki67_high,69,24,active,0
A90-58,Female,59,0,0,No,CD68,Ki67_high,68,37,Unknown,0
B91-45,Female,58,0,0,Yes,FOXP3,Ki67_low,69,24,Unknown,0
X89-63,Female,57,0,0,Yes,FOXP3,Ki67_high,67,42,inactive,0
D144-06,Female,53,0,0,Yes,FOXP3,Ki67_low,101,85,active,0
Z99-47,Female,45,1,0,Yes,FOXP3,Ki67_high,77,26,active,0
A88-97,Male,44,0,0,Yes,FOXP3,Ki67_low,66,76,active,0
B80-93,Female,42,0,0,Yes,FOXP3,Ki67_high,58,72,active,0
X104-07,Female,56,0,0,Yes,FOXP3,Ki67_low,79,86,inactive,0
D91-69,Female,82,0,0,No,FOXP3,Ki67_high,69,48,Unknown,0
Z63-71,Female,82,0,0,Yes,FOXP3,Ki67_low,41,5,inactive,0
A400-49,Female,81,0,0,Yes,CD4,Ki67_high,178,28,inactive,0
G75-3,Male,81,0,0,Yes,FOXP3,Ki67_high,53,09,indifferent,0
H440-71,Female,81,0,0,Yes,FOXP3,Ki67_low,218,5,indifferent,0
I60-5,Female,79,0,0,No,FOXP3,Ki67_low,38,29,indifferent,0
J131-85,Female,78,0,0,Yes,NK,Ki67_high,109,64,Unknown,0
K134-39,Female,78,0,0,No,NK,Ki67_high,112,18,indifferent,0
L56-18,Male,78,0,0,Yes,FOXP3,Ki67_low,33,97,active,0
M113-64,Female,77,1,0,Yes,FOXP3,Ki67_high,91,43,indifferent,0
N156-57,Female,77,0,0,No,FOXP3,Ki67_high,134,36,Unknown,0
O80-4,Female,76,1,0,No,FOXP3,Ki67_high,58,19,active,0
P59-46,Male,76,0,0,No,FOXP3,Ki67_low,37,05,inactive,0
Q63-46,Female,74,0,0,No,CD68,Ki67_high,41,05,Unknown,0
R86-44,Female,74,0,0,Yes,FOXP3,Ki67_low,64,03,active,0
Z197-1,Male,74,0,0,Yes,FOXP3,Ki67_low,174,89,indifferent,0
A90-9,Female,73,0,0,Yes,NK,Ki67_low,68,69,indifferent,0
B84-59,Female,69,0,0,No,FOXP3,Ki67_high,62,38,Unknown,0
X141-8,Male,68,0,0,No,CD68,Ki67_high,99,59,Unknown,0
D77-65,Male,66,0,0,Yes,FOXP3,Ki67_high,55,44,inactive,0
Z64-41,Male,65,0,0,Yes,FOXP3,Ki67_low,42,2,inactive,0
A75-19,Female,65,0,0,No,FOXP3,Ki67_low,52,98,inactive,0
B67-97,Female,63,0,0,Yes,NK,Ki67_high,45,76,inactive,0
X119-34,Male,63,0,0,No,FOXP3,Ki67_low,97,13,active,0
D94-94,Male,62,0,0,No,FOXP3,Ki67_high,72,71,active,0
Z107-44,Female,62,0,0,Yes,CD4,Ki67_high,85,21,active,0
A85-04,Male,61,0,0,No,CD68,Ki67_high,62,81,Unknown,0
B103-51,Male,60,0,0,Yes,FOXP3,Ki67_low,81,3,active,0
A114-5,Female,60,0,0,Yes,FOXP3,Ki67_low,92,29,indifferent,0
B70-78,Male,59,0,0,No,CD68,Ki67_low,48,57,Unknown,0
X95-01,Male,59,0,0,Yes,NK,Ki67_high,72,8,inactive,0
D84-11,Male,56,0,0,Yes,FOXP3,Ki67_low,61,9,active,0
Z74-04,Female,52,0,0,Yes,FOXP3,Ki67_low,51,81,active,0
A78-49,Male,52,0,0,Yes,FOXP3,Ki67_low,56,28,inactive,0
B74-44,Female,49,0,0,Yes,CD4,Ki67_low,52,01,Unknown,0
X55-34,Female,46,0,0,Yes,FOXP3,Ki67_low,33,13,inactive,0
D75-04,Female,43,0,0,No,FOXP3,Ki67_high,52,83,active,0
Z109-73,Male,43,0,0,Yes,FOXP3,Ki67_high,87,52,active,0
A95-81,Female,40,0,0,No,CD68,Ki67_low,73,6,Unknown,0
G96-78,Male,38,0,0,No,FOXP3,Ki67_high,74,57,inactive,0
H194-64,Female,72,1,0,Yes,FOXP3,Ki67_low,172,41,active,0
I70-04,Female,82,0,1,Yes,FOXP3,Ki67_high,47,81,active,0
J444-41,Male,82,0,0,Yes,FOXP3,Ki67_low,200,41.1,inactive,0
K64-41,Female,82,0,0,Yes,CD4,Ki67_high,40,2,active,0
L55-83,Male,81,0,0,Yes,NK,Ki67_low,33,62,active,0
M65-14,Male,79,0,0,Yes,CD4,Ki67_high,42,91,active,0
N73-64,Male,79,0,0,No,CD68,Ki67_high,51,41,Unknown,0
O85-83,Female,79,1,0,Yes,FOXP3,Ki67_low,63,62,indifferent,0
P103-86,Female,79,0,0,No,FOXP3,Ki67_low,81,65,Unknown,0
Q60-98,Female,79,0,0,No,CD68,Ki67_low,38,77,Unknown,0
R84-69,Female,79,0,0,Yes,FOXP3,Ki67_high,60,48,Unknown,0
Z450-4,Female,78,0,0,Yes,FOXP3,Ki67_high,227,99,Unknown,0
A148-97,Female,77,0,0,No,FOXP3,Ki67_high,106,76,Unknown,0
B84-31,Male,76,0,0,No,FOXP3,Ki67_high,62,1,active,0
X74-8,Male,76,0,0,Yes,CD4,Ki67_high,52,59,active,0
D97-06,Female,74,1,0,No,FOXP3,Ki67_low,74,85,indifferent,0
Z77-54,Female,72,0,0,Yes,FOXP3,Ki67_low,55,33,Unknown,0
A94-78,Female,68,0,0,No,FOXP3,Ki67_high,70,57,active,0
B173-43,Female,66,0,0,No,FOXP3,Ki67_high,151,22,inactive,0
X79-08,Female,66,0,0,Yes,FOXP3,Ki67_low,56,87,active,0
D106-18,Female,65,0,0,Yes,FOXP3,Ki67_low,83,97,inactive,0
Z114-41,Female,62,0,0,Yes,FOXP3,Ki67_high,92,21.3,active,0
A91-08,Female,62,0,0,No,FOXP3,Ki67_high,68,87,active,0
B105-77,Male,61,0,0,Yes,FOXP3,Ki67_low,83,56,Unknown,0
A74-88,Male,61,0,0,Yes,FOXP3,Ki67_high,52,67,inactive,0
B143-15,Male,60,0,0,Yes,FOXP3,Ki67_high,100,94,inactive,0
X184-45,Male,59,0,0,No,FOXP3,Ki67_high,162,04,active,0
D117-69,Male,59,0,0,Yes,CD4,Ki67_high,95,48,active,0
Z55-46,Male,59,0,0,Yes,FOXP3,Ki67_high,33,05,Unknown,0
A106-51,Female,59,0,0,Yes,FOXP3,Ki67_low,84,3,active,0
B55-47,Female,58,0,0,Yes,CD4,Ki67_high,33,06,indifferent,0
X98-44,Male,58,0,0,No,NK,Ki67_low,76,21,Unknown,0
D99-4,Female,57,0,0,Yes,FOXP3,Ki67_high,76,99,active,0
Z98-94,Male,56,0,0,Yes,FOXP3,Ki67_low,76,71,indifferent,0
A94-7,Female,55,0,0,Yes,FOXP3,Ki67_high,70,49,active,0
G106-7,Male,55,0,0,No,FOXP3,Ki67_high,84,49,active,0
H154-81,Male,54,0,0,No,CD68,Ki67_low,130,6,Unknown,0
I84-59,Female,54,0,0,Yes,FOXP3,Ki67_low,60,38,indifferent,0
J91,Female,53,1,0,Yes,NK,Ki67_low,68,79,active,0
K93-88,Male,52,0,0,No,CD68,Ki67_low,71,67,Unknown,0
L76-99,Female,52,0,0,Yes,FOXP3,Ki67_low,54,78,active,0
M454-6,Female,49,0,1,Yes,FOXP3,Ki67_high,232,39,Unknown,0
N93-99,Female,49,1,0,Yes,FOXP3,Ki67_high,71,78,indifferent,0
O109-68,Female,47,0,0,Yes,FOXP3,Ki67_low,87,47,active,0
P94-04,Female,44,1,0,Yes,FOXP3,Ki67_high,69,83,active,0
Q111-41,Female,43,0,0,Yes,FOXP3,Ki67_high,89,2,active,0
R97-94,Female,42,0,0,Yes,FOXP3,Ki67_high,75,71,active,0
Z65-61,Male,41,0,0,No,FOXP3,Ki67_low,43,4,Unknown,0
A64-37,Male,41,0,0,No,FOXP3,Ki67_low,40,16,active,0
B101-48,Female,72,0,0,No,FOXP3,Ki67_low,79,07,active,0
X88-31,Female,81,0,0,Yes,FOXP3,Ki67_high,66,1,inactive,0
D103-55,Female,81,0,0,Yes,CD4,Ki67_high,81,34,indifferent,0
Z60-46,Female,81,0,0,No,FOXP3,Ki67_low,38,05,active,0
A79-39,Female,79,0,0,No,FOXP3,Ki67_low,57,18,active,0
B144-01,Female,79,0,0,No,FOXP3,Ki67_low,99,8,inactive,0
X78-09,Female,79,0,0,No,CD68,Ki67_high,55,88,Unknown,0
D89-7,Female,78,0,0,Yes,FOXP3,Ki67_low,67,49,inactive,0
Z95-1,Female,78,0,0,Yes,FOXP3,Ki67_high,72,89,active,0
A114-64,Male,77,0,0,Yes,NK,Ki67_high,90,43,indifferent,0
B79-8,Female,77,0,0,Yes,FOXP3,Ki67_high,57,59,indifferent,0
A84-4,Female,76,0,0,Yes,FOXP3,Ki67_low,59,99,Unknown,0
B108-89,Female,71,0,0,No,FOXP3,Ki67_low,86,68,Unknown,0
X114-34,Male,71,0,0,Yes,FOXP3,Ki67_high,92,11,active,0
D116-14,Female,67,0,0,No,CD4,Ki67_high,93,93,active,0
Z144-74,Female,65,0,0,Yes,CD4,Ki67_low,100,53,Unknown,0
A94-04,Female,60,0,0,Yes,FOXP3,Ki67_low,71,83,active,0
B86-6,Male,59,0,0,Yes,FOXP3,Ki67_high,64,39,active,0
X84-34,Male,58,0,0,Yes,FOXP3,Ki67_high,60,11,Unknown,0
D83-83,Female,58,0,0,Yes,FOXP3,Ki67_high,61,62,active,0
Z106-98,Male,56,0,0,No,CD4,Ki67_low,84,77,active,0
A93-88,Female,56,0,0,No,CD68,Ki67_low,71,67,Unknown,0
G70-53,Male,55,0,0,Yes,CD4,Ki67_low,48,32,inactive,0
H414-01,Male,53,1,0,Yes,CD4,Ki67_high,189,8,active,0
I65-88,Male,51,0,0,No,CD68,Ki67_high,43,67,Unknown,0
J106-97,Male,51,0,0,No,CD4,Ki67_high,84,76,indifferent,0
K146-35,Male,51,0,0,Yes,FOXP3,Ki67_low,104,14,active,0
L149-16,Female,47,0,0,No,FOXP3,Ki67_low,106,95,Unknown,0
M88-66,Female,46,1,0,Yes,CD4,Ki67_high,66,45,indifferent,0
N114-95,Male,43,0,0,Yes,CD4,Ki67_high,90,74,indifferent,0
O81-59,Male,42,0,0,Yes,CD4,Ki67_low,59,38,active,0
P76-84,Female,81,0,0,Yes,CD4,Ki67_high,54,61,active,0
Q73-75,Male,80,0,0,Yes,CD4,Ki67_high,51,54,inactive,0
R91-56,Female,78,1,0,Yes,FOXP3,Ki67_low,69,35,active,0
Z104-55,Female,78,0,0,Yes,CD4,Ki67_high,82,34,active,0
A84-84,Female,78,0,0,Yes,CD4,Ki67_low,62,63,Unknown,0
B86-06,Male,78,1,1,Yes,CD4,Ki67_high,63,85,active,0
X109-1,Male,78,0,0,No,CD68,Ki67_high,86,89,Unknown,0
D68-35,Male,78,0,0,Yes,FOXP3,Ki67_high,46,14,active,0
Z141-04,Female,76,0,0,Yes,FOXP3,Ki67_low,98,83,Unknown,0
A160-83,Male,74,0,0,No,CD68,Ki67_high,138,62,Unknown,0
B85-64,Female,71,0,0,Yes,FOXP3,Ki67_high,63,41,inactive,0
X74-43,Female,70,0,0,Yes,CD4,Ki67_low,52,02,indifferent,0
D110-76,Female,69,0,0,No,FOXP3,Ki67_low,88,55,indifferent,0
Z79-44,Female,69,0,0,No,CD4,Ki67_low,57,23,active,0
A119-54,Female,68,0,0,Yes,FOXP3,Ki67_high,97,31,active,0
B90-44,Female,68,0,0,Yes,FOXP3,Ki67_high,68,21,active,0
A109-34,Female,68,0,0,No,CD68,Ki67_low,87,11,Unknown,0
B78-16,Male,68,1,0,Yes,CD4,Ki67_high,55,95,active,0
X79-13,Female,66,0,0,No,FOXP3,Ki67_high,56,92,indifferent,0
D84-06,Female,66,0,0,No,NK,Ki67_low,61,85,active,0
Z89-3,Male,66,0,0,No,CD68,Ki67_high,67,09,Unknown,0
A69-41,Female,66,0,0,Yes,FOXP3,Ki67_low,47,33.1,active,0
B186-45,Male,65,0,0,Yes,CD4,Ki67_high,164,24,active,0
X58-47,Male,63,0,0,Yes,FOXP3,Ki67_low,36,26,active,0
D189-49,Female,61,0,0,Yes,CD4,Ki67_high,167,28,Unknown,0
Z99-6,Female,61,1,0,Yes,NK,Ki67_low,77,39,indifferent,0
A146-18,Female,60,0,0,No,CD68,Ki67_high,103,97,Unknown,0
G186-34,Male,59,0,0,Yes,FOXP3,Ki67_low,164,11,inactive,0
H64-49,Female,59,0,0,No,FOXP3,Ki67_high,40,28,active,0
I74-51,Female,59,0,0,Yes,FOXP3,Ki67_high,52,3,active,0
J94-63,Female,56,0,0,Yes,NK,Ki67_low,72,42,active,0
K91-98,Female,54,0,0,Yes,FOXP3,Ki67_high,69,77,inactive,0
L56-77,Male,53,0,0,No,CD68,Ki67_high,34,56,Unknown,0
M75-87,Female,52,0,0,Yes,FOXP3,Ki67_low,53,66,active,0
Z77-19,Female,52,0,0,No,FOXP3,Ki67_high,54,98,inactive,0
A135-75,Male,49,0,0,Yes,FOXP3,Ki67_low,113,54,inactive,0
B100-15,Female,48,0,0,Yes,FOXP3,Ki67_high,77,94,inactive,0
X95-08,Male,48,0,0,No,FOXP3,Ki67_low,72,87,active,0
D145-38,Female,43,0,0,Yes,FOXP3,Ki67_low,103,17,inactive,0
Z111-71,Male,43,0,0,Yes,FOXP3,Ki67_low,89,5,indifferent,0
A94-64,Male,43,0,0,Yes,NK,Ki67_high,72,43,active,0
B446-7,Male,43,0,0,Yes,FOXP3,Ki67_low,204,49,inactive,0
X114-96,Female,82,0,0,No,FOXP3,Ki67_low,90,75,active,0
D183-1,Female,82,0,1,Yes,FOXP3,Ki67_high,160,89,active,0
Z105-36,Female,81,0,0,Yes,FOXP3,Ki67_low,83,15,Unknown,0
A84-13,Female,81,0,0,Yes,FOXP3,Ki67_low,61,92,active,0
B104-47,Male,81,0,0,Yes,FOXP3,Ki67_high,80,26,indifferent,0
A77-04,Female,79,1,0,Yes,CD4,Ki67_high,54,83,active,0
B83-43,Female,78,0,0,No,FOXP3,Ki67_high,61,02,active,0
X87-01,Female,78,0,0,Yes,FOXP3,Ki67_high,64,8,active,0
D56-99,Male,78,0,0,Yes,FOXP3,Ki67_high,34,78,active,0
Z73-01,Male,73,0,0,Yes,FOXP3,Ki67_high,50,8,indifferent,0
A106-35,Female,72,0,0,Yes,FOXP3,Ki67_low,84,14,active,0
B80-63,Female,71,0,0,No,CD68,Ki67_high,58,42,Unknown,0
X103-61,Male,70,0,0,No,FOXP3,Ki67_low,81,4,active,0
D91-35,Female,70,0,0,Yes,NK,Ki67_low,69,14,indifferent,0
Z194-04,Male,68,0,0,Yes,CD4,Ki67_low,171,83,active,0
A111-99,Female,66,0,0,Yes,CD4,Ki67_high,89,78,indifferent,0
G57-51,Male,63,1,0,Yes,FOXP3,Ki67_high,35,3,inactive,0
H68-49,Male,62,0,0,No,FOXP3,Ki67_high,46,28,active,0
I60-4,Female,62,0,0,Yes,FOXP3,Ki67_low,37,99,indifferent,0
J160,Male,60,0,0,Yes,NK,Ki67_low,137,79,indifferent,0
K86-96,Female,59,0,0,No,FIBRO,Ki67_low,64,75,active,0
L437-15,Female,59,0,0,Yes,FOXP3,Ki67_high,214,94,active,0
M99-06,Female,58,1,0,Yes,FOXP3,Ki67_high,76,85,active,0
N56-31,Male,58,0,1,Yes,NK,Ki67_low,34,1,indifferent,0
O84-31,Male,58,1,1,Yes,NK,Ki67_low,62,1,inactive,0
P90-94,Female,57,0,0,Yes,FOXP3,Ki67_high,68,71,active,0
Q104-33,Female,57,0,0,No,FOXP3,Ki67_high,82,12,active,0
R64-61,Female,56,0,0,No,CD68,Ki67_low,40,4,Unknown,0
Z431-19,Male,56,1,0,Yes,NK,Ki67_low,208,98,indifferent,0
A94-3,Female,54,0,0,No,FOXP3,Ki67_high,72,09,Unknown,0
B104-48,Male,52,0,0,Yes,FOXP3,Ki67_high,82,27,inactive,0
X74-64,Female,51,1,0,Yes,FOXP3,Ki67_low,50,41,active,0
D81-64,Female,51,0,0,Yes,NK,Ki67_low,59,43,Unknown,0
Z90-78,Female,50,0,0,Yes,FOXP3,Ki67_high,68,57,active,0
A70-71,Male,45,0,1,Yes,FOXP3,Ki67_low,48,5,active,0
B74-36,Male,41,0,0,Yes,FOXP3,Ki67_low,50,15,inactive,0
X59-76,Female,39,0,0,Yes,NK,Ki67_low,37,55,Unknown,0
D83-76,Female,38,0,0,No,CD4,Ki67_low,61,55,inactive,0
Z63-64,Female,38,0,0,Yes,FOXP3,Ki67_high,41,43,indifferent,0
A76-46,Female,56,0,0,Yes,FOXP3,Ki67_high,54,05,active,0
B84-06,Female,81,0,0,Yes,FOXP3,Ki67_high,59,85,indifferent,0
A110-91,Male,81,0,0,No,FOXP3,Ki67_low,88,7,active,0
B77-16,Female,81,0,0,No,FOXP3,Ki67_high,54,95,inactive,0
X69-58,Female,80,0,0,Yes,FOXP3,Ki67_high,47,37,Unknown,0
D96-46,Female,80,0,0,Yes,FOXP3,Ki67_low,74,05,Unknown,0
Z87-47,Female,80,0,0,Yes,FOXP3,Ki67_high,65,06,inactive,0
A65-36,Female,80,0,0,Yes,FOXP3,Ki67_low,43,15,indifferent,0
B109-51,Female,79,0,0,No,CD68,Ki67_high,87,3,Unknown,0
X89-03,Female,79,0,0,Yes,FOXP3,Ki67_low,66,82,inactive,0
D91-34,Female,79,0,0,Yes,FOXP3,Ki67_low,69,13,indifferent,0
Z57-84,Male,79,0,0,Yes,FOXP3,Ki67_high,35,61,indifferent,0
A81-15,Male,79,0,0,Yes,NK,Ki67_low,58,94,indifferent,0
G115-49,Female,79,0,0,Yes,FOXP3,Ki67_high,93,08,Unknown,0
H111-04,Male,78,0,0,No,CD68,Ki67_low,88,81,Unknown,0
I111-61,Female,78,0,0,No,CD4,Ki67_low,89,4,inactive,0
J109-04,Female,78,0,0,No,CD68,Ki67_high,86,81,Unknown,0
K106-51,Female,78,0,0,No,CD68,Ki67_low,84,3,Unknown,0
L407-34,Male,78,0,1,Yes,NK,Ki67_high,185,11,inactive,0
M87-11,Female,78,0,0,Yes,FOXP3,Ki67_low,64,9,active,0
N61-68,Female,77,0,0,No,CD68,Ki67_low,39,47,Unknown,0
O119-04,Male,77,0,0,No,FOXP3,Ki67_high,96,83,Unknown,0
P86-05,Male,76,0,0,Yes,FOXP3,Ki67_low,63,84,Unknown,0
Q70-03,Female,76,1,0,No,FOXP3,Ki67_low,47,82,inactive,0
R407-64,Male,75,0,1,Yes,NK,Ki67_low,185,43,indifferent,0
Z436-84,Male,73,0,0,Yes,NK,Ki67_high,214,63,active,0
A78-11,Male,71,0,0,Yes,FOXP3,Ki67_low,55,9,active,0
B100-97,Female,70,0,0,No,CD4,Ki67_high,78,76,active,0
X99-41,Female,70,0,0,Yes,NK,Ki67_low,77,22.1,active,0
D113-41,Female,69,0,0,Yes,NK,Ki67_low,91,38.3,active,0
Z94-95,Male,69,0,0,Yes,FOXP3,Ki67_low,70,74,active,0
A110-16,Female,68,0,0,No,FOXP3,Ki67_low,87,95,active,0
B144-57,Male,68,0,0,No,FOXP3,Ki67_high,120,36,Unknown,0
X94-87,Female,67,0,0,No,FOXP3,Ki67_high,70,66,active,0
D111-48,Male,66,0,0,No,FIBRO,Ki67_high,89,27,Unknown,0
Z143,Female,66,0,0,Yes,FOXP3,Ki67_low,100,79,active,0
A100-54,Male,63,0,0,Yes,CD4,Ki67_low,78,33,active,0
B106-68,Male,62,0,1,Yes,NK,Ki67_low,84,47,active,0
A86-4,Female,61,0,0,Yes,FOXP3,Ki67_low,64,19,active,0
B61-81,Female,61,1,0,Yes,NK,Ki67_low,39,6,Unknown,0
X148-48,Female,59,0,0,Yes,NK,Ki67_high,106,07,active,0
D404-63,Female,57,0,0,Yes,FOXP3,Ki67_high,182,42,active,0
Z89-98,Female,57,0,0,Yes,FOXP3,Ki67_low,67,77,inactive,0
A434-89,Female,56,0,0,Yes,NK,Ki67_low,210,68,inactive,0
B98-58,Female,55,0,0,Yes,FOXP3,Ki67_high,76,37,active,0
X57-94,Male,54,0,0,No,FOXP3,Ki67_low,35,73,Unknown,0
D143-41,Male,54,0,0,No,CD68,Ki67_high,101,15.1,Unknown,0
Z76-34,Female,52,0,0,No,FOXP3,Ki67_low,54,13,inactive,0
A94-98,Male,50,0,0,No,CD68,Ki67_high,70,77,Unknown,0
G94-81,Male,49,0,0,No,CD4,Ki67_high,70,6,active,0
H85-16,Male,48,0,0,Yes,FOXP3,Ki67_low,62,95,inactive,0
I90-1,Female,48,0,0,No,NK,Ki67_low,67,89,active,0
J65-15,Female,47,0,0,No,CD68,Ki67_low,42,94,Unknown,0
K104-64,Male,44,0,0,Yes,FOXP3,Ki67_low,82,41,inactive,0
L113-45,Male,41,0,0,No,FIBRO,Ki67_low,91,04,active,0
M59-48,Male,80,0,0,No,FOXP3,Ki67_low,37,07,active,0
N93-07,Female,56,0,0,No,CD68,Ki67_low,70,86,Unknown,0
O77-44,Male,82,0,0,No,FOXP3,Ki67_high,55,21,Unknown,0
P73-69,Female,82,0,0,No,FOXP3,Ki67_high,51,48,active,0
Q74-9,Male,81,1,0,Yes,FOXP3,Ki67_high,52,69,active,0
R88-47,Male,81,0,0,No,FOXP3,Ki67_low,66,06,indifferent,0
Z58-39,Female,80,0,0,No,FOXP3,Ki67_low,36,18,active,0
A104-05,Male,80,0,0,No,FOXP3,Ki67_high,79,84,active,0
B114-47,Female,80,0,0,Yes,FOXP3,Ki67_high,90,26,inactive,0
X74-84,Female,80,0,0,No,FOXP3,Ki67_high,50,63,active,0
D195-03,Male,80,1,1,Yes,NK,Ki67_low,172,82,indifferent,0
Z170-95,Female,79,0,1,Yes,FOXP3,Ki67_low,148,74,active,0
A87-98,Female,78,0,0,No,FOXP3,Ki67_low,65,77,active,0
B65-81,Female,76,0,0,No,FOXP3,Ki67_high,43,6,Unknown,0
X144-6,Female,76,0,0,No,CD68,Ki67_low,102,39,Unknown,0
D83-65,Female,72,0,0,Yes,FOXP3,Ki67_high,61,44,inactive,0
Z88-81,Male,72,0,0,Yes,CD4,Ki67_high,66,6,indifferent,0
A86-75,Female,71,0,0,No,CD68,Ki67_low,64,54,Unknown,0
B143-36,Female,65,0,0,Yes,FOXP3,Ki67_high,101,15,active,0
A89-68,Male,65,0,0,No,FOXP3,Ki67_high,67,47,inactive,0
B69-87,Female,64,0,0,No,CD68,Ki67_high,47,66,Unknown,0
X109-44,Female,63,0,0,Yes,FOXP3,Ki67_high,87,01,active,0
D157-57,Male,62,0,0,No,CD68,Ki67_high,135,36,Unknown,0
Z110-73,Male,61,0,0,Yes,CD4,Ki67_low,88,52,inactive,0
A99-14,Male,61,0,0,Yes,FOXP3,Ki67_low,76,93,active,0
B59-15,Female,60,0,0,Yes,FOXP3,Ki67_low,36,94,active,0
X165-11,Female,59,0,0,No,CD68,Ki67_high,142,9,Unknown,0
D77-44,Female,57,0,0,Yes,NK,Ki67_high,55,23,indifferent,0
Z100-33,Male,51,0,0,No,FOXP3,Ki67_high,78,12,Unknown,0
A57-93,Male,49,0,0,Yes,FOXP3,Ki67_low,35,72,Unknown,0
G148-44,Male,48,1,1,No,FOXP3,Ki67_high,126,03,indifferent,0
H91-96,Male,45,0,0,Yes,FOXP3,Ki67_low,69,75,Unknown,0
I74-93,Male,45,0,1,Yes,NK,Ki67_high,50,72,indifferent,0
J84-47,Male,44,0,0,Yes,FOXP3,Ki67_high,62,06,Unknown,0
K144-45,Female,44,0,0,Yes,CD4,Ki67_high,102,24,active,0
L90-51,Male,43,0,0,No,CD68,Ki67_low,68,3,Unknown,0
M118-87,Male,39,0,0,No,CD68,Ki67_high,96,66,Unknown,0
N56-44,Male,38,0,0,Yes,FOXP3,Ki67_high,34,21,active,0
O73-67,Female,38,0,0,No,FOXP3,Ki67_low,51,46,Unknown,0
P89-11,Male,83,0,0,No,CD68,Ki67_high,66,9,Unknown,0
Q74-04,Male,82,1,0,Yes,FOXP3,Ki67_high,51,83,active,0
R145-43,Male,82,0,0,Yes,FOXP3,Ki67_low,123,02,active,0
Z100-8,Female,80,0,1,Yes,FOXP3,Ki67_high,78,59,active,0
A85-44,Female,80,0,0,Yes,FOXP3,Ki67_low,63,01,active,0
B74-49,Male,79,0,0,Yes,CD4,Ki67_high,50,28,indifferent,0
X84-61,Female,79,0,0,No,FOXP3,Ki67_low,60,4,inactive,0
D74-07,Female,79,0,0,No,CD68,Ki67_high,49,86,Unknown,0
Z79-85,Female,78,0,0,Yes,FOXP3,Ki67_high,57,64,Unknown,0
A84-86,Female,78,0,0,Yes,FOXP3,Ki67_high,62,65,Unknown,0
B131-89,Male,78,0,0,No,CD68,Ki67_low,109,68,Unknown,0
X89-17,Male,78,0,0,Yes,FOXP3,Ki67_low,66,96,active,0
D447-91,Male,77,0,0,Yes,FOXP3,Ki67_high,205,7,indifferent,0
Z131-77,Female,76,0,0,No,CD68,Ki67_low,109,56,Unknown,0
A104-01,Female,75,1,0,Yes,NK,Ki67_low,79,8,Unknown,0
B148-63,Female,75,0,0,Yes,CD4,Ki67_low,106,42,Unknown,0
A144-1,Male,71,0,0,No,FOXP3,Ki67_low,121,89,inactive,0
B143-15,Female,69,0,0,Yes,NK,Ki67_low,120,94,indifferent,0
X116-67,Male,69,0,0,Yes,NK,Ki67_high,94,46,active,0
D85-6,Female,68,0,0,Yes,NK,Ki67_high,63,39,Unknown,0
Z144-14,Female,68,0,0,Yes,NK,Ki67_low,119,91,active,0
A100-81,Female,66,0,0,No,FOXP3,Ki67_low,78,6,Unknown,0
B69-17,Female,65,0,0,Yes,CD4,Ki67_low,46,96,active,0
X58-38,Male,65,0,0,No,FOXP3,Ki67_high,36,17,active,0
D86-34,Female,65,0,0,Yes,CD4,Ki67_low,64,13,active,0
Z95-44,Male,65,0,0,Yes,FOXP3,Ki67_low,73,23,active,0
A94-78,Female,63,0,0,Yes,FOXP3,Ki67_low,72,57,Unknown,0
G109-59,Female,62,0,0,Yes,FOXP3,Ki67_high,87,38,indifferent,0
H79-46,Female,60,0,0,Yes,FOXP3,Ki67_high,57,05,inactive,0
I78-46,Female,59,0,0,Yes,FOXP3,Ki67_low,56,25,active,0
J85-49,Male,57,0,0,Yes,NK,Ki67_high,63,08,active,0
K156-18,Male,56,0,0,Yes,FOXP3,Ki67_high,133,97,inactive,0
L69-54,Male,56,1,0,Yes,FOXP3,Ki67_low,47,31,active,0
M65-34,Female,55,0,0,No,CD68,Ki67_low,43,11,Unknown,0
N108-47,Male,55,0,0,No,FOXP3,Ki67_low,86,26,inactive,0
O105-63,Male,55,0,0,Yes,FOXP3,Ki67_low,83,42,inactive,0
P77-93,Male,54,0,0,Yes,FOXP3,Ki67_low,55,72,indifferent,0
Q95-4,Female,54,0,0,Yes,FOXP3,Ki67_low,72,99,active,0
R78-54,Male,54,0,0,No,FOXP3,Ki67_high,56,31,active,0
Z114-89,Female,54,0,0,Yes,FOXP3,Ki67_low,92,68,active,0
A95-43,Female,51,0,0,No,FOXP3,Ki67_high,73,22,Unknown,0
B84-08,Female,51,0,0,Yes,FOXP3,Ki67_high,61,87,Unknown,0
X110-55,Female,51,0,0,Yes,CD4,Ki67_high,88,34,inactive,0
D84-41,Female,51,0,0,No,NK,Ki67_low,60,26,active,0
Z84-38,Female,50,0,0,Yes,FOXP3,Ki67_low,60,17,indifferent,0
A93-89,Female,46,0,0,Yes,CD4,Ki67_low,71,68,active,0
B75-08,Female,44,0,0,No,FOXP3,Ki67_high,52,87,Unknown,0
X76-74,Male,43,0,0,Yes,FOXP3,Ki67_low,54,51,Unknown,0
D84-93,Female,42,0,0,No,CD68,Ki67_high,62,72,Unknown,0
Z76-5,Male,84,0,1,Yes,FOXP3,Ki67_low,54,29,indifferent,0
A65-47,Female,82,0,0,No,FOXP3,Ki67_low,43,26,active,0
B99-16,Male,82,0,0,Yes,FOXP3,Ki67_low,76,95,inactive,0
A63-53,Male,81,0,0,No,NK,Ki67_high,41,32,active,0
B78-65,Female,79,0,0,Yes,FOXP3,Ki67_high,56,44,indifferent,0
X63-78,Female,78,0,0,Yes,NK,Ki67_low,41,57,active,0
D77-54,Female,78,0,0,No,NK,Ki67_low,55,31,indifferent,0
Z111-64,Male,77,0,0,Yes,FOXP3,Ki67_high,89,43,active,0
A97-84,Male,77,0,0,No,CD68,Ki67_low,75,63,Unknown,0
B113-01,Female,76,0,0,Yes,FOXP3,Ki67_low,90,8,active,0
X56-48,Male,76,1,0,Yes,FOXP3,Ki67_low,34,27,active,0
D404-5,Male,76,0,0,Yes,FOXP3,Ki67_high,182,29,indifferent,0
Z96-04,Female,74,0,0,No,FOXP3,Ki67_high,73,81,active,0
A406-45,Female,73,0,0,Yes,FOXP3,Ki67_high,184,04,indifferent,0
G115-54,Female,73,1,1,Yes,FOXP3,Ki67_high,93,31,Unknown,0
H60-69,Female,73,0,0,No,FOXP3,Ki67_high,38,48,inactive,0
I93-67,Male,71,0,0,Yes,NK,Ki67_low,71,46,Unknown,0
J67-79,Male,68,0,0,Yes,CD4,Ki67_low,45,58,indifferent,0
K56-07,Female,68,0,0,No,NK,Ki67_high,33,86,active,0
L454-63,Male,62,1,1,Yes,FOXP3,Ki67_high,232,42,active,0
M96-63,Female,61,0,0,Yes,FOXP3,Ki67_high,74,42,Unknown,0
N84-3,Male,59,0,0,No,CD68,Ki67_high,62,09,Unknown,0
O446-34,Female,59,0,0,Yes,NK,Ki67_high,224,13,active,0
P195-16,Female,59,0,0,Yes,FOXP3,Ki67_high,172,95,Unknown,0
Q93-34,Female,57,0,0,Yes,CD4,Ki67_high,71,13,active,0
R164-3,Female,57,0,0,Yes,FOXP3,Ki67_low,140,09,active,0
Z106-4,Male,53,0,0,No,CD68,Ki67_low,84,19,Unknown,0
A110-45,Male,51,1,0,Yes,FOXP3,Ki67_low,88,04,active,0
B69-7,Male,51,0,0,No,FOXP3,Ki67_high,47,49,active,0
X87-03,Female,51,1,0,Yes,FOXP3,Ki67_low,64,82,indifferent,0
D114-98,Male,50,0,0,No,FOXP3,Ki67_low,90,77,active,0
Z84-47,Female,49,0,0,Yes,CD4,Ki67_high,60,26,inactive,0
A75-88,Female,46,0,0,Yes,FOXP3,Ki67_low,53,67,active,0
B84-63,Female,46,0,0,Yes,FOXP3,Ki67_low,62,42,Unknown,0
X109-56,Female,45,0,0,Yes,CD4,Ki67_high,87,35,active,0
D89-45,Female,44,0,0,Yes,NK,Ki67_high,67,24,indifferent,0
Z91-65,Female,39,0,0,Yes,FOXP3,Ki67_high,69,44,active,0
A141-14,Female,38,0,0,Yes,NK,Ki67_low,98,93,active,0
B87-77,Female,56,0,0,No,FOXP3,Ki67_high,65,56,Unknown,0
A106-56,Female,56,0,0,No,FOXP3,Ki67_high,84,35,active,0
B93-88,Female,81,0,0,No,FOXP3,Ki67_high,71,67,indifferent,0
X153-76,Female,81,0,0,No,FOXP3,Ki67_high,131,55,Unknown,0
D88-65,Male,78,0,0,No,FOXP3,Ki67_low,66,44,active,0
Z111-44,Female,78,0,0,Yes,FOXP3,Ki67_low,89,01,Unknown,0
A443-68,Male,78,0,0,Yes,NK,Ki67_low,201,47,indifferent,0
B55-86,Female,78,0,0,No,CD68,Ki67_high,33,65,Unknown,0
X63-73,Female,78,0,0,No,FOXP3,Ki67_high,41,52,inactive,0
D103-94,Male,78,0,0,No,FOXP3,Ki67_high,81,73,active,0
Z94-49,Male,77,0,0,Yes,FOXP3,Ki67_high,70,28,Unknown,0
A449-4,Male,76,0,0,Yes,FOXP3,Ki67_low,206,99,indifferent,0
G75-06,Female,76,0,0,Yes,FOXP3,Ki67_high,52,85,Unknown,0
H85-57,Male,76,0,0,Yes,FOXP3,Ki67_low,63,36,Unknown,0
I68-61,Female,73,0,0,Yes,NK,Ki67_low,46,4,active,0
J56-3,Male,72,0,0,No,CD68,Ki67_low,34,09,Unknown,0
K193-44,Female,71,0,0,No,FOXP3,Ki67_high,171,01,inactive,0
L65-98,Female,70,0,0,Yes,FOXP3,Ki67_low,43,77,Unknown,0
M404-57,Male,69,0,0,Yes,CD4,Ki67_high,182,36,Unknown,0
N64-99,Male,69,0,0,Yes,CD4,Ki67_low,42,78,active,0
O66-14,Female,69,1,0,Yes,NK,Ki67_high,43,91,active,0
P73-4,Female,68,0,0,No,FOXP3,Ki67_low,51,19,active,0
Q84-83,Male,68,0,0,Yes,CD4,Ki67_low,60,62,Unknown,0
R93-55,Female,67,0,0,No,FOXP3,Ki67_low,71,34,active,0
Z90-4,Female,66,0,0,Yes,FOXP3,Ki67_high,68,19,indifferent,0
A98-1,Female,65,0,0,No,FOXP3,Ki67_high,75,89,active,0
B144-04,Male,65,0,0,Yes,FOXP3,Ki67_high,119,81,Unknown,0
X451-46,Female,64,0,0,Yes,NK,Ki67_high,229,25,inactive,0
D89-96,Female,64,1,0,Yes,FOXP3,Ki67_high,67,75,active,0
Z71-73,Male,60,0,0,No,CD68,Ki67_low,49,52,Unknown,0
A84-44,Female,59,1,0,Yes,CD4,Ki67_low,60,23,inactive,0
B80-85,Female,59,0,0,Yes,NK,Ki67_low,58,64,indifferent,0
X440-54,Female,59,0,0,Yes,NK,Ki67_high,198,31,inactive,0
D86-73,Male,58,0,0,Yes,FOXP3,Ki67_low,64,52,Unknown,0
Z76-93,Female,57,0,0,Yes,FOXP3,Ki67_low,54,72,active,0
A113-1,Female,57,0,0,Yes,NK,Ki67_low,90,89,active,0
B96-84,Male,56,0,0,No,FOXP3,Ki67_high,74,63,indifferent,0
A100-91,Male,53,0,0,No,CD68,Ki67_low,78,7,Unknown,0
B116-5,Male,52,0,0,No,CD68,Ki67_low,94,29,Unknown,0
X57-46,Female,52,1,0,No,FOXP3,Ki67_high,35,05,active,0
D149-31,Female,50,0,0,Yes,FOXP3,Ki67_low,107,1,Unknown,0
Z56-47,Female,49,0,0,Yes,FOXP3,Ki67_high,34,26,active,0
A86-06,Male,45,0,0,Yes,CD4,Ki67_low,63,85,indifferent,0
B86-97,Female,44,0,0,Yes,FOXP3,Ki67_high,64,76,active,0
X78-78,Male,44,0,0,Yes,FOXP3,Ki67_low,56,57,indifferent,0
D195-04,Female,38,0,0,Yes,FOXP3,Ki67_high,172,83,active,0
Z103-45,Male,65,0,0,No,CD68,Ki67_high,81,04,Unknown,0
A134-59,Female,56,0,0,Yes,FOXP3,Ki67_high,112,38,inactive,0
G93-74,Male,88,0,0,No,CD68,Ki67_high,71,53,Unknown,0
H90-66,Female,82,0,0,Yes,FOXP3,Ki67_low,68,45,Unknown,0
I91-68,Male,81,0,0,Yes,CD4,Ki67_low,69,47,Unknown,0
J75-79,Male,81,0,0,No,CD68,Ki67_low,53,58,Unknown,0
K91-68,Female,81,0,0,Yes,FOXP3,Ki67_low,69,47,indifferent,0
L106-68,Female,81,0,0,Yes,FOXP3,Ki67_high,84,47,active,0
M84-31,Female,80,0,0,Yes,FOXP3,Ki67_high,60,1,active,0
Z90-06,Male,80,0,0,Yes,FOXP3,Ki67_high,67,85,Unknown,0
A65-47,Female,80,0,0,Yes,FOXP3,Ki67_high,43,26,inactive,0
B58-03,Male,79,0,0,No,CD68,Ki67_high,35,82,Unknown,0
X83-09,Female,79,0,0,No,FOXP3,Ki67_high,60,88,active,0
D88-6,Female,78,0,0,No,CD68,Ki67_low,66,39,Unknown,0
Z63-18,Male,78,0,0,Yes,FOXP3,Ki67_low,40,97,Unknown,0
A78-44,Male,78,0,0,Yes,FOXP3,Ki67_high,56,21,active,0
B65-08,Male,76,0,0,Yes,FOXP3,Ki67_low,42,87,indifferent,0
X79-47,Female,76,0,0,Yes,CD4,Ki67_low,57,26,active,0
D95-54,Female,76,0,0,Yes,FOXP3,Ki67_high,73,31,active,0
Z73,Female,75,1,0,No,FOXP3,Ki67_low,50,79,inactive,0
A138-07,Male,74,0,0,Yes,FOXP3,Ki67_high,115,86,active,0
B86-99,Male,71,0,0,Yes,CD4,Ki67_high,64,78,active,0
A114-07,Female,69,0,0,No,FOXP3,Ki67_low,89,86,active,0
B105-76,Male,68,0,0,No,CD68,Ki67_high,83,55,Unknown,0
X55-67,Female,67,0,0,Yes,FOXP3,Ki67_low,33,46,inactive,0
D90-55,Female,66,0,0,Yes,FOXP3,Ki67_low,68,34,indifferent,0
Z418-65,Female,65,0,0,Yes,FOXP3,Ki67_high,196,44,active,0
A111-41,Female,65,0,0,No,CD68,Ki67_high,89,18.3,Unknown,0
B83-56,Female,60,0,0,Yes,CD4,Ki67_low,61,35,inactive,0
X116-76,Female,59,1,0,Yes,FOXP3,Ki67_low,94,55,indifferent,0
D83-5,Male,59,0,0,Yes,FOXP3,Ki67_high,61,29,Unknown,0
Z69-3,Female,59,0,0,Yes,FOXP3,Ki67_low,47,09,active,0
A67-55,Female,59,0,0,Yes,FOXP3,Ki67_low,45,34,indifferent,0
G80-48,Female,57,0,0,Yes,FOXP3,Ki67_high,58,07,active,0
H411-49,Male,57,1,0,Yes,FOXP3,Ki67_low,189,28,Unknown,0
I67-96,Female,55,0,0,No,FOXP3,Ki67_low,45,75,Unknown,0
J99-49,Female,54,0,0,Yes,NK,Ki67_low,77,08,active,0
K140-54,Male,53,0,0,Yes,FOXP3,Ki67_high,118,31,active,0
L75-64,Female,53,0,0,Yes,FOXP3,Ki67_high,53,41,inactive,0
M140-06,Female,53,0,0,No,CD4,Ki67_high,97,85,active,0
N117-45,Female,53,0,0,No,FOXP3,Ki67_high,95,24,inactive,0
O444-71,Female,51,0,0,Yes,FOXP3,Ki67_high,202,5,active,0
P144-75,Female,51,0,0,No,CD68,Ki67_high,100,54,Unknown,0
Q84-39,Female,51,0,0,Yes,CD4,Ki67_low,60,18,active,0
R57-04,Female,49,0,0,No,CD4,Ki67_high,34,81,indifferent,0
Z115-98,Male,49,0,0,No,FOXP3,Ki67_low,93,77,active,0
A446-11,Female,49,0,0,Yes,FOXP3,Ki67_high,203,9,indifferent,0
B97-59,Female,49,0,0,Yes,FOXP3,Ki67_high,75,38,inactive,0
X84-57,Female,49,0,0,Yes,FOXP3,Ki67_high,60,36,indifferent,0
D79-34,Female,49,0,0,No,FOXP3,Ki67_low,57,13,indifferent,0
Z145-68,Female,48,0,0,No,CD68,Ki67_high,103,47,Unknown,0
A104-06,Male,48,1,0,Yes,NK,Ki67_high,79,85,Unknown,0
B65-59,Female,48,0,0,Yes,FOXP3,Ki67_low,43,38,active,0
X140-85,Female,44,0,0,No,CD68,Ki67_low,98,64,Unknown,0
D101-65,Male,44,0,0,Yes,CD4,Ki67_low,79,44,active,0
Z410-94,Male,43,0,0,Yes,CD4,Ki67_low,188,73,active,0
A77-94,Male,56,1,0,Yes,FOXP3,Ki67_high,55,71,active,0
B430-68,Male,82,1,1,Yes,NK,Ki67_high,208,47,Unknown,0
A64-68,Female,82,0,0,No,NK,Ki67_low,40,47,active,0
B55-44,Male,82,0,0,Yes,FOXP3,Ki67_low,33,01,active,0
X78-94,Female,81,0,0,No,FOXP3,Ki67_high,56,73,active,0
D109-69,Female,81,0,1,No,FOXP3,Ki67_high,87,48,inactive,0
Z79-63,Female,81,0,0,No,CD68,Ki67_low,57,42,Unknown,0
A79-33,Female,81,0,0,No,FOXP3,Ki67_high,57,12,active,0
B79-91,Female,80,0,0,Yes,FOXP3,Ki67_low,57,7,active,0
X84-46,Female,80,0,0,No,FOXP3,Ki67_high,62,25,Unknown,0
D68-4,Female,79,0,1,Yes,FOXP3,Ki67_low,46,19,indifferent,0
Z78-43,Male,79,1,0,Yes,FOXP3,Ki67_high,56,22,inactive,0
A198-04,Female,78,0,0,Yes,FOXP3,Ki67_low,175,81,Unknown,0
G85-35,Male,78,0,0,Yes,FOXP3,Ki67_low,63,14,inactive,0
H404-17,Male,78,0,0,No,NK,Ki67_high,181,96,indifferent,0
I84-71,Male,78,0,0,No,FOXP3,Ki67_low,60,5,indifferent,0
J141-19,Female,78,0,0,No,FOXP3,Ki67_low,98,98,active,0
K106-04,Female,77,0,0,Yes,FOXP3,Ki67_high,83,81,inactive,0
L66-36,Female,76,0,0,No,CD68,Ki67_low,44,15,Unknown,0
M467-76,Female,76,0,0,Yes,FOXP3,Ki67_low,245,55,indifferent,0
N107-18,Female,76,0,0,Yes,FOXP3,Ki67_high,84,97,active,0
O74-58,Male,76,0,0,Yes,FOXP3,Ki67_high,52,37,Unknown,0
P80-94,Female,76,0,0,Yes,FOXP3,Ki67_low,58,71,Unknown,0
Q90-77,Female,74,0,0,Yes,FOXP3,Ki67_high,68,56,active,0
R90-84,Female,74,0,0,No,FOXP3,Ki67_high,68,63,active,0
Z59-4,Female,71,1,0,Yes,NK,Ki67_high,36,99,Unknown,0
A417-71,Male,71,0,0,Yes,FOXP3,Ki67_high,195,5,indifferent,0
B133-76,Female,69,0,0,Yes,FOXP3,Ki67_low,111,55,inactive,0
X61-36,Male,68,0,0,Yes,NK,Ki67_low,39,15,indifferent,0
D118-64,Female,68,0,0,No,FOXP3,Ki67_high,96,41,Unknown,0
Z77-91,Male,68,0,0,No,CD68,Ki67_high,55,7,Unknown,0
A68-98,Female,68,0,0,No,CD4,Ki67_low,46,77,indifferent,0
B114-08,Female,67,0,0,No,FOXP3,Ki67_high,89,87,active,0
X96-4,Male,65,0,0,No,FOXP3,Ki67_low,73,99,active,0
D93-11,Male,64,0,0,No,CD68,Ki67_high,70,9,Unknown,0
Z115-54,Male,64,0,0,No,CD68,Ki67_high,93,33,Unknown,0
A88-57,Male,62,0,0,Yes,FOXP3,Ki67_low,66,36,inactive,0
B180-76,Female,62,1,0,Yes,FOXP3,Ki67_low,158,55,Unknown,0
A83-14,Male,59,0,0,Yes,NK,Ki67_low,60,91,indifferent,0
B94-89,Male,59,0,0,Yes,NK,Ki67_low,72,68,active,0
X439-54,Female,59,0,0,No,FOXP3,Ki67_high,217,31,active,0
D99-15,Male,58,0,0,Yes,NK,Ki67_high,76,94,indifferent,0
Z144-16,Female,56,0,0,Yes,NK,Ki67_low,101,95,active,0
A86-38,Male,56,0,0,No,CD68,Ki67_high,64,17,Unknown,0
B93-68,Male,54,0,0,No,FOXP3,Ki67_high,71,47,active,0
X449-86,Female,53,0,0,Yes,CD4,Ki67_high,207,65,inactive,0
D78-73,Male,53,0,0,Yes,CD4,Ki67_high,56,52,active,0
Z115-94,Male,53,0,0,Yes,FOXP3,Ki67_high,93,71,indifferent,0
A93-71,Male,53,0,0,Yes,CD4,Ki67_high,71,5,indifferent,0
G76-66,Female,52,0,0,Yes,CD4,Ki67_high,54,45,active,0
H114-38,Female,50,0,0,No,FOXP3,Ki67_high,90,17,Unknown,0
I89-3,Female,50,0,0,No,FOXP3,Ki67_high,67,09,inactive,0
J103-44,Female,49,1,0,Yes,CD4,Ki67_high,81,23,indifferent,0
K79-69,Female,49,0,0,Yes,NK,Ki67_high,57,48,indifferent,0
L61-61,Male,46,0,0,No,FOXP3,Ki67_high,39,4,active,0
M94-14,Female,45,0,0,No,CD68,Ki67_high,71,91,Unknown,0
N64-4,Female,44,0,0,No,CD68,Ki67_low,40,19,Unknown,0
O410-96,Female,44,1,0,Yes,FOXP3,Ki67_low,188,75,active,0
P76-45,Male,42,0,0,No,CD68,Ki67_low,54,04,Unknown,0
Q103-48,Male,42,0,0,Yes,FOXP3,Ki67_low,81,27,inactive,0
R96-44,Female,40,0,0,No,FOXP3,Ki67_low,74,21,Unknown,0
Z78-59,Male,88,0,0,No,FOXP3,Ki67_high,56,38,Unknown,0
A195-45,Female,82,1,0,Yes,FOXP3,Ki67_high,173,04,active,0
B103-76,Male,82,0,0,No,CD68,Ki67_high,81,55,Unknown,0
X68-54,Male,82,0,0,No,CD68,Ki67_high,46,31,Unknown,0
D94-17,Male,82,0,0,No,CD68,Ki67_low,69,96,Unknown,0
Z81-04,Female,81,0,0,Yes,FOXP3,Ki67_high,58,81,active,0
A94-33,Male,81,0,0,No,CD4,Ki67_high,72,12,active,0
B78-43,Male,80,0,0,Yes,NK,Ki67_high,56,22,active,0
X417-39,Female,80,0,0,Yes,FOXP3,Ki67_high,195,18,Unknown,0
D84-77,Female,80,0,0,No,FOXP3,Ki67_low,60,56,Unknown,0
Z88-13,Male,79,0,0,Yes,FOXP3,Ki67_high,65,92,active,0
A104-77,Male,79,0,0,Yes,FOXP3,Ki67_low,80,56,inactive,0
B101-75,Female,78,0,0,No,FOXP3,Ki67_high,79,54,inactive,0
A113-34,Male,78,0,0,Yes,FOXP3,Ki67_high,91,13,indifferent,0
B63-33,Male,77,0,0,Yes,FOXP3,Ki67_low,41,12,inactive,0
X69-34,Female,76,0,0,Yes,FOXP3,Ki67_low,47,13,active,0
D118-81,Female,76,0,0,No,FOXP3,Ki67_high,96,6,Unknown,0
Z66-13,Male,74,0,0,Yes,CD4,Ki67_low,43,92,active,0
A67-53,Male,71,0,0,No,FOXP3,Ki67_low,45,32,indifferent,0
B96-58,Male,71,0,0,No,FOXP3,Ki67_low,74,37,active,0
X57-89,Female,71,0,0,Yes,FOXP3,Ki67_low,35,68,indifferent,0
D78-38,Female,70,0,0,No,CD68,Ki67_high,56,17,Unknown,0
Z94-15,Male,68,0,0,No,FOXP3,Ki67_low,71,94,active,0
A89-53,Male,68,0,0,No,FOXP3,Ki67_low,67,32,Unknown,0
G147-75,Female,68,0,0,Yes,FOXP3,Ki67_low,105,54,active,0
H76-79,Male,68,0,0,Yes,NK,Ki67_high,54,58,Unknown,0
I141-15,Female,64,0,0,Yes,FOXP3,Ki67_high,118,94,active,0
J88-63,Female,63,0,0,Yes,CD4,Ki67_low,66,42,active,0
K401-45,Female,59,0,0,No,CD68,Ki67_low,179,04,Unknown,0
L130-15,Female,59,0,0,No,CD68,Ki67_low,107,94,Unknown,0
M108-03,Male,59,0,0,No,FOXP3,Ki67_low,85,82,active,0
N104-07,Female,57,0,0,Yes,NK,Ki67_high,81,86,indifferent,0
O88-83,Male,56,0,0,No,CD68,Ki67_low,66,62,Unknown,0
P197-79,Male,56,0,1,Yes,FOXP3,Ki67_high,175,58,Unknown,0
Q150-45,Male,56,1,1,Yes,FOXP3,Ki67_low,128,24,indifferent,0
R100-39,Male,55,0,0,Yes,FOXP3,Ki67_high,78,18,active,0
Z79-94,Male,54,0,0,Yes,CD4,Ki67_high,57,71,indifferent,0
A96-79,Male,53,0,1,Yes,NK,Ki67_low,74,58,Unknown,0
B86-84,Male,53,0,0,No,CD68,Ki67_high,64,63,Unknown,0
X61-47,Male,53,0,0,Yes,FOXP3,Ki67_high,39,06,Unknown,0
D74-61,Female,51,0,0,Yes,NK,Ki67_high,50,4,active,0
Z84-41,Female,51,0,0,Yes,FOXP3,Ki67_high,60,2,inactive,0
A74-74,Female,50,0,0,Yes,CD4,Ki67_low,52,51,active,0
B57-37,Male,50,0,0,No,CD68,Ki67_high,35,16,Unknown,0
X73-74,Male,49,1,0,Yes,FOXP3,Ki67_high,51,51,inactive,0
D88-34,Male,48,1,0,Yes,FOXP3,Ki67_low,66,13,active,0
Z101-34,Male,46,0,0,Yes,FOXP3,Ki67_high,79,13,active,0
A119-01,Male,43,0,0,Yes,FOXP3,Ki67_high,96,8,active,0
B71-98,Female,40,0,0,No,NK,Ki67_high,49,77,active,0
A84-91,Female,38,0,0,No,CD68,Ki67_low,62,7,Unknown,0
B91-63,Female,82,0,0,Yes,NK,Ki67_high,69,42,Unknown,0
X414-77,Female,82,0,0,Yes,FOXP3,Ki67_low,192,56,Unknown,0
D145-71,Male,82,0,0,No,CD68,Ki67_high,123,5,Unknown,0
Z167-31,Female,81,0,0,Yes,NK,Ki67_high,145,1,active,0
A63-65,Female,80,0,0,Yes,NK,Ki67_low,41,44,Unknown,0
B79-63,Female,79,0,0,No,FOXP3,Ki67_high,57,42,Unknown,0
X87-49,Male,79,0,0,Yes,CD4,Ki67_high,65,28,active,0
D98-74,Female,79,1,0,Yes,FOXP3,Ki67_high,76,53,active,0
Z94-84,Female,79,0,0,No,FOXP3,Ki67_high,70,61,active,0
A74-4,Male,78,0,0,Yes,CD4,Ki67_low,49,99,indifferent,0
G181-43,Male,78,0,1,Yes,CD4,Ki67_high,159,02,indifferent,0
H63-37,Female,78,0,0,No,FOXP3,Ki67_low,41,16,active,0
I74-84,Female,78,0,0,Yes,FOXP3,Ki67_low,52,61,active,0
J97-6,Female,77,0,0,No,CD68,Ki67_high,75,39,Unknown,0
K93-04,Male,76,0,0,Yes,FOXP3,Ki67_high,70,83,inactive,0
L97-14,Male,76,0,0,Yes,FOXP3,Ki67_high,74,91,active,0
M84-81,Male,76,1,0,Yes,NK,Ki67_high,60,6,active,0
N134-45,Female,76,0,0,No,FOXP3,Ki67_low,112,24,active,0
O98-67,Male,75,0,0,No,CD68,Ki67_high,76,46,Unknown,0
P85-84,Male,75,0,1,No,FOXP3,Ki67_low,63,61,active,0
Q189-45,Male,74,0,1,Yes,NK,Ki67_high,167,24,active,0
R144-16,Female,73,0,1,Yes,FOXP3,Ki67_high,121,95,inactive,0
Z84-56,Male,73,0,0,No,FOXP3,Ki67_high,60,35,indifferent,0
A406-4,Female,73,1,0,Yes,FOXP3,Ki67_low,184,19,active,0
B67-97,Male,71,0,0,Yes,NK,Ki67_low,45,76,active,0
X84-86,Female,71,0,0,Yes,CD4,Ki67_low,62,65,Unknown,0
D71-7,Female,71,1,0,Yes,NK,Ki67_low,49,49,active,0
Z74-04,Female,71,0,0,No,FOXP3,Ki67_low,49,81,indifferent,0
A61-81,Female,68,0,0,Yes,FOXP3,Ki67_low,39,6,Unknown,0
B103-09,Female,68,0,0,Yes,FOXP3,Ki67_low,80,88,Unknown,0
X73-75,Male,68,0,0,No,FOXP3,Ki67_low,51,54,active,0
D156-7,Female,66,0,0,Yes,FOXP3,Ki67_high,134,49,active,0
Z70-87,Female,65,0,0,Yes,NK,Ki67_low,48,66,indifferent,0
A138-47,Male,65,0,0,Yes,NK,Ki67_high,116,26,active,0
B64-66,Female,63,0,1,Yes,FOXP3,Ki67_high,42,45,indifferent,0
A91-88,Female,63,0,0,Yes,FOXP3,Ki67_high,69,67,indifferent,0
B74-79,Female,63,0,0,Yes,NK,Ki67_high,52,58,active,0
X78-18,Female,62,0,0,No,FOXP3,Ki67_high,55,97,active,0
D77-84,Male,62,0,0,Yes,FOXP3,Ki67_high,55,61,Unknown,0
Z114-43,Female,62,0,0,No,FOXP3,Ki67_high,90,02,active,0
A178-76,Male,60,0,1,Yes,FOXP3,Ki67_low,156,55,active,0
B141-43,Female,59,0,0,Yes,FOXP3,Ki67_high,99,22,active,0
X94-44,Female,59,0,0,Yes,FOXP3,Ki67_high,72,01,active,0
D67-47,Female,58,0,0,Yes,FOXP3,Ki67_high,45,06,indifferent,0
Z197-58,Male,58,1,0,Yes,NK,Ki67_high,175,37,indifferent,0
A86-37,Male,57,0,0,Yes,FOXP3,Ki67_high,64,16,inactive,0
G114-09,Female,57,0,0,Yes,FOXP3,Ki67_low,89,88,inactive,0
H199-96,Male,54,0,0,Yes,FOXP3,Ki67_low,177,75,active,0
I85-33,Male,54,0,0,Yes,FOXP3,Ki67_low,63,12,active,0
J86-33,Female,54,0,0,No,NK,Ki67_high,64,12,active,0
K80-47,Female,53,0,0,No,FOXP3,Ki67_low,58,26,inactive,0
L64-46,Female,52,1,0,Yes,FOXP3,Ki67_low,40,25,indifferent,0
M78-85,Female,51,0,0,Yes,CD4,Ki67_high,56,64,active,0
N74-09,Male,50,0,0,Yes,NK,Ki67_high,49,88,inactive,0
O103-81,Female,49,0,0,Yes,NK,Ki67_high,81,6,active,0
P78-04,Female,48,0,0,No,FOXP3,Ki67_low,55,83,inactive,0
Q94-67,Female,47,0,0,Yes,NK,Ki67_high,72,46,Unknown,0
R64-45,Female,47,0,0,Yes,CD4,Ki67_high,40,04,active,0
Z155-17,Male,46,0,0,Yes,FOXP3,Ki67_low,132,96,active,0
A83-48,Male,45,0,0,No,CD68,Ki67_low,61,07,Unknown,0
B134-41,Male,45,0,0,No,CD68,Ki67_low,110,2,Unknown,0
X64-78,Female,44,0,0,Yes,FOXP3,Ki67_high,40,57,Unknown,0
D89-96,Female,43,0,0,Yes,FOXP3,Ki67_low,67,75,Unknown,0
Z103-45,Female,40,0,0,Yes,NK,Ki67_high,81,04,indifferent,0
A146-99,Female,38,0,0,Yes,FOXP3,Ki67_high,104,78,indifferent,0
B104-47,Female,82,0,0,No,CD68,Ki67_high,80,06,active,0
X113-63,Male,80,0,1,Yes,NK,Ki67_high,91,42,Unknown,0
D86-09,Male,79,0,0,No,CD68,Ki67_low,63,88,Unknown,0
Z108-08,Male,79,0,0,Yes,FOXP3,Ki67_high,85,87,indifferent,0
A108-34,Male,79,0,0,Yes,FOXP3,Ki67_low,86,13,active,0
B56-07,Male,79,0,0,Yes,FOXP3,Ki67_high,33,86,active,0
A84-91,Female,78,0,0,No,CD68,Ki67_low,60,7,Unknown,0
B94-75,Male,78,0,0,No,CD68,Ki67_low,72,54,Unknown,0
X101-79,Male,78,0,0,Yes,FOXP3,Ki67_high,79,58,Unknown,0
D88-41,Female,78,0,0,Yes,FOXP3,Ki67_high,66,2,indifferent,0
Z101-05,Male,78,0,0,Yes,CD4,Ki67_low,78,84,Unknown,0
A85-07,Male,78,0,0,No,FOXP3,Ki67_low,62,86,active,0
B108-1,Female,78,0,0,No,CD4,Ki67_high,85,89,active,0
X93-17,Female,78,0,0,No,NK,Ki67_high,70,96,inactive,0
D158-89,Female,77,0,0,Yes,FOXP3,Ki67_low,136,68,inactive,0
Z405-77,Male,77,0,0,Yes,FOXP3,Ki67_high,183,56,active,0
A114-34,Female,77,0,0,No,CD68,Ki67_low,90,13,Unknown,0
G119-03,Female,76,0,0,Yes,FOXP3,Ki67_low,96,82,active,0
H437-41,Female,76,0,0,Yes,FOXP3,Ki67_low,215,26.6,inactive,0
I89-68,Female,76,0,0,Yes,FOXP3,Ki67_low,67,47,active,0
J446-53,Male,76,1,1,Yes,FOXP3,Ki67_high,224,32,indifferent,0
K89-05,Female,75,0,0,Yes,FOXP3,Ki67_low,66,84,indifferent,0
L81-74,Male,75,0,0,No,CD68,Ki67_high,59,53,Unknown,0
M98-14,Female,74,0,0,Yes,FOXP3,Ki67_high,75,91,active,0
N105-59,Female,73,0,0,Yes,NK,Ki67_high,83,38,inactive,0
O86,Male,73,0,0,No,CD68,Ki67_high,63,79,indifferent,0
P65-51,Male,71,0,0,No,CD68,Ki67_low,43,3,Unknown,0
Q61-78,Male,70,0,0,Yes,NK,Ki67_low,39,57,Unknown,0
R109-56,Female,68,0,0,No,CD68,Ki67_high,87,35,Unknown,0
Z65-84,Female,68,0,0,Yes,NK,Ki67_low,43,61,active,0
A90-16,Female,68,0,0,No,FOXP3,Ki67_low,67,95,inactive,0
B64-45,Female,68,0,0,Yes,FOXP3,Ki67_low,42,24,active,0
X91-85,Female,66,0,0,No,CD68,Ki67_low,69,64,active,0
D97-89,Female,66,0,0,Yes,FOXP3,Ki67_high,75,68,indifferent,0
Z406-33,Male,66,0,0,Yes,CD4,Ki67_high,184,12,active,0
A74-49,Male,65,0,0,Yes,CD4,Ki67_high,52,08,active,0
B107-4,Female,63,0,0,Yes,FOXP3,Ki67_high,85,19,inactive,0
X87-74,Male,63,0,0,Yes,FOXP3,Ki67_low,65,51,Unknown,0
D85-99,Male,63,0,0,Yes,FOXP3,Ki67_high,63,78,Unknown,0
Z100-84,Female,62,0,0,Yes,FOXP3,Ki67_low,78,63,active,0
A144-61,Male,61,0,0,No,FOXP3,Ki67_low,102,4,Unknown,0
B86-55,Female,61,0,0,No,CD68,Ki67_low,64,34,Unknown,0
A90-44,Male,61,0,0,No,CD68,Ki67_high,68,21,Unknown,0
B100-85,Female,60,0,0,Yes,FOXP3,Ki67_high,78,64,inactive,0
X87-74,Male,60,0,0,No,CD68,Ki67_low,65,53,Unknown,0
D80-15,Male,60,1,0,Yes,FOXP3,Ki67_high,57,94,indifferent,0
Z107-49,Female,59,0,0,Yes,FOXP3,Ki67_low,85,08,active,0
A406-98,Male,59,0,0,Yes,FOXP3,Ki67_low,184,77,inactive,0
B447-48,Male,59,1,0,Yes,FOXP3,Ki67_high,205,07,active,0
X80-43,Male,58,0,1,Yes,FOXP3,Ki67_high,58,22,Unknown,0
D448-7,Male,57,0,1,Yes,NK,Ki67_low,206,49,Unknown,0
Z140-07,Male,57,0,0,Yes,FOXP3,Ki67_low,97,86,inactive,0
A93-47,Female,56,0,0,Yes,FOXP3,Ki67_high,71,26,active,0
G80-77,Female,56,0,0,Yes,FOXP3,Ki67_low,58,56,active,0
H150-47,Male,54,0,0,Yes,FOXP3,Ki67_high,128,06,inactive,0
I81-94,Male,53,0,0,Yes,FOXP3,Ki67_low,59,73,inactive,0
J70-75,Female,53,0,0,Yes,FOXP3,Ki67_low,48,54,Unknown,0
K83-83,Male,52,0,0,No,CD68,Ki67_low,61,62,Unknown,0
L73-66,Female,52,0,0,No,CD68,Ki67_low,51,45,active,0
M104-37,Male,51,1,0,Yes,FOXP3,Ki67_low,80,16,active,0
Z77-83,Female,51,0,0,No,CD68,Ki67_high,55,62,Unknown,0
A70-01,Female,51,0,0,No,FOXP3,Ki67_low,47,8,Unknown,0
B119-88,Female,50,0,0,No,CD68,Ki67_high,97,67,Unknown,0
X78-49,Male,47,0,0,Yes,FOXP3,Ki67_high,56,08,inactive,0
D169-97,Female,47,0,0,Yes,FOXP3,Ki67_high,147,76,active,0
Z143-79,Male,47,0,0,No,FOXP3,Ki67_high,101,58,Unknown,0
A80-98,Male,45,0,0,No,CD68,Ki67_low,58,77,Unknown,0
B84-41,Female,45,0,0,Yes,CD4,Ki67_high,62,24.4,active,0
X101-31,Male,44,0,0,No,CD68,Ki67_low,79,1,Unknown,0
D86-46,Male,43,0,0,Yes,FOXP3,Ki67_low,64,05,indifferent,0
Z94-86,Female,43,0,0,Yes,FOXP3,Ki67_low,70,65,indifferent,0
A140-48,Female,43,0,1,Yes,FOXP3,Ki67_low,118,07,indifferent,0
B444-48,Male,42,0,0,Yes,CD4,Ki67_high,222,07,indifferent,0
A144-16,Male,41,0,0,Yes,FOXP3,Ki67_low,101,95,active,0
B93-55,Male,41,0,0,Yes,FOXP3,Ki67_high,71,34,active,0
X99-34,Male,65,0,0,Yes,FOXP3,Ki67_low,77,13,active,0
D59-87,Male,82,0,0,Yes,FOXP3,Ki67_low,37,66,inactive,0
Z74-76,Female,82,0,0,Yes,FOXP3,Ki67_high,50,55,indifferent,0
A68-34,Female,81,0,0,No,CD68,Ki67_high,46,13,Unknown,0
B61-1,Male,81,0,0,Yes,NK,Ki67_low,38,89,inactive,0
X140-77,Female,81,0,0,No,FOXP3,Ki67_high,98,56,active,0
D60-39,Male,80,0,0,No,CD68,Ki67_high,38,18,Unknown,0
Z146-34,Female,80,0,0,Yes,CD4,Ki67_low,104,13,active,0
A93-44,Female,80,0,0,Yes,FOXP3,Ki67_high,71,03,active,0
G154-75,Female,79,0,0,Yes,FOXP3,Ki67_high,132,54,active,0
H64-81,Female,79,0,0,No,FOXP3,Ki67_high,40,6,active,0
I65-96,Female,79,0,0,No,CD68,Ki67_high,43,75,Unknown,0
J79-53,Female,79,0,0,Yes,FOXP3,Ki67_high,57,32,active,0
K96-85,Female,78,0,0,Yes,FOXP3,Ki67_high,74,64,active,0
L451-99,Female,78,0,0,Yes,CD4,Ki67_low,229,78,active,0
M115-13,Male,78,0,0,Yes,FOXP3,Ki67_high,92,92,inactive,0
N104-3,Male,77,0,0,No,CD68,Ki67_low,80,09,Unknown,0
O78-99,Male,76,0,0,Yes,NK,Ki67_low,56,78,active,0
P191-79,Male,76,0,0,No,FOXP3,Ki67_high,169,58,inactive,0
Q68-8,Female,76,1,0,Yes,NK,Ki67_high,46,59,active,0
R83-84,Female,75,0,0,Yes,CD4,Ki67_high,61,63,indifferent,0
Z94-66,Male,75,0,0,Yes,FOXP3,Ki67_low,72,45,indifferent,0
A107-98,Female,74,0,0,No,FOXP3,Ki67_high,85,77,active,0
B61-01,Male,74,0,0,No,FIBRO,Ki67_high,38,8,Unknown,0
X135-64,Female,73,0,0,No,FOXP3,Ki67_low,113,43,active,0
D94-65,Male,72,0,0,No,CD68,Ki67_low,70,44,active,0
Z141-11,Female,68,0,0,No,FOXP3,Ki67_high,98,9,Unknown,0
A163-56,Male,68,1,0,Yes,FOXP3,Ki67_high,141,35,indifferent,0
B107-69,Male,65,0,0,No,CD68,Ki67_low,85,48,Unknown,0
X416-88,Male,65,0,0,Yes,NK,Ki67_high,194,67,inactive,0
D70-15,Female,64,0,0,No,FOXP3,Ki67_high,47,94,Unknown,0
Z83-04,Male,61,0,0,No,FOXP3,Ki67_low,60,81,Unknown,0
A87-94,Male,61,0,0,No,CD68,Ki67_low,65,73,Unknown,0
B444-49,Male,60,1,0,Yes,CD4,Ki67_low,200,08,active,0
A139-43,Male,60,1,0,Yes,CD4,Ki67_low,117,22,indifferent,0
B413-11,Female,60,0,0,Yes,FOXP3,Ki67_low,190,9,active,0
X77-43,Male,59,0,0,Yes,FOXP3,Ki67_high,55,02,inactive,0
D58-48,Female,59,0,0,Yes,FOXP3,Ki67_low,36,27,active,0
Z87-33,Female,59,0,0,No,CD4,Ki67_high,65,12,active,0
A104-34,Male,59,0,0,Yes,FOXP3,Ki67_high,80,13,active,0
B151-3,Female,58,0,0,Yes,NK,Ki67_high,129,09,active,0
X144-43,Female,58,0,0,Yes,NK,Ki67_low,122,02,indifferent,0
D110-6,Female,57,0,0,Yes,CD4,Ki67_high,88,39,indifferent,0
Z80-48,Female,57,0,0,Yes,CD4,Ki67_low,58,07,active,0
A111-04,Male,57,0,0,No,CD68,Ki67_high,88,81,Unknown,0
G114-88,Female,57,0,0,No,CD68,Ki67_high,92,67,Unknown,0
H447-51,Male,56,1,0,Yes,NK,Ki67_low,205,3,indifferent,0
I111-65,Male,56,0,0,No,CD68,Ki67_low,89,44,Unknown,0
J401-01,Male,56,1,1,Yes,FOXP3,Ki67_low,178,8,active,0
K149-01,Female,54,0,0,No,CD68,Ki67_low,106,8,Unknown,0
L144-08,Female,53,0,0,Yes,FOXP3,Ki67_high,101,87,Unknown,0
M107-91,Female,53,1,0,Yes,CD4,Ki67_high,85,7,Unknown,0
N95-4,Male,53,1,0,Yes,FOXP3,Ki67_high,73,19,active,0
O65-9,Female,52,0,0,No,FOXP3,Ki67_high,43,69,active,0
P78-98,Male,52,0,0,No,CD68,Ki67_low,56,77,Unknown,0
Q111-33,Male,52,0,0,No,NK,Ki67_high,89,12,indifferent,0
R104-36,Female,52,0,0,Yes,FOXP3,Ki67_high,82,15,active,0
Z143-87,Female,51,0,0,Yes,CD4,Ki67_low,101,66,Unknown,0
A410,Male,51,0,0,Yes,NK,Ki67_high,187,79,indifferent,0
B86-86,Male,50,0,0,No,FOXP3,Ki67_high,64,65,Unknown,0
X113-96,Female,49,0,0,No,CD68,Ki67_high,91,75,Unknown,0
D81-48,Female,49,0,0,Yes,FOXP3,Ki67_high,59,07,inactive,0
Z104-5,Female,49,0,0,Yes,FOXP3,Ki67_high,80,29,active,0
A78-05,Female,48,0,0,No,FOXP3,Ki67_high,55,84,active,0
B437-58,Female,44,1,1,Yes,FOXP3,Ki67_low,215,37,indifferent,0
X86-07,Male,44,0,0,Yes,NK,Ki67_low,63,86,Unknown,0
D59-05,Male,43,0,0,Yes,FOXP3,Ki67_high,36,84,indifferent,0
Z95-88,Male,42,0,1,Yes,NK,Ki67_high,73,67,Unknown,0
A70-18,Female,39,0,0,Yes,CD4,Ki67_high,47,97,Unknown,0
B111-13,Male,38,0,0,Yes,FOXP3,Ki67_high,88,92,indifferent,0
A79-3,Female,82,0,0,Yes,FOXP3,Ki67_low,57,09,Unknown,0
B65-84,Female,82,0,0,No,NK,Ki67_low,43,63,inactive,0
X143-49,Female,81,0,1,Yes,FOXP3,Ki67_high,101,28,inactive,0
D407-45,Female,81,0,0,No,CD68,Ki67_high,185,24,inactive,0
Z143-45,Male,81,0,0,No,FOXP3,Ki67_high,121,24,inactive,0
A89-11,Female,79,0,0,Yes,CD4,Ki67_high,66,9,active,0
B58-3,Female,79,0,0,Yes,CD4,Ki67_high,36,09,active,0
X78-68,Male,79,1,0,Yes,NK,Ki67_low,56,47,active,0
D98-91,Male,78,0,0,Yes,CD4,Ki67_low,76,7,active,0
Z67-94,Female,78,0,0,No,FOXP3,Ki67_high,45,71,inactive,0
A73,Female,78,0,0,No,FOXP3,Ki67_high,50,79,active,0
G97-5,Male,77,0,0,Yes,FOXP3,Ki67_high,75,29,indifferent,0
H108-43,Male,76,0,0,Yes,FOXP3,Ki67_low,86,22,inactive,0
I90-43,Male,76,0,0,Yes,FOXP3,Ki67_low,68,22,indifferent,0
J76-3,Female,75,0,0,No,FOXP3,Ki67_low,54,09,active,0
K141-47,Male,74,0,0,Yes,FOXP3,Ki67_high,99,06,inactive,0
L119-67,Male,74,0,0,No,FOXP3,Ki67_low,97,46,Unknown,0
M446-93,Female,74,0,1,Yes,CD4,Ki67_low,204,72,inactive,0
N76-11,Female,74,0,1,Yes,CD4,Ki67_high,53,9,Unknown,0
O93-43,Female,74,0,0,Yes,CD4,Ki67_low,71,02,inactive,0
P453-16,Female,74,0,0,Yes,FOXP3,Ki67_low,230,95,Unknown,0
Q101-04,Female,72,0,0,Yes,FOXP3,Ki67_low,78,81,inactive,0
R438-53,Female,71,1,0,Yes,NK,Ki67_high,216,32,active,0
Z79-18,Female,71,0,0,Yes,FOXP3,Ki67_high,56,97,indifferent,0
A407-79,Female,71,0,0,Yes,FOXP3,Ki67_low,185,58,active,0
B196-4,Female,71,0,0,Yes,FOXP3,Ki67_high,173,99,active,0
X431-76,Female,69,0,0,Yes,FOXP3,Ki67_low,209,55,active,0
D93-3,Female,68,0,0,No,CD68,Ki67_high,71,09,Unknown,0
Z110-47,Female,68,0,0,Yes,FOXP3,Ki67_low,88,26,inactive,0
A77-54,Female,68,0,0,Yes,NK,Ki67_high,55,31,active,0
B91-43,Male,67,0,0,Yes,FOXP3,Ki67_low,69,02,inactive,0
X416-94,Female,67,0,0,Yes,FOXP3,Ki67_high,194,71,Unknown,0
D157-01,Female,66,0,0,Yes,FOXP3,Ki67_low,134,8,inactive,0
Z93-51,Male,66,0,0,Yes,FOXP3,Ki67_low,71,3,active,0
A104-54,Male,65,1,0,Yes,NK,Ki67_high,80,33,active,0
B87-78,Female,65,0,0,Yes,FOXP3,Ki67_high,65,57,indifferent,0
A146-67,Female,64,0,0,No,FOXP3,Ki67_low,104,46,inactive,0
B93-6,Male,62,1,0,Yes,NK,Ki67_high,71,39,active,0
X194-98,Male,62,0,1,Yes,NK,Ki67_high,172,77,Unknown,0
D99-96,Male,61,0,0,No,CD68,Ki67_high,77,75,Unknown,0
Z58-87,Male,61,0,0,Yes,FOXP3,Ki67_low,36,66,active,0
A77-67,Female,60,0,0,No,NK,Ki67_low,55,46,Unknown,0
B83-14,Male,60,0,0,Yes,FOXP3,Ki67_low,60,93,active,0
X69-18,Male,60,0,0,Yes,NK,Ki67_low,46,97,inactive,0
D418-54,Male,59,0,0,Yes,CD4,Ki67_high,196,33,inactive,0
Z71-44,Female,58,1,0,No,FOXP3,Ki67_low,49,01,active,0
A84-41,Male,58,0,0,No,CD68,Ki67_low,60,2,Unknown,0
G84-07,Male,57,0,0,No,NK,Ki67_high,59,86,active,0
H73,Female,54,0,0,Yes,NK,Ki67_low,50,79,active,0
I147-45,Male,54,0,0,No,CD68,Ki67_high,105,04,Unknown,0
J74-63,Female,53,0,0,Yes,FOXP3,Ki67_high,50,42,Unknown,0
K108-4,Female,53,0,0,No,FOXP3,Ki67_high,85,99,active,0
L143-95,Male,51,1,1,Yes,FOXP3,Ki67_low,101,74,indifferent,0
M58-71,Female,49,1,0,Yes,FOXP3,Ki67_low,36,5,active,0
N98-46,Male,49,0,0,Yes,FOXP3,Ki67_high,76,25,active,0
O68-78,Female,49,0,0,Yes,FOXP3,Ki67_high,46,57,indifferent,0
P133-63,Male,49,0,0,No,CD68,Ki67_high,111,42,Unknown,0
Q101-43,Male,47,0,1,Yes,NK,Ki67_high,79,22,Unknown,0
R65-3,Female,47,0,0,No,FOXP3,Ki67_high,43,09,inactive,0
Z74-49,Female,47,0,0,Yes,FOXP3,Ki67_low,50,28,inactive,0
A65-49,Female,46,0,0,Yes,FOXP3,Ki67_low,43,28,Unknown,0
B63-4,Female,46,0,0,No,CD4,Ki67_low,41,19,inactive,0
X105-49,Female,46,0,0,Yes,NK,Ki67_high,83,08,indifferent,0
D64-08,Male,44,0,0,No,CD68,Ki67_low,41,87,Unknown,0
Z78-34,Female,43,0,0,No,FOXP3,Ki67_low,56,13,active,0
A66-34,Female,42,0,0,Yes,FOXP3,Ki67_high,44,11,indifferent,0
B168-15,Female,41,0,0,No,FOXP3,Ki67_high,145,94,active,0
X93-48,Female,40,0,0,Yes,FOXP3,Ki67_high,71,27,indifferent,0
D79-4,Male,40,1,0,Yes,NK,Ki67_low,56,99,active,0
Z107-45,Male,56,0,0,Yes,FOXP3,Ki67_high,85,24,indifferent,0
A83-86,Male,93,0,0,No,FOXP3,Ki67_high,61,65,active,0
B119-96,Male,82,0,0,Yes,FOXP3,Ki67_high,97,75,active,0
A70-58,Female,81,0,0,Yes,FOXP3,Ki67_high,48,37,active,0
B87-7,Female,81,0,0,No,FOXP3,Ki67_high,65,49,active,0
X65-49,Female,80,0,0,Yes,CD4,Ki67_low,43,08,active,0
D97-14,Female,80,0,0,Yes,FOXP3,Ki67_low,74,93,active,0
Z110-68,Male,80,0,0,Yes,FOXP3,Ki67_low,88,47,indifferent,0
A91-93,Female,79,0,0,Yes,CD4,Ki67_low,69,72,inactive,0
B88-54,Male,79,0,0,No,CD68,Ki67_low,66,33,Unknown,0
X183,Female,79,1,0,Yes,FOXP3,Ki67_low,160,79,Unknown,0
D115-93,Female,79,0,0,No,CD4,Ki67_high,93,72,active,0
Z99-13,Female,79,0,0,No,CD68,Ki67_low,76,92,Unknown,0
A69-44,Female,78,0,0,Yes,FOXP3,Ki67_high,47,03,active,0
G104-48,Female,78,0,0,Yes,FOXP3,Ki67_high,80,07,active,0
H71-31,Male,78,0,0,Yes,FOXP3,Ki67_low,49,1,active,0
I89-75,Male,78,0,0,Yes,FOXP3,Ki67_high,67,54,active,0
J87-66,Male,78,0,0,Yes,FOXP3,Ki67_low,65,45,active,0
K437-17,Male,77,0,0,No,FOXP3,Ki67_high,214,96,Unknown,0
L81-11,Female,77,0,0,No,CD68,Ki67_low,58,9,Unknown,0
M178-33,Male,76,0,0,Yes,FOXP3,Ki67_low,156,12,active,0
N81-38,Female,76,0,0,Yes,FOXP3,Ki67_high,59,17,Unknown,0
O109-56,Male,76,0,0,No,CD68,Ki67_low,87,35,Unknown,0
P70-45,Female,76,0,0,No,FOXP3,Ki67_high,48,24,inactive,0
Q73-44,Female,76,0,0,Yes,CD4,Ki67_high,51,23,Unknown,0
R146-44,Female,75,0,0,Yes,FOXP3,Ki67_low,124,23,indifferent,0
Z65-04,Female,74,0,0,Yes,FOXP3,Ki67_low,42,83,active,0
A151-45,Female,73,0,0,Yes,NK,Ki67_high,129,04,Unknown,0
B106-41,Male,71,0,0,No,FOXP3,Ki67_high,84,2,inactive,0
X197-09,Male,71,1,0,Yes,FOXP3,Ki67_low,174,88,Unknown,0
D93-58,Male,69,0,0,Yes,FOXP3,Ki67_low,71,37,inactive,0
Z144-04,Female,69,0,0,No,CD68,Ki67_high,99,83,Unknown,0
A80-06,Female,68,0,0,No,FOXP3,Ki67_high,57,85,Unknown,0
B84-93,Female,66,0,1,Yes,FOXP3,Ki67_low,62,72,Unknown,0
X68-4,Male,66,0,0,No,NK,Ki67_low,46,19,active,0
D64-99,Female,66,0,0,No,CD4,Ki67_low,40,78,indifferent,0
Z139-67,Female,66,0,0,No,CD68,Ki67_low,117,46,Unknown,0
A113-4,Male,65,0,0,Yes,CD4,Ki67_low,91,19,inactive,0
B101-94,Male,65,0,0,Yes,NK,Ki67_low,79,71,Unknown,0
A65-98,Male,65,1,0,Yes,FOXP3,Ki67_low,43,77,indifferent,0
B84-3,Male,64,0,0,Yes,FOXP3,Ki67_low,62,09,Unknown,0
X61-44,Female,64,0,0,No,CD68,Ki67_low,39,21,Unknown,0
D85-54,Female,63,0,0,Yes,CD4,Ki67_high,63,31,active,0
Z83-79,Female,61,0,0,Yes,CD4,Ki67_low,61,58,Unknown,0
A73-83,Female,61,0,0,No,FOXP3,Ki67_low,51,62,Unknown,0
B69-38,Female,58,0,0,No,FOXP3,Ki67_high,47,17,active,0
X66-11,Male,57,0,0,Yes,FOXP3,Ki67_low,43,9,active,0
D149-64,Male,57,0,0,Yes,FOXP3,Ki67_low,127,41,indifferent,0
Z444-84,Female,56,0,0,Yes,FOXP3,Ki67_low,220,63,inactive,0
A404-66,Female,54,1,0,Yes,FOXP3,Ki67_low,180,45,inactive,0
G416-9,Male,52,0,1,Yes,FOXP3,Ki67_high,194,69,indifferent,0
H103-78,Female,52,0,0,No,FOXP3,Ki67_low,81,57,Unknown,0
I114-88,Female,51,0,0,Yes,NK,Ki67_high,92,67,indifferent,0
J75-94,Female,51,0,0,No,FOXP3,Ki67_low,53,73,active,0
K55-51,Female,51,0,0,No,CD68,Ki67_high,33,3,Unknown,0
L93-74,Male,51,0,0,No,CD68,Ki67_high,71,53,Unknown,0
M71-44,Male,50,0,0,Yes,FOXP3,Ki67_low,49,23,inactive,0
N58-49,Female,50,0,0,Yes,CD4,Ki67_low,36,08,indifferent,0
O115-83,Male,47,0,0,Yes,FOXP3,Ki67_low,93,62,active,0
P104-71,Female,47,0,0,Yes,FOXP3,Ki67_low,80,5,indifferent,0
Q99-69,Male,45,0,0,Yes,CD4,Ki67_low,77,48,inactive,0
R104-89,Female,45,0,0,Yes,NK,Ki67_high,80,68,indifferent,0
Z79-05,Male,45,0,1,Yes,FOXP3,Ki67_low,56,84,Unknown,0
A56-63,Female,45,0,0,No,CD4,Ki67_high,34,42,active,0
B87-34,Male,44,0,0,Yes,FOXP3,Ki67_high,65,13,indifferent,0
X109-51,Male,44,0,0,Yes,FOXP3,Ki67_high,87,3,active,0
D81-43,Female,44,0,0,No,FOXP3,Ki67_low,59,22,indifferent,0
Z78-59,Female,43,0,0,No,FOXP3,Ki67_low,56,38,active,0
A101-44,Female,41,0,1,Yes,NK,Ki67_low,79,01,indifferent,0
B78-46,Female,39,0,0,No,CD68,Ki67_low,56,05,Unknown,0
X105-47,Male,39,0,0,No,FOXP3,Ki67_high,83,26,active,0
D68-19,Female,38,0,0,No,FOXP3,Ki67_low,45,98,active,0
Z410,Female,88,1,0,Yes,FOXP3,Ki67_low,187,79,active,0
A114-47,Female,56,0,0,Yes,NK,Ki67_high,92,26,inactive,0
B66-85,Male,65,0,0,Yes,FOXP3,Ki67_low,44,64,Unknown,0
A94-71,Male,74,0,0,Yes,FOXP3,Ki67_high,72,5,inactive,0
B408-05,Female,92,0,1,Yes,FOXP3,Ki67_low,185,84,inactive,0
X444-6,Female,82,0,0,Yes,FOXP3,Ki67_high,200,39,inactive,0
D80-81,Male,81,0,0,Yes,FOXP3,Ki67_low,58,6,indifferent,0
Z64-51,Male,81,0,0,Yes,FOXP3,Ki67_high,42,3,active,0
A151-56,Female,81,1,0,Yes,FOXP3,Ki67_low,129,35,Unknown,0
B199-14,Male,80,0,0,Yes,FOXP3,Ki67_low,176,93,active,0
X73-41,Female,80,0,0,No,NK,Ki67_high,51,2,inactive,0
D109-65,Female,79,0,0,Yes,FOXP3,Ki67_low,87,44,indifferent,0
Z69-11,Female,79,0,0,Yes,CD4,Ki67_high,46,9,active,0
A114-41,Female,78,0,0,Yes,FOXP3,Ki67_low,92,2,active,0
G103-46,Female,78,0,0,Yes,FOXP3,Ki67_low,81,25,active,0
H95-36,Female,78,0,0,Yes,FOXP3,Ki67_high,73,15,active,0
I57-33,Female,77,0,0,No,CD68,Ki67_low,35,12,Unknown,0
J191-48,Female,76,0,0,Yes,FOXP3,Ki67_high,169,27,inactive,0
K71-63,Female,76,0,0,No,CD68,Ki67_high,49,42,Unknown,0
L94,Male,75,0,0,Yes,FOXP3,Ki67_low,71,79,Unknown,0
M93-77,Male,72,0,1,Yes,FOXP3,Ki67_high,71,56,Unknown,0
N84-75,Female,72,0,0,Yes,FOXP3,Ki67_low,62,54,Unknown,0
O89-44,Female,72,0,0,No,FOXP3,Ki67_high,67,03,indifferent,0
P70-13,Female,71,0,0,Yes,FOXP3,Ki67_low,47,92,active,0
Q84-46,Female,71,0,0,Yes,FOXP3,Ki67_low,60,05,indifferent,0
R400-16,Male,70,1,0,Yes,FOXP3,Ki67_low,177,95,active,0
Z80-73,Male,69,0,0,Yes,FOXP3,Ki67_low,58,52,inactive,0
A75-09,Female,68,0,0,Yes,FOXP3,Ki67_low,52,88,indifferent,0
B80-57,Female,68,0,0,Yes,NK,Ki67_low,58,36,active,0
X77-04,Female,68,1,0,No,FOXP3,Ki67_high,54,83,indifferent,0
D145-46,Male,66,0,0,Yes,FOXP3,Ki67_low,123,05,Unknown,0
Z190-4,Male,65,0,0,Yes,FOXP3,Ki67_low,168,19,indifferent,0
A84-08,Male,65,0,0,Yes,NK,Ki67_low,59,87,indifferent,0
B103-35,Female,64,0,0,No,FOXP3,Ki67_high,81,14,indifferent,0
X97-46,Male,64,0,0,No,CD68,Ki67_low,75,25,Unknown,0
D143-65,Female,63,0,0,Yes,FOXP3,Ki67_low,101,44,inactive,0
Z87-96,Female,63,0,0,No,CD68,Ki67_low,65,75,indifferent,0
A85-94,Female,62,0,0,Yes,NK,Ki67_low,63,71,inactive,0
B80-8,Female,62,0,0,Yes,FOXP3,Ki67_low,58,59,active,0
A99-3,Female,59,0,0,Yes,NK,Ki67_high,77,09,active,0
B64-56,Male,58,0,0,Yes,FOXP3,Ki67_high,40,35,active,0
X144-4,Male,58,0,0,Yes,FOXP3,Ki67_low,121,99,inactive,0
D71-38,Female,57,0,0,Yes,FOXP3,Ki67_low,49,17,active,0
Z95-5,Female,57,0,0,No,FOXP3,Ki67_low,73,29,Unknown,0
A67-06,Female,57,0,0,Yes,CD4,Ki67_low,44,85,active,0
B70-16,Male,56,0,0,Yes,FOXP3,Ki67_high,47,95,indifferent,0
X104-44,Female,55,0,0,Yes,CD4,Ki67_low,82,03,Unknown,0
D144-48,Male,54,0,0,Yes,FOXP3,Ki67_high,100,27,inactive,0
Z415-9,Female,54,0,0,No,CD4,Ki67_low,193,69,inactive,0
A108-56,Female,54,0,0,Yes,CD4,Ki67_high,86,35,indifferent,0
G69-88,Male,53,0,0,Yes,FOXP3,Ki67_low,47,67,Unknown,0
H91-54,Male,53,0,0,No,CD68,Ki67_high,69,33,Unknown,0
I65-85,Male,51,0,0,No,CD68,Ki67_high,43,64,Unknown,0
J60-74,Female,51,0,0,Yes,FOXP3,Ki67_high,38,53,active,0
K433-54,Male,49,0,0,No,FOXP3,Ki67_high,211,31,active,0
L110-7,Female,45,0,0,No,FOXP3,Ki67_low,88,49,active,0
M78-93,Female,43,0,0,Yes,CD4,Ki67_high,56,72,indifferent,0
Z144-5,Female,42,0,0,No,FOXP3,Ki67_low,102,29,Unknown,0
A57-95,Male,41,0,0,No,CD68,Ki67_low,35,74,Unknown,0
B94-84,Male,40,0,0,Yes,FOXP3,Ki67_high,70,61,Unknown,0
X58-45,Male,39,0,0,Yes,FOXP3,Ki67_high,36,04,inactive,0
D413-54,Female,56,1,0,Yes,FOXP3,Ki67_high,191,33,active,0
Z74-86,Male,56,0,0,No,FOXP3,Ki67_low,52,65,active,0
A78-35,Female,56,0,0,No,FOXP3,Ki67_low,56,14,Unknown,0
B101-46,Male,82,0,0,No,CD68,Ki67_low,79,05,Unknown,0
X86-87,Female,82,0,0,Yes,FOXP3,Ki67_low,64,66,Unknown,0
D144-01,Female,81,0,0,Yes,FOXP3,Ki67_high,101,8,Unknown,0
Z83-41,Female,81,0,0,Yes,FOXP3,Ki67_low,61,2,active,0
A188-69,Male,81,0,1,Yes,CD4,Ki67_low,166,48,indifferent,0
B86-51,Male,81,0,0,Yes,FOXP3,Ki67_high,64,3,indifferent,0
A70-65,Female,81,0,0,No,NK,Ki67_high,48,44,Unknown,0
B94-4,Female,81,0,0,No,NK,Ki67_high,70,19,Unknown,0
X73-36,Female,79,0,0,Yes,NK,Ki67_low,51,15,active,0
D419-5,Female,79,0,0,Yes,CD4,Ki67_low,197,29,indifferent,0
Z105-73,Male,79,0,0,No,CD68,Ki67_high,83,52,active,0
A83-79,Male,79,0,0,Yes,FOXP3,Ki67_high,61,58,inactive,0
B58-04,Female,79,0,0,No,FOXP3,Ki67_low,35,81,Unknown,0
X61-94,Female,79,0,0,Yes,CD4,Ki67_high,39,73,indifferent,0
D99-71,Male,78,0,0,No,CD68,Ki67_high,77,5,Unknown,0
Z63-19,Female,78,0,0,Yes,NK,Ki67_high,40,98,active,0
A107-11,Male,78,1,0,Yes,FOXP3,Ki67_high,84,9,inactive,0
G56-84,Female,77,0,0,No,FOXP3,Ki67_low,34,63,inactive,0
H417-66,Male,77,0,0,Yes,CD4,Ki67_high,195,45,indifferent,0
I77-19,Female,76,0,0,Yes,FOXP3,Ki67_high,54,98,inactive,0
J76-44,Male,76,0,0,No,FOXP3,Ki67_high,54,01,indifferent,0
K155-34,Male,75,0,0,Yes,NK,Ki67_high,133,11,indifferent,0
L70-67,Female,75,0,0,Yes,FOXP3,Ki67_low,48,46,inactive,0
M447-16,Female,74,1,1,Yes,FOXP3,Ki67_low,204,95,active,0
N58-69,Female,72,0,0,Yes,FOXP3,Ki67_high,36,48,indifferent,0
O88-85,Female,72,0,0,No,NK,Ki67_low,66,64,Unknown,0
P137-94,Female,71,1,0,Yes,FOXP3,Ki67_low,115,73,active,0
Q60-6,Female,71,0,0,Yes,FOXP3,Ki67_low,38,39,active,0
R93-67,Female,71,0,0,Yes,FOXP3,Ki67_high,71,46,active,0
Z79-56,Male,71,0,0,Yes,FOXP3,Ki67_low,57,35,active,0
A144-46,Male,71,0,0,No,FOXP3,Ki67_high,100,25,active,0
B94-34,Male,70,0,0,Yes,FOXP3,Ki67_low,70,11,active,0
X80-63,Male,69,1,0,Yes,FOXP3,Ki67_high,58,42,inactive,0
D94-34,Male,69,0,0,Yes,CD4,Ki67_low,70,11,inactive,0
Z59-89,Female,68,1,0,Yes,CD4,Ki67_low,37,68,active,0
A80-57,Female,68,0,0,Yes,FOXP3,Ki67_low,58,36,inactive,0
B88-54,Female,67,0,0,Yes,NK,Ki67_low,66,31,indifferent,0
X88-84,Female,66,0,0,Yes,FOXP3,Ki67_low,66,61,indifferent,0
D104-08,Female,64,1,1,Yes,FOXP3,Ki67_high,79,87,inactive,0
Z71-38,Male,63,0,0,Yes,NK,Ki67_low,49,17,indifferent,0
A84-9,Female,63,0,0,Yes,CD4,Ki67_high,62,69,active,0
B84-41,Female,63,0,0,Yes,NK,Ki67_low,60,26.2,Unknown,0
A409-9,Female,62,0,0,Yes,NK,Ki67_high,187,69,inactive,0
B74-05,Male,61,0,0,Yes,FOXP3,Ki67_low,51,84,Unknown,0
X90-46,Male,60,0,0,No,CD68,Ki67_low,68,25,Unknown,0
D176-48,Female,60,0,0,Yes,FOXP3,Ki67_high,154,27,indifferent,0
Z94-07,Male,60,0,0,Yes,NK,Ki67_low,71,86,active,0
A85-14,Male,59,0,0,Yes,NK,Ki67_low,62,91,indifferent,0
B71-81,Female,59,0,0,No,FOXP3,Ki67_low,49,6,Unknown,0
X111-93,Male,59,0,0,No,FOXP3,Ki67_high,89,72,active,0
D94-4,Female,59,0,0,Yes,CD4,Ki67_low,72,19,Unknown,0
Z70,Male,59,0,0,No,CD68,Ki67_low,47,79,Unknown,0
A95-57,Male,58,0,0,Yes,FOXP3,Ki67_high,73,36,inactive,0
G91-98,Male,57,0,0,No,CD68,Ki67_low,69,77,Unknown,0
H66-49,Female,57,0,0,No,FOXP3,Ki67_low,44,08,inactive,0
I411-88,Female,57,0,1,Yes,NK,Ki67_high,189,67,active,0
J76-55,Female,54,0,0,Yes,FOXP3,Ki67_high,54,34,inactive,0
K56-67,Female,54,0,0,Yes,FOXP3,Ki67_low,34,46,active,0
L100-54,Male,53,0,0,Yes,FOXP3,Ki67_high,78,31,Unknown,0
M58-96,Male,53,0,0,No,FOXP3,Ki67_high,36,75,Unknown,0
N81-66,Female,52,0,0,No,CD68,Ki67_high,59,45,indifferent,0
O96-77,Female,52,1,0,Yes,FOXP3,Ki67_high,74,56,active,0
P91-63,Female,52,1,0,Yes,FOXP3,Ki67_high,69,42,inactive,0
Q97-51,Male,52,0,0,No,CD68,Ki67_low,75,3,Unknown,0
R445-6,Male,51,1,0,Yes,FOXP3,Ki67_high,203,39,active,0
Z95-58,Male,51,0,0,No,FOXP3,Ki67_high,73,37,inactive,0
A410-43,Female,51,1,0,Yes,NK,Ki67_high,188,02,active,0
B94-84,Female,51,0,0,Yes,FOXP3,Ki67_low,70,61,active,0
X434-84,Female,51,0,0,Yes,FOXP3,Ki67_high,212,61,active,0
D65-67,Male,49,0,0,No,CD68,Ki67_high,43,46,Unknown,0
Z74-51,Female,49,0,0,Yes,FOXP3,Ki67_low,52,3,Unknown,0
A81-99,Female,48,0,1,Yes,FOXP3,Ki67_high,59,78,indifferent,0
B87-69,Female,48,0,0,Yes,NK,Ki67_low,65,48,indifferent,0
X145-49,Male,46,0,0,No,FOXP3,Ki67_high,103,08,active,0
D111-64,Female,45,0,0,Yes,CD4,Ki67_high,89,43,Unknown,0
Z70-93,Female,45,0,0,No,FIBRO,Ki67_low,48,72,active,0
A89-93,Male,44,1,0,Yes,FOXP3,Ki67_low,67,72,active,0
B137-45,Male,43,0,0,No,CD68,Ki67_high,115,24,Unknown,0
A74-06,Female,42,0,0,No,FOXP3,Ki67_high,49,85,indifferent,0
B97-9,Female,42,0,0,Yes,FOXP3,Ki67_high,75,69,indifferent,0
X84-85,Male,38,0,0,No,CD68,Ki67_low,62,64,Unknown,0
D430-59,Male,38,0,0,Yes,FOXP3,Ki67_high,208,38,indifferent,0
Z94-81,Male,82,0,0,Yes,FOXP3,Ki67_high,70,6,Unknown,0
A168-15,Female,82,0,0,No,FOXP3,Ki67_low,145,94,active,0
B444-63,Female,81,0,0,Yes,NK,Ki67_low,202,42,active,0
X108-14,Male,81,0,0,Yes,FOXP3,Ki67_low,85,91,Unknown,0
D85-17,Male,81,0,0,No,FOXP3,Ki67_high,62,96,inactive,0
Z84-14,Male,81,0,0,No,FOXP3,Ki67_low,61,93,active,0
A85-57,Male,81,0,0,No,FOXP3,Ki67_high,63,36,indifferent,0
G84-81,Male,81,0,0,Yes,FOXP3,Ki67_low,60,6,active,0
H110-53,Male,80,1,0,No,FOXP3,Ki67_low,88,32,active,0
I61-88,Female,80,0,0,Yes,FOXP3,Ki67_high,39,67,Unknown,0
J85-04,Female,80,0,0,No,CD68,Ki67_low,62,83,active,0
K140-4,Female,79,0,0,No,FOXP3,Ki67_low,118,19,inactive,0
L64-47,Female,78,0,0,No,CD68,Ki67_low,40,06,Unknown,0
M99-44,Male,78,0,0,No,FOXP3,Ki67_high,77,23,active,0
N88-9,Female,78,0,1,Yes,NK,Ki67_high,66,69,Unknown,0
O64-1,Female,78,0,0,No,FOXP3,Ki67_low,41,89,Unknown,0
P97-58,Female,77,0,0,No,FOXP3,Ki67_low,75,37,Unknown,0
Q58-66,Female,76,1,0,Yes,FOXP3,Ki67_high,36,45,active,0
R88-44,Male,76,0,0,Yes,CD4,Ki67_low,66,03,Unknown,0
Z61-34,Male,76,0,0,Yes,FOXP3,Ki67_low,39,11,inactive,0
A185-71,Male,74,0,0,Yes,NK,Ki67_low,163,5,Unknown,0
B64-99,Male,74,0,0,Yes,FOXP3,Ki67_high,40,78,indifferent,0
X86-04,Male,74,1,0,Yes,FOXP3,Ki67_low,63,83,inactive,0
D83-3,Female,73,0,0,Yes,FOXP3,Ki67_high,61,09,indifferent,0
Z408-17,Female,73,0,0,No,FOXP3,Ki67_low,185,96,active,0
A133-4,Male,73,0,0,No,FOXP3,Ki67_high,110,99,Unknown,0
B81-54,Female,73,0,0,No,FOXP3,Ki67_high,59,33,Unknown,0
X146-61,Female,71,0,0,Yes,FOXP3,Ki67_high,124,4,active,0
D79-33,Female,71,0,0,No,CD68,Ki67_low,57,12,Unknown,0
Z84-56,Female,70,0,0,Yes,FOXP3,Ki67_high,62,35,active,0
A103-44,Male,69,0,0,No,FOXP3,Ki67_high,81,23,active,0
B185-31,Female,69,0,0,Yes,FOXP3,Ki67_low,163,1,active,0
A104-53,Male,68,1,0,Yes,FOXP3,Ki67_low,80,32,indifferent,0
B65-78,Female,68,0,0,Yes,FOXP3,Ki67_low,43,57,Unknown,0
X64-6,Male,68,0,0,No,FOXP3,Ki67_high,40,39,active,0
D81-18,Female,68,0,0,No,CD68,Ki67_high,58,97,Unknown,0
Z76-68,Female,66,0,0,Yes,FOXP3,Ki67_high,54,47,inactive,0
A94-86,Male,65,0,0,No,CD68,Ki67_low,70,65,indifferent,0
B90-95,Male,65,0,0,No,FOXP3,Ki67_low,68,74,inactive,0
X85-66,Female,64,0,1,Yes,FOXP3,Ki67_low,63,45,active,0
D88-4,Female,63,0,0,No,CD4,Ki67_low,65,99,inactive,0
Z403-04,Female,62,0,0,Yes,NK,Ki67_low,180,83,inactive,0
A68-37,Female,62,0,0,Yes,NK,Ki67_high,46,16,inactive,0
G77-34,Female,62,1,0,Yes,NK,Ki67_low,55,11,Unknown,0
H187-87,Male,60,0,0,Yes,CD4,Ki67_high,165,66,active,0
I413-87,Male,59,0,0,No,CD68,Ki67_high,191,66,active,0
J119-64,Female,59,1,0,Yes,FOXP3,Ki67_high,97,41,Unknown,0
K444-85,Male,59,0,0,Yes,FOXP3,Ki67_low,200,64,indifferent,0
L100-84,Female,59,0,0,No,FOXP3,Ki67_high,78,61,Unknown,0
M136-1,Female,59,0,0,No,FOXP3,Ki67_high,113,89,Unknown,0
N149-44,Male,58,0,0,No,CD68,Ki67_high,127,21,Unknown,0
O79-99,Female,58,0,0,Yes,NK,Ki67_high,57,78,active,0
P118-41,Male,58,0,0,Yes,FOXP3,Ki67_high,96,23.6,Unknown,0
Q56-3,Male,54,0,0,No,CD68,Ki67_high,34,09,Unknown,0
R84-49,Female,53,0,0,Yes,NK,Ki67_high,62,28,active,0
Z89-61,Male,53,0,0,No,FOXP3,Ki67_high,67,4,active,0
A100-09,Male,52,0,0,Yes,FOXP3,Ki67_high,77,88,Unknown,0
B198-36,Female,52,0,0,Yes,CD4,Ki67_low,176,15,inactive,0
X93-61,Female,51,0,0,Yes,NK,Ki67_high,71,4,active,0
D75-43,Female,51,0,0,Yes,FOXP3,Ki67_high,53,22,inactive,0
Z100-31,Female,51,0,0,Yes,CD4,Ki67_low,78,1,inactive,0
A105-63,Female,51,0,0,Yes,FOXP3,Ki67_high,83,42,active,0
B84-84,Male,47,0,0,Yes,NK,Ki67_high,60,63,active,0
X58-88,Female,47,0,0,Yes,CD4,Ki67_low,36,67,Unknown,0
D94-47,Male,47,0,0,Yes,FOXP3,Ki67_low,70,06,indifferent,0
Z115-43,Female,46,0,0,Yes,FOXP3,Ki67_low,93,02,active,0
A196-45,Female,46,1,1,Yes,FOXP3,Ki67_low,174,04,inactive,0
B85-97,Female,46,0,0,No,CD68,Ki67_high,63,76,Unknown,0
A114-33,Female,46,0,0,Yes,FOXP3,Ki67_low,92,12,inactive,0
B74-54,Female,45,0,0,Yes,FOXP3,Ki67_high,50,31,active,0
X99-87,Male,43,0,0,No,CD68,Ki67_high,77,66,indifferent,0
D63-47,Female,42,0,0,Yes,FOXP3,Ki67_high,41,26,Unknown,0
Z90-58,Female,42,0,0,Yes,CD4,Ki67_low,68,37,Unknown,0
A94-46,Female,38,0,0,No,FOXP3,Ki67_high,70,05,Unknown,0
B113-74,Female,83,0,0,Yes,NK,Ki67_low,91,53,inactive,0
X74-79,Male,83,1,0,Yes,CD4,Ki67_low,50,58,inactive,0
D94-71,Female,82,0,0,Yes,NK,Ki67_high,72,5,inactive,0
Z194-53,Female,81,0,0,Yes,FOXP3,Ki67_high,172,32,active,0
A74-65,Female,81,0,0,Yes,FOXP3,Ki67_low,50,44,Unknown,0
G86-68,Male,81,1,1,Yes,FOXP3,Ki67_low,64,47,indifferent,0
H140-39,Female,81,0,0,Yes,NK,Ki67_high,118,18,active,0
I77-87,Female,81,0,0,No,CD68,Ki67_high,55,66,Unknown,0
J104-7,Male,80,0,0,Yes,NK,Ki67_high,82,49,indifferent,0
K95-84,Female,80,1,0,Yes,FOXP3,Ki67_low,73,61,active,0
L404-05,Female,80,0,0,Yes,CD4,Ki67_low,181,84,active,0
M130-56,Male,79,0,0,Yes,NK,Ki67_low,108,35,Unknown,0
N67-78,Female,79,0,0,Yes,FOXP3,Ki67_low,45,57,inactive,0
O105-49,Female,79,0,0,Yes,FOXP3,Ki67_low,83,08,indifferent,0
P135-19,Male,79,0,0,Yes,NK,Ki67_low,112,98,inactive,0
Q116-14,Male,78,0,0,No,FOXP3,Ki67_low,93,91,inactive,0
R59-63,Female,78,0,0,No,FOXP3,Ki67_high,37,42,active,0
Z56-43,Male,78,0,0,Yes,NK,Ki67_high,34,22,indifferent,0
A199-18,Female,78,0,0,No,FOXP3,Ki67_high,176,97,active,0
B409-46,Male,78,0,0,Yes,FOXP3,Ki67_high,187,05,indifferent,0
X91-41,Female,77,0,0,Yes,CD4,Ki67_low,69,24.1,active,0
D95-16,Male,77,0,0,Yes,CD4,Ki67_low,72,95,indifferent,0
Z417-11,Female,76,0,0,Yes,FOXP3,Ki67_low,194,9,active,0
A444-46,Male,76,0,1,Yes,CD4,Ki67_low,200,25,active,0
B70-96,Male,73,0,0,No,FOXP3,Ki67_high,48,75,Unknown,0
X84-44,Male,73,0,0,Yes,FOXP3,Ki67_high,60,23,active,0
D74-11,Female,71,0,0,No,CD4,Ki67_high,51,9,inactive,0
Z131-43,Female,71,0,0,No,FOXP3,Ki67_low,109,02,Unknown,0
A187-54,Male,70,0,0,Yes,CD4,Ki67_low,165,31,active,0
B83-46,Female,70,0,0,No,FOXP3,Ki67_high,61,05,active,0
A99-07,Male,70,0,0,No,CD68,Ki67_high,76,86,Unknown,0
B76-63,Female,70,0,0,No,FOXP3,Ki67_low,54,42,active,0
X65-09,Male,69,0,0,No,FOXP3,Ki67_high,42,88,active,0
D144-31,Male,69,0,0,Yes,FOXP3,Ki67_low,120,1,inactive,0
Z80-99,Male,68,1,0,No,FOXP3,Ki67_low,58,78,Unknown,0
A437-74,Male,68,0,0,Yes,CD4,Ki67_high,215,53,active,0
B74-46,Male,66,0,0,Yes,FOXP3,Ki67_low,52,05,indifferent,0
X154-08,Female,66,0,0,No,FOXP3,Ki67_high,131,87,indifferent,0
D78-49,Male,65,0,0,Yes,FOXP3,Ki67_high,56,08,active,0
Z164-67,Male,64,0,0,Yes,FOXP3,Ki67_low,142,46,Unknown,0
A59-61,Female,62,0,0,No,CD68,Ki67_high,37,4,Unknown,0
G67-75,Female,61,0,0,Yes,NK,Ki67_low,45,54,indifferent,0
H94-73,Male,60,0,0,Yes,FOXP3,Ki67_low,70,52,active,0
I90-35,Female,60,0,0,Yes,FOXP3,Ki67_low,68,14,active,0
J77-86,Male,60,0,0,Yes,FOXP3,Ki67_high,55,65,active,0
K71-88,Female,59,0,0,Yes,FOXP3,Ki67_high,49,67,active,0
L118-84,Male,59,1,0,Yes,CD4,Ki67_low,96,61,inactive,0
M67-33,Female,59,0,0,No,CD68,Ki67_low,45,12,Unknown,0
N141-66,Female,59,0,0,No,CD4,Ki67_low,99,45,inactive,0
O111-94,Female,58,0,0,No,CD68,Ki67_high,89,71,Unknown,0
P94-84,Male,57,0,1,Yes,NK,Ki67_low,70,61,indifferent,0
Q95-46,Male,57,0,0,Yes,FOXP3,Ki67_high,73,25,inactive,0
R59-99,Male,56,0,0,No,FIBRO,Ki67_low,37,78,active,0
Z68-96,Female,56,0,0,Yes,NK,Ki67_high,46,75,Unknown,0
A90-46,Female,55,0,0,Yes,FOXP3,Ki67_low,68,05,active,0
B91-9,Female,54,0,0,Yes,FOXP3,Ki67_high,69,69,indifferent,0
X91-08,Female,54,0,0,Yes,FOXP3,Ki67_low,68,87,active,0
D118-55,Female,53,0,0,No,CD68,Ki67_high,96,34,Unknown,0
Z104-04,Female,52,0,0,No,CD68,Ki67_high,79,83,Unknown,0
A65-54,Male,51,0,0,No,CD68,Ki67_high,43,31,Unknown,0
B84-09,Female,51,0,0,Yes,FOXP3,Ki67_low,59,88,active,0
X149-9,Female,51,0,0,Yes,FOXP3,Ki67_high,127,69,Unknown,0
D100-33,Female,51,0,0,Yes,FOXP3,Ki67_high,78,12,active,0
Z91-45,Female,50,0,0,Yes,FOXP3,Ki67_low,69,04,Unknown,0
A89-81,Male,50,0,0,Yes,FOXP3,Ki67_high,67,6,active,0
B97-34,Female,50,0,0,Yes,FOXP3,Ki67_low,75,11,inactive,0
A75-53,Female,48,0,0,No,FOXP3,Ki67_high,53,32,active,0
B141-44,Female,47,0,0,Yes,FOXP3,Ki67_high,99,23,active,0
X83-54,Male,47,0,0,Yes,NK,Ki67_low,61,31,active,0
D57-94,Female,45,0,0,Yes,CD4,Ki67_high,35,71,Unknown,0
Z75-47,Female,45,0,0,No,NK,Ki67_high,53,06,active,0
A80-44,Female,45,0,0,No,FOXP3,Ki67_low,58,03,active,0
B88-69,Male,44,0,0,No,CD68,Ki67_low,66,48,Unknown,0
X69-09,Male,44,0,0,No,FOXP3,Ki67_low,46,88,indifferent,0
D64-67,Female,43,0,0,Yes,NK,Ki67_high,40,46,active,0
Z98-74,Male,42,0,0,Yes,FOXP3,Ki67_low,76,53,active,0
A56-51,Female,42,0,0,Yes,FOXP3,Ki67_high,34,3,inactive,0
G65-95,Female,42,0,0,No,FOXP3,Ki67_high,43,74,active,0
H149-07,Female,41,0,0,No,CD68,Ki67_low,106,86,Unknown,0
I64-47,Female,38,0,0,Yes,FOXP3,Ki67_low,40,26,active,0
J69-84,Female,38,0,0,No,CD68,Ki67_low,47,61,active,0
K99-68,Female,56,0,0,Yes,FOXP3,Ki67_low,77,47,Unknown,0
L443-35,Male,89,0,0,Yes,CD4,Ki67_low,201,14,indifferent,0
M74-36,Male,81,0,1,Yes,NK,Ki67_high,52,15,active,0
N104-97,Male,81,0,1,Yes,NK,Ki67_high,80,76,indifferent,0
O153-38,Female,81,1,0,Yes,CD4,Ki67_low,131,17,active,0
P87-1,Female,81,0,0,No,FOXP3,Ki67_high,64,89,active,0
Q113-4,Female,81,0,0,No,CD68,Ki67_low,91,19,Unknown,0
R94-88,Male,81,0,0,No,CD68,Ki67_high,72,67,Unknown,0
Z84-73,Male,81,0,0,No,CD68,Ki67_low,60,52,Unknown,0
A67-8,Male,80,0,0,No,FOXP3,Ki67_high,45,59,Unknown,0
B84-85,Female,80,0,0,Yes,NK,Ki67_low,62,64,active,0
X135-89,Male,80,0,0,Yes,FOXP3,Ki67_high,113,68,indifferent,0
D106-13,Female,79,0,0,No,FOXP3,Ki67_low,83,92,active,0
Z74-33,Female,79,0,0,Yes,NK,Ki67_high,52,12,inactive,0
A109-4,Female,79,0,0,No,CD68,Ki67_high,87,19,Unknown,0
B75-4,Male,78,0,0,Yes,FOXP3,Ki67_high,53,19,Unknown,0
X87-69,Male,78,0,0,Yes,FOXP3,Ki67_high,65,48,indifferent,0
D95-85,Male,77,0,0,Yes,FOXP3,Ki67_low,73,64,inactive,0
Z90-36,Male,77,0,0,Yes,FOXP3,Ki67_low,68,15,indifferent,0
A63-45,Female,77,0,0,No,FOXP3,Ki67_high,41,24,indifferent,0
B401-07,Female,77,1,0,Yes,NK,Ki67_high,178,86,Unknown,0
A144-91,Female,76,0,0,Yes,FOXP3,Ki67_low,100,7,active,0
B55-41,Female,76,0,0,No,FOXP3,Ki67_high,33,2,Unknown,0
X60-99,Male,76,1,0,Yes,FOXP3,Ki67_low,38,78,Unknown,0
D111-77,Male,76,0,0,No,CD68,Ki67_high,89,56,Unknown,0
Z77-63,Female,75,0,0,No,FOXP3,Ki67_low,55,42,active,0
A70-61,Male,74,0,0,Yes,FOXP3,Ki67_low,48,4,active,0
B144-34,Female,73,0,0,Yes,NK,Ki67_low,102,13,indifferent,0
X103-44,Male,71,0,0,No,FOXP3,Ki67_low,81,23,active,0
D144-5,Female,71,0,0,No,CD68,Ki67_low,102,29,Unknown,0
Z408-06,Female,71,0,0,Yes,FOXP3,Ki67_low,185,85,inactive,0
A75-5,Male,70,0,0,No,CD4,Ki67_low,53,29,active,0
G98-85,Female,69,0,0,Yes,NK,Ki67_low,76,64,active,0
H96-06,Male,68,0,1,Yes,FOXP3,Ki67_high,73,85,Unknown,0
I93-74,Female,67,0,0,No,FOXP3,Ki67_high,71,53,Unknown,0
J65-6,Female,67,0,0,Yes,FOXP3,Ki67_low,43,39,active,0
K113-44,Male,66,0,0,No,FOXP3,Ki67_low,91,03,Unknown,0
L94-77,Female,66,0,0,Yes,FOXP3,Ki67_high,72,56,Unknown,0
M145-44,Female,66,0,0,Yes,FOXP3,Ki67_low,123,01,Unknown,0
Z114-94,Male,65,0,0,No,CD68,Ki67_low,90,71,Unknown,0
A84-79,Female,64,0,0,Yes,FOXP3,Ki67_high,62,58,indifferent,0
B103-48,Male,64,0,1,Yes,FOXP3,Ki67_low,81,07,inactive,0
X109,Female,61,1,0,Yes,FOXP3,Ki67_low,86,79,Unknown,0
D96-18,Male,60,0,0,No,CD4,Ki67_high,73,97,active,0
Z186-95,Male,59,1,0,Yes,FOXP3,Ki67_high,164,74,active,0
A68-66,Female,59,0,0,Yes,FOXP3,Ki67_low,46,45,Unknown,0
B148-74,Female,59,0,0,Yes,NK,Ki67_high,106,51,inactive,0
X85-04,Female,59,0,0,Yes,FOXP3,Ki67_low,62,83,indifferent,0
D146-97,Male,59,0,0,No,CD68,Ki67_high,124,76,Unknown,0
Z65-69,Male,59,0,0,Yes,FOXP3,Ki67_low,43,48,active,0
A97-54,Female,57,0,0,Yes,FOXP3,Ki67_high,75,31,indifferent,0
B90-43,Female,57,0,0,Yes,NK,Ki67_high,68,22,active,0
A81-71,Female,54,0,0,Yes,CD4,Ki67_low,59,5,Unknown,0
B198-44,Male,54,0,0,Yes,FOXP3,Ki67_high,176,03,active,0
X90-51,Male,54,0,0,Yes,FOXP3,Ki67_high,68,3,active,0
D97-78,Male,53,0,0,No,FOXP3,Ki67_low,75,57,inactive,0
Z80-74,Male,53,0,0,Yes,FOXP3,Ki67_low,58,53,Unknown,0
A57-04,Male,52,0,0,No,CD68,Ki67_high,34,81,Unknown,0
B93,Female,51,0,0,No,FOXP3,Ki67_high,70,79,active,0
X95-37,Female,51,0,0,Yes,FOXP3,Ki67_high,73,16,Unknown,0
D96-45,Male,51,0,0,Yes,CD4,Ki67_high,74,04,indifferent,0
Z86-74,Male,50,0,0,No,CD68,Ki67_high,64,53,Unknown,0
A63-08,Male,49,0,0,No,CD68,Ki67_low,40,87,inactive,0
G149-16,Male,49,0,0,Yes,FOXP3,Ki67_low,106,95,inactive,0
H99-79,Male,49,0,0,No,CD68,Ki67_low,77,58,Unknown,0
I83-34,Male,49,1,0,Yes,NK,Ki67_low,61,13,active,0
J95-01,Female,49,0,0,Yes,FOXP3,Ki67_low,72,8,indifferent,0
K449-41,Male,48,1,0,Yes,FOXP3,Ki67_low,207,30.1,inactive,0
L80-08,Female,47,0,0,No,FOXP3,Ki67_low,57,87,active,0
M64,Female,47,0,0,No,FOXP3,Ki67_high,39,79,inactive,0
N118-69,Male,47,0,0,Yes,FOXP3,Ki67_high,96,48,Unknown,0
O77-57,Female,47,0,0,No,FOXP3,Ki67_high,55,36,Unknown,0
P108-75,Female,46,0,0,No,FOXP3,Ki67_high,86,54,Unknown,0
Q108-43,Female,45,0,0,No,CD4,Ki67_low,86,02,Unknown,0
R151-33,Female,45,0,0,Yes,FOXP3,Ki67_high,129,12,indifferent,0
Z84-43,Male,44,0,0,Yes,NK,Ki67_high,60,22,Unknown,0
A107-17,Female,43,0,0,Yes,FOXP3,Ki67_high,84,96,Unknown,0
B91-46,Female,42,0,0,Yes,FOXP3,Ki67_high,69,25,active,0
X81-05,Male,41,0,0,Yes,FOXP3,Ki67_low,58,84,Unknown,0
D73-04,Male,40,0,0,No,CD68,Ki67_low,50,81,Unknown,0
Z114-37,Female,39,0,0,No,FOXP3,Ki67_low,92,16,Unknown,0
A100-49,Female,93,0,0,Yes,FOXP3,Ki67_low,78,08,active,0
B68-37,Female,55,0,0,Yes,FOXP3,Ki67_low,46,16,inactive,0
X87-95,Male,82,0,0,No,NK,Ki67_high,65,74,active,0
D73-47,Female,82,0,0,Yes,FOXP3,Ki67_low,51,06,inactive,0
Z131-43,Male,82,0,0,No,CD68,Ki67_high,109,22,Unknown,0
A107-49,Female,82,0,0,Yes,FOXP3,Ki67_low,85,08,active,0
B68-44,Male,82,0,0,Yes,FOXP3,Ki67_high,46,03,Unknown,0
A74-01,Female,82,0,0,Yes,FOXP3,Ki67_low,51,8,inactive,0
B95-4,Female,81,0,0,Yes,FOXP3,Ki67_low,73,19,Unknown,0
X95-75,Male,81,0,0,No,CD4,Ki67_high,73,54,inactive,0
D104-51,Male,81,0,0,No,CD68,Ki67_low,82,3,Unknown,0
Z108-87,Male,81,0,0,No,FOXP3,Ki67_high,86,66,Unknown,0
A409-06,Male,81,0,0,Yes,FOXP3,Ki67_low,186,85,Unknown,0
B86-57,Male,81,0,0,No,CD68,Ki67_high,64,36,Unknown,0
X140-45,Female,80,0,0,Yes,FOXP3,Ki67_low,98,04,Unknown,0
D85-51,Female,80,0,0,Yes,NK,Ki67_high,63,3,inactive,0
Z84-18,Female,80,0,0,Yes,FOXP3,Ki67_high,61,97,active,0
A84-37,Female,79,0,0,Yes,CD4,Ki67_low,60,16,active,0
G96-15,Male,79,0,0,No,CD68,Ki67_high,73,94,Unknown,0
H74-55,Female,78,0,0,Yes,FOXP3,Ki67_high,52,34,active,0
I114-45,Female,78,0,0,Yes,NK,Ki67_low,92,24,inactive,0
J113-68,Male,78,0,0,Yes,CD4,Ki67_high,91,47,active,0
K107-91,Female,78,0,0,Yes,FOXP3,Ki67_high,85,7,active,0
L83-85,Female,78,0,0,Yes,FOXP3,Ki67_high,61,64,active,0
M101-3,Female,78,0,0,No,CD68,Ki67_low,79,09,Unknown,0
N74-13,Female,78,0,0,Yes,CD4,Ki67_high,49,92,active,0
O94-98,Female,77,1,0,Yes,FOXP3,Ki67_low,72,77,active,0
P448-44,Male,77,1,0,Yes,FOXP3,Ki67_high,206,21,indifferent,0
Q93-9,Male,77,0,0,Yes,FOXP3,Ki67_high,71,69,active,0
R93-13,Female,76,0,0,Yes,NK,Ki67_low,70,92,Unknown,0
Z141-6,Female,76,0,0,No,FOXP3,Ki67_low,99,39,active,0
A84-4,Male,76,0,0,Yes,CD4,Ki67_high,62,19,indifferent,0
B84-13,Male,76,0,0,Yes,FOXP3,Ki67_high,59,92,active,0
X73-33,Male,76,0,0,No,FOXP3,Ki67_low,51,12,active,0
D75-88,Female,76,0,0,Yes,FOXP3,Ki67_low,53,67,Unknown,0
Z414-97,Female,76,0,0,Yes,NK,Ki67_high,190,76,indifferent,0
A100-41,Female,75,0,0,Yes,CD4,Ki67_high,78,2,active,0
B404-05,Female,74,0,0,Yes,FOXP3,Ki67_low,179,84,inactive,0
X71-44,Male,73,0,0,Yes,FOXP3,Ki67_low,49,21,inactive,0
D107-5,Female,73,1,0,Yes,CD4,Ki67_high,85,29,active,0
Z55-57,Female,72,0,0,Yes,CD4,Ki67_high,33,36,indifferent,0
A58-14,Female,71,0,0,No,CD68,Ki67_low,35,93,active,0
B78-53,Male,71,0,0,No,CD68,Ki67_high,56,32,Unknown,0
A78-79,Female,70,0,0,Yes,FOXP3,Ki67_low,56,58,inactive,0
B96-64,Female,70,0,0,No,CD68,Ki67_low,74,41,Unknown,0
X65-48,Male,68,0,0,Yes,FOXP3,Ki67_high,43,07,active,0
D94-67,Male,65,0,0,Yes,FOXP3,Ki67_high,70,46,indifferent,0
Z406-45,Female,65,0,0,No,CD68,Ki67_high,184,04,Unknown,0
A114-18,Female,65,0,0,No,FOXP3,Ki67_low,91,97,active,0
B431-69,Male,65,0,0,Yes,CD4,Ki67_high,209,48,indifferent,0
X101-89,Female,64,0,1,No,FOXP3,Ki67_high,79,68,inactive,0
D107-44,Female,61,1,0,No,FOXP3,Ki67_low,85,01,inactive,0
Z101-99,Male,60,0,0,No,FOXP3,Ki67_high,79,78,active,0
A74-56,Male,59,0,0,Yes,FOXP3,Ki67_high,50,35,indifferent,0
G94-47,Male,58,1,1,Yes,FOXP3,Ki67_low,72,26,active,0
H98-76,Female,58,0,0,Yes,NK,Ki67_low,76,55,inactive,0
I116-93,Female,57,1,0,No,FOXP3,Ki67_high,94,72,active,0
J419-96,Female,57,0,0,No,FOXP3,Ki67_high,197,75,active,0
K75-77,Male,57,0,0,No,FOXP3,Ki67_low,53,56,active,0
L144-35,Male,56,0,0,No,CD68,Ki67_low,102,14,Unknown,0
M88-97,Female,56,0,0,Yes,NK,Ki67_low,66,76,active,0
N74-49,Female,56,0,0,Yes,NK,Ki67_high,50,28,active,0
O107-47,Female,56,0,0,Yes,CD4,Ki67_high,85,06,Unknown,0
P97-96,Female,55,0,0,Yes,FOXP3,Ki67_high,75,75,active,0
Q197-69,Male,55,0,0,Yes,FOXP3,Ki67_low,175,48,inactive,0
R114-3,Female,55,0,0,No,FOXP3,Ki67_high,90,09,Unknown,0
Z75-77,Female,54,0,0,Yes,NK,Ki67_low,53,56,indifferent,0
A76-51,Male,54,0,0,Yes,FOXP3,Ki67_low,54,3,Unknown,0
B93-14,Female,53,0,0,Yes,FOXP3,Ki67_low,70,93,active,0
X80-84,Female,51,0,0,No,FOXP3,Ki67_high,58,63,Unknown,0
D199-88,Male,50,1,1,Yes,NK,Ki67_high,177,67,indifferent,0
Z77-48,Male,50,0,0,Yes,FOXP3,Ki67_high,55,27,indifferent,0
A65-34,Female,49,1,0,Yes,FOXP3,Ki67_high,43,13,active,0
B81-96,Male,47,1,0,No,FOXP3,Ki67_low,59,75,indifferent,0
X98-71,Female,47,0,0,Yes,FOXP3,Ki67_low,76,5,indifferent,0
D170-44,Female,46,1,0,No,FOXP3,Ki67_high,148,01,indifferent,0
Z73-5,Female,45,0,0,No,FOXP3,Ki67_low,51,29,inactive,0
A74-39,Female,45,0,0,No,FOXP3,Ki67_high,50,18,inactive,0
B104-96,Male,43,0,1,Yes,FOXP3,Ki67_low,80,75,indifferent,0
A80-74,Male,43,1,0,Yes,FOXP3,Ki67_low,58,51,indifferent,0
B74-19,Male,42,0,0,No,NK,Ki67_low,51,98,indifferent,0
X77-14,Male,42,0,0,No,FOXP3,Ki67_low,54,91,indifferent,0
D81-4,Female,41,0,0,Yes,FOXP3,Ki67_low,58,99,Unknown,0
Z114-76,Female,38,0,0,Yes,FOXP3,Ki67_high,92,55,active,0
A109-97,Male,80,0,0,No,CD68,Ki67_low,87,76,Unknown,0
B94-87,Male,93,0,0,No,NK,Ki67_low,70,66,active,0
X113-05,Male,82,1,0,No,CD4,Ki67_low,90,84,inactive,0
D68-44,Male,82,0,0,Yes,FOXP3,Ki67_low,46,03,indifferent,0
Z74-35,Female,82,0,0,No,FOXP3,Ki67_high,52,14,inactive,0
A91-08,Male,82,0,0,Yes,FOXP3,Ki67_low,68,87,active,0
G88-83,Male,81,0,1,Yes,NK,Ki67_low,66,62,inactive,0
H134-33,Female,81,0,0,No,FOXP3,Ki67_high,112,12,Unknown,0
I408-78,Male,81,0,0,Yes,FOXP3,Ki67_high,186,57,Unknown,0
J66-17,Male,81,0,0,Yes,FOXP3,Ki67_high,43,96,active,0
K444-49,Female,81,0,0,Yes,FOXP3,Ki67_high,200,08,active,0
L114-16,Female,81,0,0,Yes,FOXP3,Ki67_high,91,95,inactive,0
M61-67,Male,81,1,0,No,FOXP3,Ki67_high,39,46,Unknown,0
N440-36,Male,81,1,0,Yes,FOXP3,Ki67_high,198,15,indifferent,0
O76-03,Male,80,0,0,Yes,FOXP3,Ki67_low,53,82,active,0
P73-06,Female,80,0,0,No,NK,Ki67_low,50,85,active,0
Q187-88,Female,80,0,1,Yes,FOXP3,Ki67_low,165,67,indifferent,0
R79-89,Female,79,0,0,No,FOXP3,Ki67_low,57,68,Unknown,0
Z79-04,Male,78,0,0,No,NK,Ki67_high,56,81,Unknown,0
A191-66,Male,78,0,0,Yes,FOXP3,Ki67_high,169,45,inactive,0
B76-74,Female,78,0,0,Yes,FOXP3,Ki67_low,54,53,Unknown,0
X74-49,Male,78,0,0,No,FOXP3,Ki67_low,50,08,Unknown,0
D94-59,Male,77,0,0,Yes,FOXP3,Ki67_low,70,38,indifferent,0
Z80-44,Male,77,0,0,Yes,NK,Ki67_high,58,21,indifferent,0
A64-47,Female,76,0,0,No,NK,Ki67_high,40,26,indifferent,0
B63-94,Female,76,0,0,Yes,FOXP3,Ki67_high,41,73,active,0
X77-73,Female,75,0,0,Yes,FOXP3,Ki67_high,55,52,active,0
D115-79,Male,74,0,0,Yes,NK,Ki67_high,93,58,Unknown,0
Z96-3,Female,72,0,0,Yes,FOXP3,Ki67_low,74,09,inactive,0
A107-46,Female,72,0,0,Yes,FOXP3,Ki67_high,85,25,active,0
B108-33,Male,72,0,0,No,CD68,Ki67_high,86,12,active,0
A89-37,Female,72,0,0,No,CD4,Ki67_high,67,16,active,0
B93-64,Female,71,0,0,No,CD68,Ki67_low,71,43,Unknown,0
X417-75,Male,71,0,0,Yes,FOXP3,Ki67_low,195,54,active,0
D83-44,Female,71,0,0,Yes,FOXP3,Ki67_high,61,23,Unknown,0
Z93-88,Male,71,0,0,Yes,FOXP3,Ki67_high,71,67,inactive,0
A55-34,Male,71,0,0,No,CD68,Ki67_low,33,13,Unknown,0
B104-61,Female,70,0,0,Yes,CD4,Ki67_high,80,4,Unknown,0
X64-08,Male,69,0,0,No,CD68,Ki67_high,39,87,Unknown,0
D81-76,Female,68,0,0,Yes,NK,Ki67_high,59,55,indifferent,0
Z59-4,Female,68,0,0,Yes,NK,Ki67_low,36,99,active,0
A55-61,Male,68,0,0,No,CD68,Ki67_low,33,4,Unknown,0
G446-88,Female,68,0,0,Yes,NK,Ki67_low,204,67,indifferent,0
H65-66,Female,67,0,0,Yes,CD4,Ki67_low,43,45,active,0
I58-7,Male,65,0,0,Yes,FOXP3,Ki67_low,36,49,inactive,0
J186-4,Female,65,1,0,Yes,CD4,Ki67_low,164,19,active,0
K144-34,Female,65,0,0,Yes,CD4,Ki67_low,100,11,Unknown,0
L59-05,Male,65,0,0,No,CD68,Ki67_low,36,84,Unknown,0
M149-13,Female,65,0,0,Yes,NK,Ki67_low,126,92,inactive,0
N84-39,Female,65,0,0,No,CD68,Ki67_low,60,18,active,0
O169-49,Male,64,0,0,Yes,FOXP3,Ki67_high,147,28,Unknown,0
P80-45,Male,63,0,0,Yes,FOXP3,Ki67_high,58,04,indifferent,0
Q403-81,Male,62,0,0,Yes,FOXP3,Ki67_low,181,6,indifferent,0
R170-76,Male,60,0,0,No,CD68,Ki67_low,148,55,Unknown,0
Z80-85,Female,60,0,0,Yes,FOXP3,Ki67_high,58,64,Unknown,0
A140-58,Male,60,0,0,No,FOXP3,Ki67_high,98,37,active,0
B86-57,Male,59,0,0,Yes,FOXP3,Ki67_high,64,36,indifferent,0
X90-01,Female,59,1,0,Yes,FOXP3,Ki67_low,67,8,inactive,0
D68-84,Male,59,0,0,Yes,NK,Ki67_high,46,63,indifferent,0
Z155-14,Female,59,0,0,No,CD68,Ki67_high,132,93,Unknown,0
A158-48,Female,59,0,0,Yes,FOXP3,Ki67_low,136,27,indifferent,0
B94-56,Male,59,0,0,No,CD68,Ki67_high,70,35,Unknown,0
X90-15,Female,58,0,0,No,FOXP3,Ki67_high,67,94,indifferent,0
D80-09,Male,58,0,0,Yes,FOXP3,Ki67_high,57,88,active,0
Z189-44,Female,58,0,0,Yes,FOXP3,Ki67_high,167,23,active,0
A70-03,Female,57,0,0,No,FOXP3,Ki67_high,47,82,inactive,0
B449-49,Female,57,0,0,Yes,NK,Ki67_high,227,08,inactive,0
A74-54,Female,57,0,0,No,FOXP3,Ki67_high,50,31,Unknown,0
B96-93,Male,55,0,0,Yes,FOXP3,Ki67_low,74,72,inactive,0
X411-35,Male,54,0,1,Yes,FOXP3,Ki67_low,189,14,indifferent,0
D85-87,Male,53,0,0,No,CD68,Ki67_high,63,66,Unknown,0
Z60-96,Male,53,0,0,Yes,FOXP3,Ki67_high,38,75,active,0
A140-09,Male,53,0,1,Yes,FOXP3,Ki67_low,97,88,active,0
B94-13,Female,52,1,0,Yes,CD4,Ki67_low,69,92,active,0
X83-07,Male,52,1,0,Yes,NK,Ki67_low,60,86,inactive,0
D77-67,Female,52,0,0,No,CD68,Ki67_high,55,46,Unknown,0
Z109-51,Female,51,1,0,Yes,NK,Ki67_low,87,3,active,0
A97-44,Female,50,0,0,No,FOXP3,Ki67_low,75,03,active,0
G147-49,Male,50,0,0,No,CD68,Ki67_high,105,08,Unknown,0
H134-8,Male,50,0,0,No,FOXP3,Ki67_low,112,59,active,0
I74-65,Female,49,0,0,Yes,FOXP3,Ki67_low,52,44,indifferent,0
J85-84,Male,49,0,0,Yes,FOXP3,Ki67_low,63,63,active,0
K90-43,Male,47,1,0,Yes,NK,Ki67_low,68,22,inactive,0
L74-35,Female,46,0,0,No,FOXP3,Ki67_low,52,14,active,0
M406-59,Female,46,0,0,Yes,NK,Ki67_low,184,38,inactive,0
N196-33,Female,46,0,1,Yes,FOXP3,Ki67_low,174,12,active,0
O70-43,Male,43,0,1,Yes,CD4,Ki67_high,48,02,active,0
P444-94,Female,38,0,0,Yes,NK,Ki67_low,220,73,active,0
Q103-06,Female,65,0,1,Yes,NK,Ki67_high,80,85,active,0
R80-86,Female,55,0,0,Yes,CD4,Ki67_low,58,65,inactive,0
Z114-34,Female,81,0,0,Yes,CD4,Ki67_low,92,11,inactive,0
A83-91,Female,81,0,0,Yes,CD4,Ki67_low,61,7,Unknown,0
B154-04,Female,81,0,0,Yes,CD4,Ki67_high,129,81,indifferent,0
X75-19,Male,81,1,0,Yes,NK,Ki67_high,52,98,active,0
D60-61,Female,81,0,0,Yes,FOXP3,Ki67_low,38,4,indifferent,0
Z89-14,Female,80,0,0,Yes,NK,Ki67_high,66,93,indifferent,0
A97-43,Female,80,0,0,Yes,FOXP3,Ki67_low,75,02,Unknown,0
B135-19,Female,80,0,0,No,FOXP3,Ki67_high,112,98,active,0
X78-48,Male,80,0,0,Yes,NK,Ki67_low,56,27,indifferent,0
D97-44,Male,80,0,1,Yes,FOXP3,Ki67_high,75,03,Unknown,0
Z75-94,Male,79,0,0,No,FOXP3,Ki67_low,53,71,active,0
A93-3,Female,79,0,0,No,CD68,Ki67_low,71,09,Unknown,0
B97-39,Female,79,0,0,Yes,CD4,Ki67_low,75,18,Unknown,0
A134-61,Male,79,0,0,Yes,FOXP3,Ki67_high,112,4,active,0
B104-04,Male,79,0,0,Yes,FOXP3,Ki67_high,81,81,active,0
X56-9,Male,79,0,1,No,FOXP3,Ki67_low,34,69,active,0
D114-66,Male,78,0,0,No,CD68,Ki67_high,90,45,Unknown,0
Z446-75,Female,78,0,0,No,FOXP3,Ki67_high,204,54,Unknown,0
A76-48,Male,78,0,0,Yes,FOXP3,Ki67_high,54,07,indifferent,0
B90-01,Female,78,0,0,Yes,FOXP3,Ki67_low,67,8,indifferent,0
X107-84,Female,77,0,0,Yes,CD4,Ki67_high,85,63,indifferent,0
D71-06,Female,76,0,0,Yes,FOXP3,Ki67_high,48,85,active,0
Z185,Male,76,1,0,Yes,FOXP3,Ki67_low,162,79,active,0
A104-44,Male,76,1,0,Yes,NK,Ki67_high,82,21,inactive,0
G89-57,Male,76,0,0,No,CD68,Ki67_low,67,36,Unknown,0
H136-4,Male,76,1,0,Yes,FOXP3,Ki67_high,113,99,Unknown,0
I148-43,Female,74,0,0,Yes,CD4,Ki67_low,106,02,active,0
J104-43,Female,74,0,0,Yes,NK,Ki67_high,82,02,inactive,0
K133-84,Female,74,0,0,Yes,FOXP3,Ki67_low,111,61,active,0
L80-84,Female,73,0,0,Yes,FOXP3,Ki67_high,58,61,active,0
M104-35,Male,73,0,0,Yes,FOXP3,Ki67_high,80,14,active,0
N88-48,Male,71,0,0,Yes,NK,Ki67_high,66,27,active,0
O88-81,Male,71,0,0,Yes,FOXP3,Ki67_high,66,6,Unknown,0
P75-09,Female,71,0,0,Yes,FOXP3,Ki67_high,52,88,active,0
Q199-83,Female,68,0,0,No,CD68,Ki67_low,177,62,Unknown,0
R73-69,Female,68,0,0,No,CD68,Ki67_high,51,48,Unknown,0
Z111-47,Male,68,0,0,No,CD68,Ki67_low,89,06,Unknown,0
A68-44,Female,68,0,0,Yes,NK,Ki67_high,46,23,inactive,0
B65-36,Female,65,0,0,Yes,FOXP3,Ki67_low,43,15,active,0
X94-14,Female,63,0,0,No,CD68,Ki67_low,71,91,active,0
D96-44,Female,62,0,0,Yes,FOXP3,Ki67_high,74,03,active,0
Z91-45,Male,61,0,0,No,CD68,Ki67_high,69,04,Unknown,0
A77-49,Female,61,0,0,No,FOXP3,Ki67_high,55,08,active,0
B145-09,Female,60,0,0,No,CD68,Ki67_high,102,88,Unknown,0
X107-18,Female,60,0,1,Yes,FOXP3,Ki67_low,84,97,active,0
D130-07,Male,59,0,0,Yes,FOXP3,Ki67_low,107,86,active,0
Z57-3,Female,59,0,0,Yes,FOXP3,Ki67_low,35,09,active,0
A101-35,Female,58,0,0,No,CD4,Ki67_high,79,14,active,0
B94-03,Female,58,0,0,No,FOXP3,Ki67_high,71,82,active,0
A447-81,Male,58,0,1,Yes,NK,Ki67_low,205,6,indifferent,0
B66-67,Male,57,0,0,Yes,CD4,Ki67_low,44,46,inactive,0
X440-81,Female,57,0,0,Yes,FOXP3,Ki67_low,218,6,active,0
D88-04,Male,57,0,0,No,CD68,Ki67_low,65,81,Unknown,0
Z154-87,Female,56,0,0,No,FOXP3,Ki67_low,130,66,Unknown,0
A96-04,Female,55,0,0,Yes,FOXP3,Ki67_low,73,83,Unknown,0
B60-35,Male,55,0,0,Yes,FOXP3,Ki67_low,38,14,indifferent,0
X118-66,Male,55,0,0,No,CD4,Ki67_low,96,45,active,0
D89-03,Female,54,0,0,No,FOXP3,Ki67_low,66,82,inactive,0
Z58-51,Male,53,0,0,Yes,FOXP3,Ki67_low,36,3,indifferent,0
A96-04,Male,52,0,0,Yes,NK,Ki67_low,73,83,indifferent,0
G110-94,Female,52,0,0,Yes,NK,Ki67_high,88,71,Unknown,0
H94-74,Female,51,0,0,No,FOXP3,Ki67_high,70,51,active,0
I108-43,Female,51,0,0,No,CD68,Ki67_high,86,02,Unknown,0
J56-34,Female,50,0,0,Yes,FOXP3,Ki67_high,34,13,Unknown,0
K61-83,Female,49,0,0,Yes,FOXP3,Ki67_high,39,62,active,0
L131-99,Female,48,0,0,Yes,FOXP3,Ki67_high,109,78,active,0
M136-81,Female,47,0,0,Yes,NK,Ki67_high,114,6,inactive,0
Z439-48,Male,46,0,0,Yes,FOXP3,Ki67_high,217,07,active,0
A131-3,Male,46,0,0,Yes,CD4,Ki67_low,109,09,active,0
B117-75,Female,46,0,0,Yes,NK,Ki67_high,95,54,active,0
X78-46,Female,46,0,0,No,FOXP3,Ki67_low,56,25,Unknown,0
D83-53,Female,44,0,0,Yes,FOXP3,Ki67_high,61,32,indifferent,0
Z145-5,Male,43,0,0,Yes,FOXP3,Ki67_high,123,29,indifferent,0
A88-33,Female,43,0,0,Yes,FOXP3,Ki67_low,66,12,Unknown,0
B101-45,Male,43,0,0,Yes,NK,Ki67_high,79,04,indifferent,0
X131-43,Female,41,0,0,Yes,FOXP3,Ki67_low,109,22,active,0
D431-5,Female,41,0,0,Yes,FOXP3,Ki67_high,209,29,active,0
Z84-89,Male,38,0,1,Yes,FOXP3,Ki67_high,60,68,active,0
A194-37,Male,38,1,0,Yes,NK,Ki67_high,170,16,active,0
B79-64,Male,32,0,0,Yes,FOXP3,Ki67_high,57,43,inactive,0
A84-88,Male,81,0,0,Yes,FOXP3,Ki67_high,60,67,Unknown,0
B99-4,Female,80,1,0,Yes,FOXP3,Ki67_high,77,19,active,0
X77-75,Male,80,0,0,No,FOXP3,Ki67_low,55,54,inactive,0
D75-03,Male,79,0,0,No,FOXP3,Ki67_high,52,82,active,0
Z440-47,Female,79,0,0,Yes,FOXP3,Ki67_high,198,26,active,0
A196-91,Male,79,0,0,No,CD68,Ki67_high,174,7,Unknown,0
B180-8,Female,79,0,0,Yes,NK,Ki67_low,158,59,active,0
X447-48,Male,79,0,0,Yes,FOXP3,Ki67_low,225,27,inactive,0
D416,Male,78,0,0,Yes,CD4,Ki67_low,193,79,inactive,0
Z75-64,Male,78,1,0,Yes,FOXP3,Ki67_low,53,43,active,0
A95-07,Female,78,0,0,Yes,CD4,Ki67_low,72,86,indifferent,0
G149-97,Female,78,1,0,Yes,FOXP3,Ki67_low,107,76,inactive,0
H144-46,Male,78,0,0,Yes,FOXP3,Ki67_low,102,05,active,0
I87-94,Female,78,0,0,Yes,FOXP3,Ki67_low,65,71,Unknown,0
J85-15,Female,78,0,0,No,CD68,Ki67_high,62,94,Unknown,0
K95-36,Female,78,0,0,Yes,FOXP3,Ki67_high,73,15,inactive,0
L87-16,Male,78,0,0,Yes,NK,Ki67_low,64,95,indifferent,0
M419-39,Female,78,0,0,Yes,CD4,Ki67_high,197,18,inactive,0
N71-94,Male,77,0,0,No,CD68,Ki67_low,49,71,Unknown,0
O167-66,Male,77,0,0,No,CD68,Ki67_low,145,45,Unknown,0
P87-41,Female,76,0,0,No,FOXP3,Ki67_high,65,38.4,Unknown,0
Q440-47,Male,75,0,0,Yes,NK,Ki67_high,198,26,inactive,0
R80-47,Female,75,0,0,No,CD68,Ki67_low,58,26,Unknown,0
Z89-95,Female,75,0,0,Yes,CD4,Ki67_low,67,74,indifferent,0
A111-34,Male,74,0,0,No,CD68,Ki67_high,89,11,Unknown,0
B65-01,Female,74,0,0,No,CD68,Ki67_low,42,8,Unknown,0
X110-07,Female,74,0,0,Yes,NK,Ki67_low,87,86,active,0
D60-56,Male,72,0,0,No,FOXP3,Ki67_low,38,35,active,0
Z89-83,Male,71,0,0,Yes,FOXP3,Ki67_low,67,62,inactive,0
A90-35,Female,71,0,0,Yes,NK,Ki67_high,68,14,Unknown,0
B71-5,Female,71,0,0,Yes,FOXP3,Ki67_low,49,29,inactive,0
X71-71,Male,71,0,0,Yes,CD4,Ki67_low,49,5,inactive,0
D173-96,Female,70,1,0,Yes,FOXP3,Ki67_low,151,75,indifferent,0
Z96-06,Male,70,1,0,Yes,FOXP3,Ki67_low,73,85,active,0
A113-4,Female,69,0,0,Yes,FOXP3,Ki67_low,90,99,inactive,0
B106-03,Male,68,0,1,Yes,CD4,Ki67_high,83,82,Unknown,0
A111-38,Female,68,1,0,Yes,NK,Ki67_high,89,17,inactive,0
B73-49,Female,67,0,0,No,FOXP3,Ki67_high,51,08,inactive,0
X65-71,Female,67,0,0,Yes,NK,Ki67_low,43,5,inactive,0
D60-41,Female,66,0,0,Yes,FOXP3,Ki67_high,38,2,Unknown,0
Z89-11,Female,66,0,0,No,FOXP3,Ki67_low,66,9,active,0
A63-34,Female,65,0,0,Yes,FOXP3,Ki67_low,41,11,indifferent,0
B85-68,Male,65,0,0,Yes,NK,Ki67_low,63,47,active,0
X164-93,Female,65,0,0,No,CD68,Ki67_low,140,72,Unknown,0
D89-44,Male,64,0,0,Yes,FOXP3,Ki67_high,67,01,Unknown,0
Z91-68,Male,63,0,0,Yes,FOXP3,Ki67_high,69,47,indifferent,0
A198-33,Female,63,0,1,No,FOXP3,Ki67_low,176,12,inactive,0
G85-81,Female,63,0,0,No,CD68,Ki67_high,63,6,Unknown,0
H79-59,Male,63,0,0,No,CD4,Ki67_high,57,38,inactive,0
I106-74,Male,62,0,0,Yes,FOXP3,Ki67_high,84,53,indifferent,0
J191-33,Female,62,1,0,Yes,NK,Ki67_low,169,12,active,0
K59-54,Female,62,0,0,No,FOXP3,Ki67_high,37,31,active,0
L406-54,Male,61,0,0,Yes,FOXP3,Ki67_high,184,31,inactive,0
M80-07,Male,60,0,0,Yes,CD4,Ki67_high,57,86,active,0
N64-94,Male,59,0,0,No,FOXP3,Ki67_high,42,71,Unknown,0
O80,Female,59,0,0,Yes,FOXP3,Ki67_low,57,79,active,0
P75-06,Female,59,0,0,Yes,NK,Ki67_low,52,85,Unknown,0
Q114-4,Female,58,1,0,Yes,CD4,Ki67_low,89,99,active,0
R91-18,Female,57,0,0,No,NK,Ki67_low,68,97,active,0
Z85-81,Female,56,0,0,Yes,FOXP3,Ki67_high,63,6,indifferent,0
A148-37,Female,56,0,0,No,FIBRO,Ki67_low,126,16,active,0
B64-55,Male,54,0,0,No,CD68,Ki67_high,42,34,Unknown,0
X97-31,Female,53,0,0,No,CD68,Ki67_high,75,1,Unknown,0
D111-15,Male,53,0,0,No,FOXP3,Ki67_high,88,94,active,0
Z80-97,Male,53,0,0,Yes,FOXP3,Ki67_low,58,76,active,0
A89-88,Female,53,0,0,Yes,FOXP3,Ki67_high,67,67,indifferent,0
B64-66,Female,52,0,0,Yes,FOXP3,Ki67_high,40,45,indifferent,0
X144-45,Female,52,0,0,No,CD68,Ki67_low,100,04,Unknown,0
D87-08,Male,52,0,0,No,FOXP3,Ki67_high,64,87,active,0
Z85,Female,51,0,0,Yes,FOXP3,Ki67_high,62,79,inactive,0
A100-49,Female,50,0,0,Yes,NK,Ki67_low,78,28,inactive,0
B145-37,Male,50,0,0,Yes,FOXP3,Ki67_low,123,16,Unknown,0
A114-19,Male,46,0,0,No,CD68,Ki67_low,89,98,Unknown,0
B79-73,Male,44,1,0,Yes,CD4,Ki67_high,57,52,inactive,0
X101-13,Male,44,0,1,Yes,NK,Ki67_high,78,92,indifferent,0
D101-98,Female,42,0,0,Yes,FOXP3,Ki67_low,79,77,Unknown,0
Z98-39,Female,41,0,1,Yes,NK,Ki67_high,76,18,inactive,0
A148-04,Female,41,0,0,Yes,NK,Ki67_high,105,83,inactive,0
B98-14,Male,40,0,0,No,CD68,Ki67_low,75,91,Unknown,0
X416-96,Female,39,0,0,No,FOXP3,Ki67_low,194,75,Unknown,0
D94-94,Male,56,0,0,Yes,NK,Ki67_high,72,71,Unknown,0
Z83-47,Female,89,0,0,Yes,FOXP3,Ki67_high,61,06,indifferent,0
A96-86,Female,81,0,0,No,FOXP3,Ki67_high,74,65,Unknown,0
G99-73,Male,81,0,0,Yes,NK,Ki67_high,77,52,indifferent,0
H91-71,Female,80,0,0,No,CD68,Ki67_high,69,5,Unknown,0
I65-77,Male,80,0,0,No,FOXP3,Ki67_high,43,56,inactive,0
J161-57,Female,80,0,0,Yes,FOXP3,Ki67_low,139,36,inactive,0
K74-34,Female,80,1,0,Yes,NK,Ki67_high,52,11,active,0
L170-93,Male,79,0,0,No,NK,Ki67_high,148,72,Unknown,0
M74-43,Female,79,0,0,Yes,FOXP3,Ki67_low,52,22,active,0
N86-36,Male,79,0,0,Yes,FOXP3,Ki67_high,64,15,indifferent,0
O97-06,Female,78,0,0,Yes,FOXP3,Ki67_high,74,85,Unknown,0
P110-38,Male,78,0,0,Yes,FOXP3,Ki67_high,88,17,Unknown,0
Q79-03,Female,78,0,0,No,FOXP3,Ki67_high,56,82,Unknown,0
R64-48,Female,78,0,0,Yes,FOXP3,Ki67_high,40,27,active,0
Z55-64,Male,78,0,0,Yes,FOXP3,Ki67_high,33,41,active,0
A84-9,Female,78,0,0,Yes,FOXP3,Ki67_high,62,69,active,0
B434-81,Male,78,0,0,Yes,FOXP3,Ki67_high,210,6,Unknown,0
X86-55,Female,77,0,0,No,FOXP3,Ki67_high,64,34,inactive,0
D118-61,Female,77,0,0,No,CD4,Ki67_high,96,4,active,0
Z80-41,Female,77,0,0,No,FOXP3,Ki67_high,58,27.8,indifferent,0
A65-96,Female,77,1,0,No,FOXP3,Ki67_high,43,75,active,0
B61-34,Female,77,0,0,No,CD68,Ki67_low,39,13,Unknown,0
X116-6,Female,76,0,0,No,CD68,Ki67_low,94,39,Unknown,0
D85-13,Female,73,0,0,Yes,FOXP3,Ki67_low,62,92,Unknown,0
Z86-34,Female,71,0,0,No,FOXP3,Ki67_high,64,11,Unknown,0
A69-44,Male,71,0,0,Yes,FOXP3,Ki67_high,47,01,active,0
B140-93,Female,71,0,0,Yes,FOXP3,Ki67_low,118,72,Unknown,0
A83-43,Female,70,0,0,No,FOXP3,Ki67_low,61,22,Unknown,0
B407-95,Female,70,0,0,Yes,FOXP3,Ki67_low,185,74,indifferent,0
X134-49,Female,69,0,0,Yes,FOXP3,Ki67_high,112,08,inactive,0
D115-14,Male,69,0,0,No,CD68,Ki67_low,92,91,Unknown,0
Z86-45,Female,68,0,0,Yes,CD4,Ki67_low,64,04,active,0
A114-94,Female,68,0,0,Yes,NK,Ki67_high,90,73,active,0
B73-54,Female,68,0,0,Yes,CD4,Ki67_high,51,33,inactive,0
X80-86,Male,66,0,0,No,FOXP3,Ki67_low,58,65,Unknown,0
D83-91,Male,66,0,0,Yes,FOXP3,Ki67_high,61,7,Unknown,0
Z69-91,Female,65,0,0,No,FOXP3,Ki67_high,47,7,active,0
A95-64,Male,63,0,0,No,FOXP3,Ki67_high,73,41,inactive,0
G63-95,Male,60,1,0,No,FOXP3,Ki67_low,41,74,active,0
H144-5,Male,60,0,0,Yes,FOXP3,Ki67_high,100,29,Unknown,0
I86,Male,60,0,0,Yes,CD4,Ki67_high,63,79,active,0
J140-47,Male,60,0,0,Yes,CD4,Ki67_low,98,06,active,0
K56-71,Female,59,0,0,Yes,CD4,Ki67_low,34,5,Unknown,0
L131-63,Female,58,0,0,Yes,FOXP3,Ki67_high,109,42,active,0
M79-36,Male,58,0,0,No,FOXP3,Ki67_low,57,15,active,0
N140-77,Female,57,0,0,No,FOXP3,Ki67_low,98,56,active,0
O100-44,Female,57,0,0,Yes,FOXP3,Ki67_high,78,21,inactive,0
P155-86,Female,57,1,0,Yes,FOXP3,Ki67_low,133,65,inactive,0
Q66-01,Male,57,0,0,Yes,CD4,Ki67_high,43,8,inactive,0
R86-99,Female,57,0,0,Yes,FOXP3,Ki67_low,64,78,inactive,0
Z90-55,Female,56,0,0,Yes,CD4,Ki67_low,68,34,active,0
A449-58,Female,56,0,1,Yes,NK,Ki67_high,207,37,Unknown,0
B60-06,Female,54,0,0,Yes,FOXP3,Ki67_low,37,85,inactive,0
X65-66,Female,53,0,0,Yes,FOXP3,Ki67_high,43,45,indifferent,0
D104-7,Female,52,0,0,Yes,FOXP3,Ki67_low,82,49,inactive,0
Z113-86,Male,52,1,0,Yes,NK,Ki67_low,91,65,active,0
A99-49,Female,52,0,0,No,CD68,Ki67_high,77,28,Unknown,0
B165-99,Male,51,1,0,Yes,FOXP3,Ki67_low,143,78,active,0
X114-99,Male,51,0,0,No,CD68,Ki67_low,92,78,Unknown,0
D79-58,Female,51,0,0,No,CD68,Ki67_low,57,37,Unknown,0
Z77-37,Female,50,0,0,No,CD4,Ki67_high,55,16,active,0
A93-55,Male,50,0,0,No,CD4,Ki67_low,71,34,active,0
B187-44,Male,47,0,0,No,NK,Ki67_low,165,01,Unknown,0
A167-59,Female,47,0,0,Yes,CD4,Ki67_high,145,38,indifferent,0
B98-03,Male,46,0,0,Yes,FOXP3,Ki67_low,75,82,inactive,0
X88-79,Female,46,0,0,No,CD68,Ki67_low,66,58,Unknown,0
D94-9,Male,45,1,1,No,NK,Ki67_low,70,69,inactive,0
Z117-34,Female,43,0,0,Yes,CD4,Ki67_low,95,13,active,0
A80-75,Male,43,0,0,Yes,FOXP3,Ki67_low,58,54,active,0
B77-51,Male,43,0,0,No,CD68,Ki67_high,55,3,Unknown,0
X105-63,Male,42,0,0,No,CD68,Ki67_low,83,42,Unknown,0
D114-34,Female,42,0,0,Yes,FOXP3,Ki67_low,92,13,inactive,0
Z447-04,Female,42,0,0,Yes,FOXP3,Ki67_high,204,83,inactive,0
A87-56,Female,41,0,0,Yes,NK,Ki67_low,65,35,active,0
G84-47,Female,38,0,0,Yes,CD4,Ki67_low,62,26,inactive,0
H96-46,Female,65,0,0,Yes,NK,Ki67_high,74,05,Unknown,0
I116-64,Male,56,0,0,No,CD68,Ki67_high,94,43,Unknown,0
J79-57,Female,82,0,0,Yes,FOXP3,Ki67_low,57,36,active,0
K78-44,Male,81,0,0,Yes,FOXP3,Ki67_high,56,23,active,0
L64-15,Female,81,0,0,Yes,NK,Ki67_low,41,94,active,0
M74-5,Female,81,0,0,No,FOXP3,Ki67_low,52,29,active,0
N70-34,Female,81,0,0,No,FOXP3,Ki67_low,48,11,Unknown,0
O84-48,Female,81,0,0,Yes,FOXP3,Ki67_low,62,27,active,0
P144-08,Male,81,0,0,No,CD68,Ki67_low,121,87,indifferent,0
Q78-14,Female,80,0,0,Yes,NK,Ki67_high,55,93,active,0
R133-58,Female,80,0,0,No,CD4,Ki67_low,111,37,active,0
Z414-44,Male,79,0,0,Yes,FOXP3,Ki67_low,192,21,indifferent,0
A80-63,Female,79,0,0,Yes,FOXP3,Ki67_low,58,42,inactive,0
B433-71,Female,78,0,0,No,FOXP3,Ki67_high,211,5,active,0
X96,Female,78,1,0,No,FOXP3,Ki67_low,73,79,inactive,0
D74-54,Female,78,0,0,No,CD68,Ki67_low,52,31,Unknown,0
Z131-4,Female,78,0,0,Yes,FOXP3,Ki67_high,109,19,active,0
A416-4,Male,77,0,0,Yes,FOXP3,Ki67_low,194,19,active,0
B108-8,Female,76,0,0,Yes,FOXP3,Ki67_high,86,59,Unknown,0
X97-06,Female,76,1,0,Yes,FOXP3,Ki67_low,74,85,active,0
D466-59,Female,74,0,0,No,CD4,Ki67_high,244,38,active,0
Z55-58,Female,74,0,0,No,FOXP3,Ki67_high,33,37,active,0
A65-87,Male,74,0,0,Yes,CD4,Ki67_low,43,66,indifferent,0
B89-48,Female,74,0,0,No,FOXP3,Ki67_low,67,07,inactive,0
A56-14,Male,71,0,0,Yes,CD4,Ki67_low,33,91,Unknown,0
B74-7,Male,71,0,0,Yes,FOXP3,Ki67_low,52,49,indifferent,0
X83-06,Male,69,0,0,Yes,NK,Ki67_low,60,85,Unknown,0
D447-94,Male,69,0,0,Yes,FOXP3,Ki67_low,205,73,Unknown,0
Z84-88,Female,68,0,0,Yes,NK,Ki67_high,62,67,active,0
A64-4,Male,68,0,0,No,CD68,Ki67_low,41,99,Unknown,0
B137-44,Male,67,0,0,No,CD68,Ki67_high,115,01,Unknown,0
X81-44,Female,66,0,0,Yes,FOXP3,Ki67_low,59,23,indifferent,0
D90-46,Male,66,0,0,No,CD68,Ki67_high,68,05,Unknown,0
Z68-48,Female,66,0,0,Yes,FOXP3,Ki67_low,46,27,active,0
A100-04,Female,65,0,0,Yes,FOXP3,Ki67_low,77,81,active,0
G100-61,Female,65,1,0,Yes,NK,Ki67_low,78,4,Unknown,0
H156-84,Female,64,0,0,No,CD68,Ki67_low,134,61,Unknown,0
I81-66,Female,63,0,0,No,CD68,Ki67_low,59,45,Unknown,0
J114-44,Male,62,0,0,No,CD68,Ki67_high,90,01,Unknown,0
K90-64,Male,61,0,0,No,CD68,Ki67_low,68,41,Unknown,0
L74-49,Female,59,0,0,Yes,FOXP3,Ki67_high,50,28,active,0
M107-47,Female,59,0,0,Yes,CD4,Ki67_low,85,26,Unknown,0
N94-11,Female,59,0,0,No,FOXP3,Ki67_high,69,9,active,0
O70-54,Female,58,0,0,No,FOXP3,Ki67_high,48,33,indifferent,0
P405,Female,58,0,0,Yes,NK,Ki67_high,182,79,active,0
Q146-39,Male,57,0,0,Yes,NK,Ki67_high,104,18,inactive,0
R89-74,Female,56,0,0,No,CD68,Ki67_high,67,51,Unknown,0
Z94-08,Male,56,0,0,Yes,FOXP3,Ki67_low,69,87,inactive,0
A85-38,Male,51,0,0,No,CD68,Ki67_low,63,17,Unknown,0
B95-45,Female,51,0,0,Yes,NK,Ki67_high,73,04,active,0
X75-91,Female,50,0,0,Yes,CD4,Ki67_high,53,7,Unknown,0
D403-44,Male,49,0,0,Yes,CD4,Ki67_high,181,23,indifferent,0
Z443-73,Male,49,0,1,Yes,NK,Ki67_low,221,52,inactive,0
A88-43,Male,49,0,0,Yes,FOXP3,Ki67_low,66,02,Unknown,0
B97-47,Female,48,0,0,Yes,FOXP3,Ki67_high,75,26,active,0
X59-48,Female,47,1,1,Yes,FOXP3,Ki67_high,37,07,active,0
D101-15,Female,46,0,0,No,CD68,Ki67_high,78,94,Unknown,0
Z68-38,Male,45,0,0,Yes,NK,Ki67_low,46,17,Unknown,0
A55-46,Female,44,0,0,Yes,NK,Ki67_high,33,25,active,0
B113-87,Female,44,0,0,Yes,FOXP3,Ki67_low,91,66,active,0
A67-03,Male,43,0,1,Yes,NK,Ki67_low,44,82,active,0
B96-35,Male,43,0,0,Yes,FOXP3,Ki67_high,74,14,active,0
X147-41,Female,43,0,0,No,FOXP3,Ki67_low,105,29.8,inactive,0
D78-9,Female,39,0,0,Yes,FOXP3,Ki67_low,56,69,active,0
Z59-91,Male,80,0,0,Yes,FOXP3,Ki67_low,37,7,indifferent,0
A160-94,Male,56,0,0,No,FOXP3,Ki67_low,138,73,inactive,0
B59-61,Male,82,0,0,Yes,FOXP3,Ki67_high,37,4,Unknown,0
X87-94,Female,81,0,0,Yes,FOXP3,Ki67_low,65,73,active,0
D97-55,Female,80,0,0,Yes,FOXP3,Ki67_high,75,34,indifferent,0
Z116-04,Male,80,0,0,No,FOXP3,Ki67_low,93,81,indifferent,0
A147-34,Female,79,0,0,Yes,FOXP3,Ki67_high,105,11,inactive,0
G75-5,Male,79,0,0,No,FOXP3,Ki67_low,53,29,inactive,0
H79-35,Male,79,0,0,No,FOXP3,Ki67_low,57,14,Unknown,0
I176-45,Male,78,1,1,Yes,FOXP3,Ki67_high,154,04,active,0
J108-56,Male,78,0,0,No,FOXP3,Ki67_high,86,35,active,0
K168-06,Male,78,1,0,Yes,FOXP3,Ki67_low,145,85,inactive,0
L75-54,Female,78,0,0,Yes,FOXP3,Ki67_low,53,31,indifferent,0
M84-15,Male,78,0,1,Yes,FOXP3,Ki67_high,59,94,indifferent,0
N400-48,Male,78,0,0,No,NK,Ki67_low,178,07,indifferent,0
O64-44,Male,78,0,1,Yes,FOXP3,Ki67_high,40,23,inactive,0
P84-31,Female,77,0,0,Yes,FOXP3,Ki67_high,62,1,inactive,0
Q441-43,Male,76,1,1,Yes,FOXP3,Ki67_high,199,22,Unknown,0
R165-47,Male,76,0,0,Yes,FOXP3,Ki67_low,143,26,Unknown,0
Z96-69,Female,76,0,0,No,FOXP3,Ki67_high,74,48,inactive,0
A63-98,Female,76,0,0,No,CD68,Ki67_low,41,77,indifferent,0
B145-03,Male,76,0,1,Yes,FOXP3,Ki67_low,122,82,indifferent,0
X98-53,Female,75,0,0,No,FOXP3,Ki67_low,76,32,active,0
D105-55,Female,74,1,0,Yes,FOXP3,Ki67_low,83,34,inactive,0
Z134-43,Male,74,0,0,No,CD68,Ki67_high,112,02,Unknown,0
A64-48,Male,73,0,0,No,CD68,Ki67_high,40,27,Unknown,0
B413-38,Male,73,0,1,Yes,FOXP3,Ki67_low,191,17,Unknown,0
X70-54,Male,73,0,0,Yes,FOXP3,Ki67_high,48,31,indifferent,0
D93-41,Female,73,1,0,Yes,FOXP3,Ki67_low,71,43.8,active,0
Z84-39,Male,72,0,0,No,FOXP3,Ki67_high,60,18,Unknown,0
A88-49,Male,71,0,0,No,FOXP3,Ki67_high,66,08,inactive,0
B80-18,Female,71,0,0,Yes,NK,Ki67_high,57,97,indifferent,0
A84-04,Male,71,0,0,No,CD68,Ki67_high,61,81,active,0
B69-74,Female,70,0,0,Yes,NK,Ki67_high,47,51,active,0
X194-16,Male,69,0,0,Yes,NK,Ki67_low,169,95,active,0
D84-47,Male,68,0,1,Yes,FOXP3,Ki67_high,60,06,active,0
Z101-87,Male,68,0,0,No,CD68,Ki67_low,79,66,active,0
A77-55,Female,68,0,0,No,CD68,Ki67_high,55,34,Unknown,0
B415-74,Male,68,0,1,Yes,FOXP3,Ki67_low,193,51,inactive,0
X87-84,Female,68,0,0,Yes,FOXP3,Ki67_high,65,63,Unknown,0
D91-93,Male,68,0,0,No,CD4,Ki67_high,69,72,active,0
Z58-63,Male,68,0,0,Yes,CD4,Ki67_low,36,42,active,0
A173-14,Male,68,1,0,Yes,FOXP3,Ki67_low,150,93,inactive,0
G106-83,Female,65,0,0,Yes,FOXP3,Ki67_low,84,62,indifferent,0
H84-44,Male,65,0,0,Yes,FOXP3,Ki67_low,62,23,indifferent,0
I94-16,Female,64,0,0,Yes,FOXP3,Ki67_low,69,95,active,0
J85-96,Male,63,0,0,No,FOXP3,Ki67_low,63,75,indifferent,0
K404-57,Male,63,1,0,Yes,NK,Ki67_high,180,36,active,0
L65-41,Female,61,0,0,No,CD68,Ki67_high,43,2,Unknown,0
M104-51,Female,61,0,0,Yes,CD4,Ki67_low,80,3,Unknown,0
Z64-6,Male,61,0,0,Yes,FOXP3,Ki67_high,40,39,Unknown,0
A150-1,Male,60,0,0,Yes,FOXP3,Ki67_low,127,89,active,0
B94-15,Female,59,0,0,Yes,FOXP3,Ki67_high,71,94,inactive,0
X65-5,Male,59,1,0,Yes,FOXP3,Ki67_low,43,29,active,0
D81-31,Female,58,0,0,No,CD68,Ki67_low,59,1,active,0
Z78-96,Female,57,0,0,Yes,FOXP3,Ki67_high,56,75,active,0
A143-47,Female,57,0,0,Yes,FOXP3,Ki67_high,101,26,Unknown,0
B90-4,Male,57,0,0,Yes,FOXP3,Ki67_low,68,19,active,0
X71-59,Female,53,0,0,No,FOXP3,Ki67_low,49,38,active,0
D409-5,Male,53,0,0,Yes,FOXP3,Ki67_high,187,29,indifferent,0
Z86-6,Male,53,0,0,No,CD68,Ki67_low,64,39,Unknown,0
A57-43,Female,51,0,0,Yes,FOXP3,Ki67_low,35,22,indifferent,0
B87-93,Male,50,1,0,Yes,FOXP3,Ki67_high,65,72,active,0
A403-16,Male,50,0,0,Yes,FOXP3,Ki67_high,180,95,Unknown,0
B114-14,Female,49,1,0,Yes,NK,Ki67_high,89,91,active,0
X94-04,Male,49,0,0,Yes,FOXP3,Ki67_low,69,81,active,0
D60-98,Female,47,1,0,Yes,FOXP3,Ki67_high,38,77,indifferent,0
Z86-35,Female,45,0,0,No,FOXP3,Ki67_low,64,14,active,0
A71-46,Male,44,0,0,No,FOXP3,Ki67_high,49,05,Unknown,0
B74-61,Male,44,0,0,No,FOXP3,Ki67_low,50,4,active,0
X110-78,Female,43,0,1,No,NK,Ki67_low,88,57,active,0
D99-78,Female,42,0,0,Yes,FOXP3,Ki67_low,77,57,active,0
Z401-45,Female,41,0,0,Yes,NK,Ki67_high,179,24,inactive,0
A147-78,Male,41,0,0,No,CD68,Ki67_low,105,57,Unknown,0
G141-34,Male,38,0,0,Yes,FOXP3,Ki67_high,99,11,active,0
H83-89,Female,83,0,0,Yes,FOXP3,Ki67_low,61,68,active,0
I74-06,Male,81,0,0,Yes,FOXP3,Ki67_high,51,85,active,0
J406-15,Female,81,0,1,Yes,FOXP3,Ki67_low,183,94,active,0
K104-9,Female,81,0,0,Yes,FOXP3,Ki67_high,80,69,Unknown,0
L65-48,Female,80,0,0,Yes,FOXP3,Ki67_low,43,27,active,0
M143-43,Female,80,0,0,No,CD4,Ki67_low,101,02,Unknown,0
N71-3,Male,80,0,0,Yes,FOXP3,Ki67_high,49,09,active,0
O79-05,Male,79,0,0,No,CD68,Ki67_high,56,84,Unknown,0
P104-41,Female,78,0,0,Yes,NK,Ki67_high,80,36.3,active,0
Q105-44,Female,78,0,0,No,CD68,Ki67_low,83,01,Unknown,0
R84-58,Male,78,0,0,Yes,CD4,Ki67_high,62,37,Unknown,0
Z77-3,Male,78,0,1,Yes,CD4,Ki67_low,55,09,active,0
A74-79,Male,78,0,0,No,CD68,Ki67_high,52,58,Unknown,0
B88-75,Female,78,0,0,Yes,FOXP3,Ki67_high,66,54,Unknown,0
X97-97,Male,78,0,0,No,CD68,Ki67_high,75,76,active,0
D79-18,Female,78,0,0,Yes,FOXP3,Ki67_high,56,97,Unknown,0
Z81-33,Female,78,0,0,Yes,FOXP3,Ki67_low,59,12,active,0
A146-68,Female,77,0,0,Yes,FOXP3,Ki67_low,104,47,active,0
B196-61,Female,76,0,0,Yes,FOXP3,Ki67_low,174,4,active,0
X419-94,Female,76,0,0,Yes,NK,Ki67_low,197,71,indifferent,0
D79-16,Female,74,0,0,Yes,CD4,Ki67_high,56,95,indifferent,0
Z99-68,Female,71,0,0,Yes,NK,Ki67_low,77,47,indifferent,0
A79-55,Female,71,0,0,Yes,NK,Ki67_low,57,34,indifferent,0
B87-86,Male,69,0,0,Yes,FOXP3,Ki67_high,65,65,indifferent,0
A76-94,Male,69,0,0,No,CD68,Ki67_low,54,71,Unknown,0
B77-44,Male,68,1,0,Yes,NK,Ki67_high,55,03,Unknown,0
X140-94,Male,68,0,0,No,FOXP3,Ki67_low,98,73,indifferent,0
D77-66,Female,67,0,0,Yes,FOXP3,Ki67_high,55,45,active,0
Z431-95,Male,66,0,0,Yes,CD4,Ki67_high,209,74,active,0
A111-48,Female,66,0,0,Yes,FOXP3,Ki67_low,89,27,inactive,0
B84-45,Female,65,0,0,Yes,FOXP3,Ki67_low,62,04,Unknown,0
X416-38,Male,65,0,0,Yes,NK,Ki67_high,194,17,active,0
D95-01,Male,65,0,0,No,FOXP3,Ki67_high,72,8,active,0
Z105-74,Female,64,0,0,Yes,FOXP3,Ki67_low,83,53,indifferent,0
A58-41,Female,64,0,0,Yes,FOXP3,Ki67_high,36,2,Unknown,0
G56-89,Female,63,0,0,Yes,CD4,Ki67_low,34,68,inactive,0
H86-45,Male,62,0,0,Yes,FOXP3,Ki67_low,64,04,active,0
I86-49,Female,62,0,0,Yes,FOXP3,Ki67_high,64,28,Unknown,0
J115-47,Male,61,0,0,No,CD68,Ki67_high,93,26,Unknown,0
K94-44,Female,61,0,0,No,CD68,Ki67_high,70,01,Unknown,0
L83-16,Female,59,0,0,Yes,FOXP3,Ki67_high,60,95,inactive,0
M110-68,Male,59,0,0,Yes,FOXP3,Ki67_high,88,47,indifferent,0
N70-06,Female,59,0,0,Yes,FOXP3,Ki67_high,47,85,Unknown,0
O413-33,Male,57,1,0,Yes,NK,Ki67_low,191,12,indifferent,0
P93-54,Male,57,0,0,Yes,FOXP3,Ki67_low,71,31,Unknown,0
Q87-64,Female,55,0,0,Yes,CD4,Ki67_high,65,41,inactive,0
R77-67,Female,54,0,0,Yes,CD4,Ki67_high,55,46,active,0
Z95-66,Female,54,0,0,No,FOXP3,Ki67_high,73,45,inactive,0
A174-33,Female,54,0,0,Yes,FOXP3,Ki67_low,150,12,indifferent,0
B106-59,Female,53,0,0,No,CD68,Ki67_low,84,38,Unknown,0
X87-06,Male,50,0,0,Yes,FOXP3,Ki67_low,64,85,active,0
D93-04,Male,50,0,1,Yes,FOXP3,Ki67_high,70,81,indifferent,0
Z443-59,Female,47,0,0,Yes,NK,Ki67_low,221,38,active,0
A86-7,Male,46,0,0,No,FOXP3,Ki67_low,64,49,Unknown,0
B97-81,Female,46,0,0,Yes,NK,Ki67_high,75,6,indifferent,0
X116-04,Female,44,0,0,Yes,FOXP3,Ki67_low,93,83,active,0
D169-43,Male,43,0,1,Yes,NK,Ki67_low,147,22,indifferent,0
Z68-41,Female,41,0,0,Yes,FOXP3,Ki67_high,46,2,inactive,0
A94-44,Female,40,0,0,Yes,FOXP3,Ki67_high,72,23,Unknown,0
B73-48,Male,38,0,0,Yes,CD4,Ki67_low,51,27,inactive,0
A183-87,Female,38,0,0,Yes,CD4,Ki67_high,161,66,active,0
B66-08,Female,56,0,0,Yes,FOXP3,Ki67_high,43,87,active,0
X74-19,Female,81,0,0,Yes,FOXP3,Ki67_high,49,98,Unknown,0
D101-09,Female,81,0,0,No,FOXP3,Ki67_high,78,88,inactive,0
Z88-83,Female,80,1,0,Yes,CD4,Ki67_low,66,62,active,0
A69-99,Female,79,0,0,Yes,FOXP3,Ki67_high,47,78,inactive,0
B104-4,Male,79,0,0,Yes,CD4,Ki67_low,80,19,inactive,0
X87-46,Male,78,0,0,Yes,CD4,Ki67_high,65,05,inactive,0
D146-59,Female,78,0,0,No,FOXP3,Ki67_low,124,38,Unknown,0
Z59,Male,78,0,0,Yes,CD4,Ki67_high,36,79,Unknown,0
A76-83,Female,78,0,0,Yes,FOXP3,Ki67_low,54,62,active,0
G101-83,Male,78,0,0,No,CD68,Ki67_low,79,62,Unknown,0
H90-94,Female,78,0,0,No,CD4,Ki67_low,68,71,active,0
I67-5,Male,77,0,0,Yes,CD4,Ki67_low,45,29,inactive,0
J97-16,Female,77,0,0,Yes,CD4,Ki67_low,74,95,Unknown,0
K85-64,Male,77,1,0,Yes,CD4,Ki67_low,63,41,indifferent,0
L149-43,Female,76,0,0,Yes,CD4,Ki67_high,107,22,active,0
M106-01,Female,76,0,0,Yes,CD4,Ki67_low,83,8,inactive,0
N114-84,Female,76,0,0,No,CD68,Ki67_high,92,61,Unknown,0
O141-39,Female,76,0,0,No,CD68,Ki67_low,99,18,Unknown,0
P447-98,Male,75,0,0,Yes,FOXP3,Ki67_low,205,77,Unknown,0
Q78-97,Male,75,0,0,No,FOXP3,Ki67_low,56,76,active,0
R84-14,Female,74,0,0,No,CD68,Ki67_low,61,91,Unknown,0
Z95-04,Male,74,0,0,Yes,NK,Ki67_low,72,83,active,0
A103-15,Female,73,0,0,No,CD4,Ki67_high,80,94,inactive,0
B84-91,Male,73,1,0,Yes,FOXP3,Ki67_low,60,7,indifferent,0
X70-93,Male,73,0,0,No,CD68,Ki67_low,48,72,Unknown,0
D153-6,Female,72,0,0,Yes,FOXP3,Ki67_high,131,39,indifferent,0
Z149-43,Female,71,0,0,No,FOXP3,Ki67_low,107,22,active,0
A81,Female,71,0,0,Yes,CD4,Ki67_high,58,79,indifferent,0
B71-81,Female,69,0,0,No,CD4,Ki67_high,49,6,Unknown,0
X84-46,Female,69,0,0,No,CD4,Ki67_low,62,25,indifferent,0
D101-34,Female,69,0,0,Yes,NK,Ki67_high,79,11,indifferent,0
Z64-56,Male,68,0,0,Yes,FOXP3,Ki67_low,40,35,active,0
A408-4,Female,66,1,0,Yes,CD4,Ki67_low,185,99,indifferent,0
B199-44,Male,66,0,0,Yes,FOXP3,Ki67_low,177,21,active,0
A91-48,Female,65,0,0,Yes,FOXP3,Ki67_low,69,07,Unknown,0
B77-99,Female,65,0,0,Yes,FOXP3,Ki67_low,55,78,indifferent,0
X190-13,Male,63,0,0,No,FOXP3,Ki67_low,167,92,active,0
D149-68,Male,63,1,0,Yes,FOXP3,Ki67_low,127,47,active,0
Z94-3,Female,60,0,0,No,CD68,Ki67_high,70,09,Unknown,0
A435-54,Male,60,0,0,No,NK,Ki67_high,213,33,indifferent,0
B84-46,Female,60,0,0,Yes,FOXP3,Ki67_high,62,25,Unknown,0
X68-7,Female,59,0,0,Yes,FOXP3,Ki67_high,46,49,Unknown,0
D178-89,Male,59,1,0,Yes,NK,Ki67_low,156,68,Unknown,0
Z447-74,Male,59,0,0,Yes,FOXP3,Ki67_high,205,53,inactive,0
A100-66,Female,59,0,0,No,CD68,Ki67_high,78,45,Unknown,0
G73-64,Male,59,0,0,Yes,CD4,Ki67_low,51,41,Unknown,0
H100-05,Female,58,0,0,Yes,FOXP3,Ki67_high,77,84,inactive,0
I413-8,Male,56,0,1,Yes,FOXP3,Ki67_high,191,59,active,0
J103-94,Female,56,0,0,No,FOXP3,Ki67_high,81,73,inactive,0
K84-4,Female,55,0,0,No,CD68,Ki67_low,61,99,Unknown,0
L450-8,Female,54,0,0,Yes,FOXP3,Ki67_low,228,59,active,0
M114-49,Female,54,0,0,No,CD4,Ki67_high,90,08,Unknown,0
N65-98,Female,54,0,0,Yes,FOXP3,Ki67_low,43,77,active,0
O99-1,Female,53,0,0,Yes,FOXP3,Ki67_low,76,89,Unknown,0
P417-84,Female,53,1,0,Yes,FOXP3,Ki67_high,195,63,active,0
Q104-34,Male,53,0,0,Yes,FOXP3,Ki67_low,82,13,Unknown,0
R417,Female,53,0,0,No,FOXP3,Ki67_high,194,79,indifferent,0
Z57-47,Female,53,0,0,Yes,FOXP3,Ki67_high,35,26,indifferent,0
A78-44,Male,53,0,0,Yes,CD4,Ki67_low,56,03,active,0
B94-38,Female,53,0,0,Yes,FOXP3,Ki67_high,72,17,active,0
X100-31,Female,52,0,0,No,FOXP3,Ki67_low,78,1,active,0
D74-49,Male,52,0,0,Yes,NK,Ki67_low,52,08,inactive,0
Z103-43,Female,51,0,0,No,FOXP3,Ki67_high,81,22,inactive,0
A99-83,Female,50,0,0,Yes,FOXP3,Ki67_low,77,62,indifferent,0
B417-4,Female,50,0,0,Yes,FOXP3,Ki67_low,195,19,active,0
X71-81,Female,50,0,0,No,CD68,Ki67_low,49,6,Unknown,0
D79-79,Female,50,1,1,No,CD4,Ki67_low,57,58,inactive,0
Z190-94,Female,49,1,0,Yes,NK,Ki67_low,168,71,active,0
A94-76,Male,49,0,0,Yes,CD4,Ki67_low,72,55,indifferent,0
B101-43,Male,49,0,0,Yes,FOXP3,Ki67_low,79,22,indifferent,0
A115-86,Male,48,0,0,Yes,FOXP3,Ki67_high,93,65,active,0
B95-47,Male,48,0,0,No,FOXP3,Ki67_high,73,06,Unknown,0
X89-04,Male,46,0,0,Yes,CD4,Ki67_high,66,81,active,0
D77-55,Male,45,0,0,No,FOXP3,Ki67_low,55,34,Unknown,0
Z75-86,Female,45,0,0,No,CD68,Ki67_low,53,65,Unknown,0
A93-64,Male,44,1,1,Yes,FOXP3,Ki67_high,71,41,active,0
B74-71,Male,43,0,0,No,CD4,Ki67_high,50,5,indifferent,0
X94-45,Female,42,0,1,Yes,NK,Ki67_high,72,24,indifferent,0
D88-57,Female,42,0,0,No,FIBRO,Ki67_high,66,36,active,0
Z84-14,Male,38,0,0,Yes,FOXP3,Ki67_low,61,91,indifferent,0
A89-11,Female,38,0,0,No,FOXP3,Ki67_low,66,9,inactive,0
G99-83,Male,56,0,0,Yes,NK,Ki67_high,77,62,inactive,0
H150-03,Female,59,0,0,No,CD68,Ki67_high,127,82,active,0
I69-67,Female,82,0,0,No,FOXP3,Ki67_low,47,46,indifferent,0
J77-46,Female,82,0,0,Yes,NK,Ki67_low,55,25,indifferent,0
K100-54,Female,82,0,0,No,FOXP3,Ki67_low,78,33,inactive,0
L144-38,Male,81,0,0,No,CD68,Ki67_high,120,17,active,0
M110-87,Male,81,0,0,No,NK,Ki67_high,88,66,inactive,0
N73-6,Female,80,0,0,Yes,FOXP3,Ki67_low,51,39,active,0
O59-54,Female,80,1,0,Yes,CD4,Ki67_high,37,31,active,0
P144-68,Male,78,0,0,No,CD68,Ki67_low,120,47,Unknown,0
Q184-9,Male,78,1,0,Yes,NK,Ki67_low,160,69,inactive,0
R75-48,Female,78,0,0,Yes,CD4,Ki67_low,53,07,indifferent,0
Z100-75,Female,78,0,0,No,FOXP3,Ki67_high,78,54,active,0
A163-84,Male,78,0,0,Yes,NK,Ki67_high,141,61,active,0
B110-44,Female,77,0,0,Yes,FOXP3,Ki67_low,88,21,inactive,0
X105-18,Female,76,0,0,No,CD68,Ki67_high,82,97,Unknown,0
D79-59,Male,76,0,0,No,FIBRO,Ki67_high,57,38,Unknown,0
Z107-99,Female,76,0,0,Yes,FOXP3,Ki67_high,85,78,active,0
A90-44,Female,76,0,0,Yes,FOXP3,Ki67_high,68,01,indifferent,0
B143-45,Female,76,0,0,No,FOXP3,Ki67_high,121,24,active,0
X78-57,Female,75,0,0,No,FOXP3,Ki67_high,56,36,Unknown,0
D79-84,Male,75,0,0,No,FOXP3,Ki67_high,57,61,Unknown,0
Z95-88,Male,73,0,0,Yes,NK,Ki67_low,73,67,active,0
A143-04,Male,73,0,0,No,CD4,Ki67_low,100,83,active,0
B94-34,Male,73,0,0,Yes,FOXP3,Ki67_low,70,13,inactive,0
A116-84,Female,72,0,0,Yes,FOXP3,Ki67_high,94,63,active,0
B90-04,Female,72,0,0,Yes,NK,Ki67_low,67,83,indifferent,0
X455-17,Female,70,0,0,Yes,CD4,Ki67_high,232,96,indifferent,0
D417-55,Female,68,0,0,Yes,FOXP3,Ki67_high,195,34,inactive,0
Z143-66,Female,68,0,0,No,FOXP3,Ki67_low,101,45,active,0
A114-16,Female,66,0,0,Yes,NK,Ki67_low,89,95,Unknown,0
B88-43,Male,65,0,0,No,CD68,Ki67_low,66,22,Unknown,0
X86-03,Female,65,0,0,No,FOXP3,Ki67_low,63,82,active,0
D447-96,Female,64,0,0,Yes,FOXP3,Ki67_low,205,75,Unknown,0
Z85-6,Female,63,0,0,Yes,FOXP3,Ki67_high,63,39,Unknown,0
A111-68,Female,63,0,0,Yes,CD4,Ki67_high,89,47,active,0
G73-49,Female,62,0,0,No,FOXP3,Ki67_low,51,28,active,0
H87-84,Male,62,0,0,Yes,FOXP3,Ki67_low,65,61,indifferent,0
I99-49,Female,61,0,0,No,FOXP3,Ki67_high,77,08,Unknown,0
J63-73,Female,61,0,0,Yes,FOXP3,Ki67_high,41,52,Unknown,0
K85-55,Female,61,0,0,Yes,FOXP3,Ki67_low,63,34,active,0
L79-4,Female,59,0,0,No,NK,Ki67_low,56,99,active,0
M105-93,Male,59,0,0,Yes,NK,Ki67_low,83,72,active,0
N94-19,Female,59,0,0,Yes,FOXP3,Ki67_low,71,98,indifferent,0
O431-71,Male,59,1,0,Yes,FOXP3,Ki67_high,209,5,Unknown,0
P69-48,Male,57,0,1,Yes,NK,Ki67_high,47,07,indifferent,0
Q71-37,Female,57,0,0,Yes,FOXP3,Ki67_low,49,16,active,0
R110-18,Female,57,0,0,Yes,NK,Ki67_low,87,97,indifferent,0
Z59-68,Female,56,0,0,Yes,NK,Ki67_high,37,47,indifferent,0
A94-44,Male,56,0,0,Yes,CD4,Ki67_low,72,03,indifferent,0
B84-1,Female,55,0,0,Yes,FOXP3,Ki67_high,59,89,Unknown,0
X64-64,Female,54,0,0,Yes,FOXP3,Ki67_low,40,41,indifferent,0
D107-83,Male,53,0,0,No,CD68,Ki67_low,85,62,Unknown,0
Z107-59,Male,52,0,0,No,FOXP3,Ki67_low,85,38,indifferent,0
A116-98,Female,52,0,0,Yes,FOXP3,Ki67_low,94,77,active,0
B84-1,Female,50,0,0,No,CD68,Ki67_high,61,89,Unknown,0
X160-64,Male,49,0,0,Yes,NK,Ki67_low,138,43,inactive,0
D84-4,Female,49,0,0,No,FIBRO,Ki67_low,62,19,active,0
Z81-13,Female,49,0,0,Yes,CD4,Ki67_high,58,92,active,0
A88-19,Female,47,0,0,No,FOXP3,Ki67_low,65,98,active,0
B147-13,Male,45,0,0,Yes,FOXP3,Ki67_high,104,92,Unknown,0
A119-61,Female,44,0,0,Yes,FOXP3,Ki67_high,97,4,Unknown,0
B143-47,Male,44,0,0,Yes,CD4,Ki67_low,121,26,indifferent,0
X84-6,Female,43,0,0,Yes,FOXP3,Ki67_high,62,39,inactive,0
D110-74,Male,43,0,0,No,FOXP3,Ki67_high,88,51,active,0
Z158-93,Female,43,0,0,No,FOXP3,Ki67_high,136,72,inactive,0
A68-94,Male,41,0,0,No,CD68,Ki67_high,46,73,Unknown,0
B69-38,Female,40,0,0,Yes,CD4,Ki67_high,47,17,Unknown,0
X74,Female,39,0,0,No,NK,Ki67_low,49,79,active,0
D57-76,Male,39,0,0,Yes,FOXP3,Ki67_high,35,55,inactive,0
Z108-65,Male,39,0,0,No,FOXP3,Ki67_high,86,44,active,0
A65-44,Male,38,0,0,Yes,FOXP3,Ki67_high,43,21,active,0
G78-93,Male,38,0,0,No,FOXP3,Ki67_high,56,72,indifferent,0
H98-34,Female,38,0,0,Yes,FOXP3,Ki67_high,76,13,Unknown,0
I84-57,Female,32,0,0,Yes,FOXP3,Ki67_high,60,36,Unknown,0
J144-37,Female,65,0,1,Yes,CD4,Ki67_low,102,16,active,0
K100-96,Female,92,0,1,Yes,NK,Ki67_low,78,75,active,0
L75-44,Male,82,0,0,No,CD68,Ki67_low,53,01,Unknown,0
M59-85,Female,82,0,0,Yes,FOXP3,Ki67_low,37,64,active,0
N104-75,Female,82,0,0,No,CD68,Ki67_high,82,54,Unknown,0
O70-98,Female,82,0,0,Yes,CD4,Ki67_high,48,77,Unknown,0
P94-77,Female,82,0,0,No,FOXP3,Ki67_high,70,56,Unknown,0
Q84-14,Female,81,0,0,Yes,FOXP3,Ki67_low,59,91,inactive,0
R106-35,Female,81,0,0,Yes,CD4,Ki67_high,84,14,active,0
Z77-33,Female,81,0,0,No,CD68,Ki67_high,55,12,Unknown,0
A96-01,Female,81,0,0,Yes,FOXP3,Ki67_low,73,8,Unknown,0
B107-49,Male,81,0,0,Yes,FOXP3,Ki67_low,85,28,active,0
X88-47,Male,80,0,0,No,FOXP3,Ki67_high,66,26,inactive,0
D87-94,Female,80,0,0,No,CD68,Ki67_high,65,71,Unknown,0
Z91-13,Male,78,0,0,Yes,FOXP3,Ki67_low,68,92,active,0
A80-74,Male,78,0,0,Yes,FOXP3,Ki67_high,58,51,indifferent,0
B59-83,Male,78,0,0,No,CD4,Ki67_high,37,62,active,0
X67-04,Male,78,0,0,Yes,FOXP3,Ki67_low,44,81,indifferent,0
D60-44,Female,78,0,0,Yes,FOXP3,Ki67_high,38,01,active,0
Z84-41,Male,77,0,1,Yes,FOXP3,Ki67_high,60,2,inactive,0
A75-78,Female,77,0,0,No,CD68,Ki67_low,53,57,Unknown,0
B104-44,Female,76,0,0,No,FOXP3,Ki67_high,80,21,active,0
A98-45,Female,75,0,1,Yes,NK,Ki67_high,76,24,Unknown,0
B93-51,Female,74,0,0,Yes,FOXP3,Ki67_low,71,3,inactive,0
X113-68,Female,73,0,0,Yes,FOXP3,Ki67_high,91,47,Unknown,0
D97-41,Female,73,0,0,Yes,FOXP3,Ki67_high,75,2,active,0
Z58-65,Male,72,0,0,Yes,FOXP3,Ki67_low,36,44,inactive,0
A81-68,Female,71,0,0,Yes,NK,Ki67_high,59,47,Unknown,0
B148-54,Male,71,0,0,No,CD68,Ki67_low,126,31,Unknown,0
X77-55,Male,70,1,0,Yes,FOXP3,Ki67_low,55,34,indifferent,0
D144-14,Female,70,0,0,Yes,FOXP3,Ki67_high,119,91,inactive,0
Z145-3,Female,69,0,0,Yes,FOXP3,Ki67_low,103,09,indifferent,0
A118-81,Male,68,1,0,Yes,NK,Ki67_high,96,6,inactive,0
G84-16,Male,66,0,0,No,FOXP3,Ki67_low,61,95,inactive,0
H78-74,Female,64,0,0,Yes,FOXP3,Ki67_low,56,53,inactive,0
I57-51,Male,63,0,0,No,FOXP3,Ki67_low,35,3,Unknown,0
J61-11,Male,63,0,0,Yes,FOXP3,Ki67_low,38,9,active,0
K78-3,Male,63,0,0,Yes,FOXP3,Ki67_low,56,09,Unknown,0
L76-19,Male,62,0,0,Yes,FOXP3,Ki67_low,53,98,active,0
M115-99,Female,60,0,0,Yes,CD4,Ki67_high,93,78,active,0
Z100-8,Male,59,0,0,No,FOXP3,Ki67_high,78,59,active,0
A98-47,Female,59,0,0,Yes,FOXP3,Ki67_low,76,06,Unknown,0
B93-85,Female,58,0,0,Yes,FOXP3,Ki67_high,71,64,active,0
X94-69,Male,58,0,0,No,FOXP3,Ki67_high,72,48,inactive,0
D136-43,Female,57,0,0,No,FOXP3,Ki67_low,114,02,Unknown,0
Z56-14,Female,56,0,0,Yes,CD4,Ki67_high,33,91,inactive,0
A93-03,Female,56,0,0,No,CD68,Ki67_high,70,82,Unknown,0
B196-81,Male,56,0,0,Yes,FOXP3,Ki67_high,174,6,active,0
X87-81,Male,55,1,0,Yes,FOXP3,Ki67_high,65,6,indifferent,0
D444-66,Male,54,0,0,Yes,FOXP3,Ki67_low,200,45,indifferent,0
Z443-58,Male,53,0,0,Yes,FOXP3,Ki67_high,201,37,active,0
A85-77,Female,53,0,0,No,FOXP3,Ki67_low,63,56,active,0
B88-43,Female,51,0,0,Yes,FOXP3,Ki67_high,66,02,Unknown,0
A73-65,Female,50,0,0,No,NK,Ki67_low,51,44,Unknown,0
B141-8,Male,50,0,0,No,FOXP3,Ki67_low,119,59,active,0
X94-65,Female,50,0,0,No,CD68,Ki67_high,70,44,Unknown,0
D198-79,Male,49,1,0,Yes,FOXP3,Ki67_high,176,58,inactive,0
Z61-04,Male,49,0,0,No,FOXP3,Ki67_high,38,83,Unknown,0
A104-88,Female,48,0,0,Yes,FOXP3,Ki67_high,80,67,Unknown,0
B143-39,Male,47,0,0,No,CD68,Ki67_low,101,18,Unknown,0
X67-07,Female,47,0,0,Yes,CD4,Ki67_high,44,86,active,0
D69-88,Male,47,0,0,Yes,CD4,Ki67_high,47,67,inactive,0
Z57-04,Male,46,0,0,No,CD68,Ki67_low,34,81,Unknown,0
A143-81,Female,46,0,0,No,CD4,Ki67_low,101,6,active,0
G73-36,Female,44,0,0,Yes,CD4,Ki67_high,51,15,indifferent,0
H90-54,Male,43,0,0,Yes,FOXP3,Ki67_high,68,33,active,0
I69-44,Male,42,0,0,Yes,FOXP3,Ki67_low,47,03,active,0
J194-39,Male,42,0,0,Yes,FOXP3,Ki67_low,170,18,active,0
K433-3,Female,39,1,1,Yes,FOXP3,Ki67_high,211,09,Unknown,0
L74-35,Female,56,0,0,Yes,NK,Ki67_low,52,14,indifferent,0
M71-94,Male,82,0,0,Yes,FOXP3,Ki67_high,49,73,inactive,0
N84-35,Male,82,0,0,Yes,NK,Ki67_high,60,14,active,0
O73-48,Male,81,0,0,No,CD68,Ki67_high,51,07,active,0
P97-57,Male,81,1,0,Yes,NK,Ki67_high,75,36,Unknown,0
Q83-3,Female,81,0,0,Yes,FOXP3,Ki67_high,61,09,inactive,0
R85-07,Female,81,0,0,No,FOXP3,Ki67_low,62,86,Unknown,0
Z60-4,Male,81,0,0,No,CD68,Ki67_low,38,19,Unknown,0
A79-96,Female,81,0,0,Yes,NK,Ki67_low,57,75,indifferent,0
B70-96,Male,81,0,0,Yes,FOXP3,Ki67_high,48,75,Unknown,0
X84-86,Female,81,0,0,Yes,FOXP3,Ki67_low,60,65,active,0
D97-87,Female,80,1,0,No,FOXP3,Ki67_high,75,66,inactive,0
Z401-38,Female,80,0,1,Yes,FOXP3,Ki67_high,179,17,active,0
A91-84,Female,80,0,0,Yes,NK,Ki67_low,69,61,Unknown,0
B91-85,Male,79,0,0,Yes,FOXP3,Ki67_high,69,64,inactive,0
X99-43,Female,78,1,0,Yes,NK,Ki67_low,77,02,indifferent,0
D68-13,Male,78,0,0,Yes,FOXP3,Ki67_low,45,92,indifferent,0
Z93-76,Male,77,0,0,No,FOXP3,Ki67_high,71,55,indifferent,0
A103-89,Female,76,1,0,Yes,NK,Ki67_high,81,68,active,0
B87-39,Female,76,0,0,No,FOXP3,Ki67_low,65,18,Unknown,0
A89-53,Female,76,0,0,Yes,CD4,Ki67_low,67,32,Unknown,0
B66-61,Female,76,0,0,No,CD68,Ki67_low,44,4,Unknown,0
X436-14,Male,73,0,0,Yes,FOXP3,Ki67_high,213,93,Unknown,0
D99-76,Male,73,0,1,Yes,FOXP3,Ki67_low,77,55,indifferent,0
Z87-09,Male,72,0,0,No,CD68,Ki67_low,64,88,Unknown,0
A193-81,Male,72,0,0,Yes,FOXP3,Ki67_low,171,6,active,0
B97-47,Female,72,0,0,Yes,FOXP3,Ki67_high,75,06,active,0
X137-77,Male,71,0,0,Yes,FOXP3,Ki67_low,115,56,active,0
D105-19,Male,71,0,0,Yes,FOXP3,Ki67_low,82,98,inactive,0
Z84-74,Male,71,0,1,Yes,NK,Ki67_low,60,51,active,0
A58-35,Male,70,0,0,No,CD68,Ki67_low,36,14,Unknown,0
G68-79,Male,68,0,0,Yes,FOXP3,Ki67_low,46,58,active,0
H94-19,Female,68,0,0,Yes,FOXP3,Ki67_low,71,98,active,0
I141-17,Male,68,0,0,No,CD4,Ki67_high,98,96,indifferent,0
J106-41,Male,66,1,1,Yes,NK,Ki67_high,84,2,active,0
K104-79,Male,65,0,0,Yes,FOXP3,Ki67_high,82,58,Unknown,0
L84-18,Female,65,0,0,Yes,FOXP3,Ki67_low,59,97,active,0
M96-81,Male,65,0,0,Yes,FOXP3,Ki67_low,74,6,inactive,0
N107-44,Male,65,0,0,Yes,FOXP3,Ki67_high,85,21,indifferent,0
O69-4,Male,63,0,0,Yes,FOXP3,Ki67_high,46,99,active,0
P94-73,Male,63,0,0,Yes,NK,Ki67_low,70,52,active,0
Q86-11,Female,63,0,0,No,FOXP3,Ki67_low,63,9,active,0
R111-78,Male,63,0,0,Yes,FOXP3,Ki67_high,89,57,inactive,0
Z144-46,Female,61,0,0,No,FOXP3,Ki67_low,100,05,active,0
A78-16,Female,60,0,0,No,FOXP3,Ki67_high,55,95,active,0
B105-77,Female,59,1,0,Yes,CD4,Ki67_high,83,56,active,0
X104-97,Female,59,0,0,Yes,FOXP3,Ki67_low,80,76,inactive,0
D77-53,Female,59,0,0,Yes,CD4,Ki67_low,55,32,indifferent,0
Z77-35,Female,59,0,0,Yes,FOXP3,Ki67_low,55,14,active,0
A84-36,Female,59,0,0,No,FIBRO,Ki67_low,60,15,Unknown,0
B439-95,Female,57,0,1,Yes,NK,Ki67_high,217,74,inactive,0
X61-96,Male,55,0,0,No,FOXP3,Ki67_low,39,75,inactive,0
D74-1,Male,55,0,0,No,FOXP3,Ki67_high,49,89,active,0
Z107-97,Male,54,0,0,No,CD68,Ki67_high,85,76,Unknown,0
A60-77,Male,53,0,0,Yes,NK,Ki67_low,38,56,inactive,0
B71-06,Female,53,0,0,Yes,FOXP3,Ki67_low,48,85,active,0
A60-36,Female,52,0,0,No,CD4,Ki67_low,38,15,active,0
B83-33,Male,51,0,0,Yes,NK,Ki67_low,61,12,Unknown,0
X65-33,Female,51,0,0,Yes,NK,Ki67_low,43,12,active,0
D113-48,Male,51,0,0,No,CD68,Ki67_low,91,07,active,0
Z170-88,Male,51,0,0,No,CD68,Ki67_low,148,67,Unknown,0
A103-34,Male,48,0,0,No,CD68,Ki67_low,81,13,Unknown,0
B106-08,Female,48,0,0,No,FOXP3,Ki67_high,83,87,indifferent,0
X156-45,Male,47,0,0,Yes,NK,Ki67_low,134,24,active,0
D60-05,Female,46,0,0,Yes,FOXP3,Ki67_low,37,84,Unknown,0
Z114-05,Female,45,0,0,Yes,FOXP3,Ki67_high,91,84,active,0
A404-41,Female,44,0,1,Yes,NK,Ki67_low,180,39.3,indifferent,0
G57-48,Female,43,0,0,Yes,NK,Ki67_high,35,07,active,0
H99-49,Male,42,0,0,No,FOXP3,Ki67_high,77,28,Unknown,0
I63-6,Male,38,0,0,Yes,FOXP3,Ki67_low,41,39,active,0
J80-01,Male,82,0,1,Yes,CD4,Ki67_low,57,8,indifferent,0
K58-44,Male,81,0,0,Yes,FOXP3,Ki67_low,36,21,indifferent,0
L67-38,Female,80,1,1,Yes,CD4,Ki67_low,45,17,indifferent,0
M73-58,Female,80,0,0,Yes,NK,Ki67_high,51,37,Unknown,0
N103-94,Male,80,0,0,No,FOXP3,Ki67_low,81,71,Unknown,0
O80-44,Female,80,0,0,No,FOXP3,Ki67_high,58,01,active,0
P103-76,Female,79,0,0,Yes,FOXP3,Ki67_high,81,55,active,0
Q77-06,Female,79,0,0,Yes,NK,Ki67_low,54,85,active,0
R90-44,Female,79,0,0,No,CD68,Ki67_high,68,01,Unknown,0
Z181-3,Female,78,0,0,No,FOXP3,Ki67_low,159,09,active,0
A85-49,Female,78,0,0,Yes,FOXP3,Ki67_high,63,08,indifferent,0
B107-59,Female,78,1,0,Yes,FOXP3,Ki67_low,85,38,inactive,0
X87-74,Female,78,0,0,No,FOXP3,Ki67_low,65,51,inactive,0
D70-73,Male,77,0,0,Yes,FOXP3,Ki67_high,48,52,inactive,0
Z74-75,Male,77,0,0,No,CD4,Ki67_low,50,54,Unknown,0
A95-47,Male,77,0,0,Yes,FOXP3,Ki67_high,73,26,inactive,0
B70-54,Female,76,0,0,No,FOXP3,Ki67_low,48,33,Unknown,0
X100-03,Male,76,0,0,Yes,FOXP3,Ki67_low,77,82,active,0
D59-78,Female,76,0,0,No,CD68,Ki67_high,37,57,Unknown,0
Z198-79,Male,76,0,0,Yes,FOXP3,Ki67_low,176,58,active,0
A90-39,Male,75,0,0,No,FOXP3,Ki67_high,68,18,active,0
B147-04,Female,72,0,0,Yes,FOXP3,Ki67_high,124,83,Unknown,0
A404-55,Male,71,0,0,Yes,CD4,Ki67_low,180,34,indifferent,0
B64-94,Male,71,1,1,Yes,FOXP3,Ki67_high,42,71,inactive,0
X154-6,Female,71,1,0,Yes,NK,Ki67_high,132,39,indifferent,0
D95-98,Female,71,0,0,Yes,FOXP3,Ki67_low,73,77,inactive,0
Z104-51,Female,70,0,0,Yes,FOXP3,Ki67_high,80,3,inactive,0
A96-54,Male,70,1,0,No,FOXP3,Ki67_low,74,31,Unknown,0
B434-14,Male,69,1,0,Yes,NK,Ki67_high,209,91,active,0
X78-14,Female,68,0,0,Yes,NK,Ki67_high,55,91,Unknown,0
D70-04,Male,68,0,0,Yes,CD4,Ki67_low,47,83,active,0
Z97-61,Female,68,0,0,Yes,FOXP3,Ki67_high,75,4,inactive,0
A113-11,Female,65,0,0,No,FOXP3,Ki67_low,90,9,Unknown,0
G71-06,Female,64,0,0,No,FOXP3,Ki67_high,48,85,indifferent,0
H104-95,Female,64,0,0,No,CD68,Ki67_high,82,74,Unknown,0
I81-94,Female,63,0,0,No,FOXP3,Ki67_low,59,73,inactive,0
J96-37,Male,63,0,0,Yes,FOXP3,Ki67_low,74,16,indifferent,0
K114-16,Female,63,0,0,Yes,FOXP3,Ki67_high,91,95,active,0
L93-58,Male,62,0,0,Yes,NK,Ki67_high,71,37,inactive,0
M73-89,Female,60,0,0,Yes,CD4,Ki67_low,51,68,Unknown,0
N107-83,Male,60,0,0,Yes,FOXP3,Ki67_high,85,62,inactive,0
O107-41,Female,59,1,0,Yes,NK,Ki67_low,85,27,indifferent,0
P99-35,Female,58,0,0,Yes,FOXP3,Ki67_high,77,14,inactive,0
Q403-57,Female,58,0,0,Yes,FOXP3,Ki67_high,181,36,Unknown,0
R81-51,Male,58,1,1,Yes,CD4,Ki67_high,59,3,active,0
Z69-46,Female,58,0,0,Yes,FOXP3,Ki67_high,47,05,indifferent,0
A111-47,Male,58,0,0,No,CD68,Ki67_low,89,26,active,0
B86-09,Female,57,0,1,Yes,FOXP3,Ki67_high,63,88,active,0
X74-94,Male,57,0,1,Yes,CD4,Ki67_high,50,73,indifferent,0
D76-77,Female,57,0,0,No,FOXP3,Ki67_low,54,56,Unknown,0
Z60-34,Male,56,0,0,Yes,FOXP3,Ki67_high,38,11,active,0
A133-44,Male,56,0,0,No,FOXP3,Ki67_high,111,03,active,0
B65-01,Female,56,0,0,Yes,FOXP3,Ki67_high,42,8,indifferent,0
X74-63,Female,54,0,0,Yes,FOXP3,Ki67_low,52,42,active,0
D430-78,Female,54,0,0,Yes,FOXP3,Ki67_high,208,57,active,0
Z74-5,Male,52,0,0,Yes,FOXP3,Ki67_low,50,29,indifferent,0
A68-48,Female,52,0,0,Yes,FOXP3,Ki67_low,46,27,active,0
B85-03,Male,51,0,0,Yes,FOXP3,Ki67_low,62,82,indifferent,0
A80-76,Female,51,0,0,Yes,FOXP3,Ki67_low,58,55,inactive,0
B404-98,Male,51,0,1,Yes,FOXP3,Ki67_low,182,77,indifferent,0
X95-36,Female,50,0,0,Yes,NK,Ki67_high,73,15,indifferent,0
D110-33,Male,48,0,0,No,CD68,Ki67_low,88,12,Unknown,0
Z89-18,Male,48,0,0,Yes,FOXP3,Ki67_low,66,97,indifferent,0
A91-53,Male,48,0,0,No,NK,Ki67_high,69,32,indifferent,0
B65-16,Male,44,0,0,Yes,FOXP3,Ki67_high,42,95,active,0
X74-53,Female,44,0,0,No,FOXP3,Ki67_high,52,32,active,0
D93-49,Female,43,0,0,No,CD68,Ki67_high,71,08,Unknown,0
Z447-89,Male,42,0,0,Yes,CD4,Ki67_low,205,68,indifferent,0
A141-46,Female,42,0,0,Yes,FOXP3,Ki67_low,99,25,Unknown,0
G69-35,Female,41,0,0,No,NK,Ki67_high,47,14,active,0
H416-71,Female,38,0,0,Yes,FOXP3,Ki67_high,194,5,active,0
I74-96,Female,38,0,0,No,CD68,Ki67_high,52,75,Unknown,0
J75-45,Male,38,0,0,Yes,NK,Ki67_high,53,04,inactive,0
K91-84,Female,64,0,0,No,FOXP3,Ki67_high,69,61,indifferent,0
L56-37,Female,82,1,0,Yes,CD4,Ki67_low,34,16,inactive,0
M149-15,Female,81,0,0,Yes,NK,Ki67_high,126,94,Unknown,0
N404-67,Female,81,1,0,Yes,FOXP3,Ki67_low,180,46,indifferent,0
O65-38,Female,81,0,0,Yes,FOXP3,Ki67_high,43,17,Unknown,0
P90-31,Female,81,0,0,Yes,FOXP3,Ki67_low,68,1,inactive,0
Q441-8,Male,81,0,0,Yes,NK,Ki67_high,199,59,indifferent,0
R73-39,Female,80,0,0,Yes,FOXP3,Ki67_high,51,18,Unknown,0
Z147-14,Female,80,1,0,Yes,FOXP3,Ki67_low,124,91,indifferent,0
A109-85,Male,80,0,0,Yes,FOXP3,Ki67_low,87,64,Unknown,0
B103-41,Male,80,0,0,Yes,NK,Ki67_high,81,22.9,indifferent,0
X81-45,Male,80,0,0,Yes,FOXP3,Ki67_low,59,04,inactive,0
D84-69,Female,79,0,0,Yes,CD4,Ki67_low,62,48,active,0
Z87-1,Female,79,0,0,Yes,CD4,Ki67_high,64,89,inactive,0
A81-94,Female,78,0,0,No,FOXP3,Ki67_high,59,71,Unknown,0
B90-91,Male,78,1,0,Yes,FOXP3,Ki67_low,68,7,Unknown,0
X64-4,Male,78,0,0,Yes,CD4,Ki67_low,42,19,active,0
D85-48,Female,78,1,0,Yes,FOXP3,Ki67_high,63,27,inactive,0
Z67-49,Female,78,0,0,Yes,FOXP3,Ki67_high,45,08,indifferent,0
A144-48,Female,77,1,0,Yes,FOXP3,Ki67_low,102,27,Unknown,0
B64-89,Male,77,0,1,No,CD68,Ki67_low,40,68,Unknown,0
A87-51,Male,77,0,0,Yes,FOXP3,Ki67_low,65,3,indifferent,0
B93-15,Female,76,0,0,Yes,FOXP3,Ki67_low,70,94,Unknown,0
X64-87,Female,76,0,0,No,FOXP3,Ki67_low,42,66,Unknown,0
D90-68,Male,76,0,0,Yes,NK,Ki67_low,68,47,inactive,0
Z104-64,Male,72,0,0,Yes,FOXP3,Ki67_low,82,43,Unknown,0
A94-44,Female,72,0,0,No,FOXP3,Ki67_low,70,23,active,0
B140-46,Male,71,0,0,No,FOXP3,Ki67_high,98,25,Unknown,0
X89-87,Male,70,0,0,Yes,FOXP3,Ki67_low,67,66,active,0
D105-48,Female,70,0,0,No,FOXP3,Ki67_low,83,07,indifferent,0
Z131-8,Female,69,0,0,Yes,FOXP3,Ki67_high,109,59,active,0
A66-33,Female,69,0,0,No,CD68,Ki67_high,44,12,Unknown,0
G101-07,Female,69,0,0,Yes,FOXP3,Ki67_high,78,86,Unknown,0
H83-37,Female,68,0,0,No,CD68,Ki67_high,61,16,indifferent,0
I79-8,Female,68,0,0,Yes,FOXP3,Ki67_low,57,59,inactive,0
J103-17,Female,65,0,0,Yes,NK,Ki67_high,80,96,indifferent,0
K64-54,Female,63,0,0,No,FOXP3,Ki67_low,40,31,active,0
L75-78,Female,62,1,0,Yes,NK,Ki67_low,53,57,inactive,0
M110-36,Female,60,0,0,Yes,CD4,Ki67_low,88,15,indifferent,0
N140-07,Male,60,0,0,No,FOXP3,Ki67_high,117,86,active,0
O84-86,Female,60,0,0,No,CD68,Ki67_high,62,65,active,0
P106-85,Male,60,0,0,Yes,FOXP3,Ki67_high,84,64,active,0
Q104-07,Female,59,0,0,Yes,FOXP3,Ki67_high,79,86,active,0
R404-38,Female,57,0,1,No,CD4,Ki67_low,180,17,Unknown,0
Z67-07,Female,56,0,0,Yes,CD4,Ki67_low,44,86,active,0
A73-7,Male,56,0,1,Yes,CD4,Ki67_high,51,49,active,0
B77-59,Female,55,0,0,No,NK,Ki67_low,55,38,active,0
X69-16,Male,54,0,0,No,CD68,Ki67_high,46,95,Unknown,0
D91-44,Female,54,0,0,Yes,FOXP3,Ki67_low,69,23,Unknown,0
Z415-81,Male,53,0,0,Yes,NK,Ki67_high,193,6,active,0
A65-4,Female,53,0,0,Yes,FOXP3,Ki67_high,43,19,indifferent,0
B139-74,Male,53,0,0,Yes,FOXP3,Ki67_low,117,51,active,0
X74-81,Female,53,0,0,No,CD68,Ki67_low,50,6,Unknown,0
D149-17,Female,51,0,0,No,FOXP3,Ki67_low,126,96,active,0
Z145-74,Female,50,0,0,Yes,FOXP3,Ki67_low,103,53,Unknown,0
A90-41,Female,50,0,0,No,CD4,Ki67_low,68,41.2,active,0
B139-48,Female,50,0,0,No,FOXP3,Ki67_low,117,27,indifferent,0
A90-77,Female,50,1,0,Yes,FOXP3,Ki67_low,68,56,active,0
B440-44,Female,49,1,1,Yes,FOXP3,Ki67_low,198,03,active,0
X81-44,Female,48,0,0,Yes,FOXP3,Ki67_high,59,21,active,0
D104-36,Female,48,0,0,Yes,FOXP3,Ki67_low,80,15,active,0
Z84-85,Female,47,0,0,Yes,NK,Ki67_low,60,64,inactive,0
A104-11,Female,47,0,0,Yes,FOXP3,Ki67_low,79,9,active,0
B195-61,Female,47,0,0,Yes,NK,Ki67_high,173,4,active,0
X80-94,Male,46,1,1,Yes,NK,Ki67_low,58,71,inactive,0
D71-8,Female,45,0,0,Yes,FOXP3,Ki67_high,49,59,active,0
Z88-47,Female,45,0,0,No,NK,Ki67_low,66,26,active,0
A67-68,Female,43,0,0,Yes,FOXP3,Ki67_low,45,47,indifferent,0
G98-65,Male,41,0,0,No,CD68,Ki67_high,76,44,Unknown,0
H83-58,Female,39,0,0,Yes,FOXP3,Ki67_high,61,37,active,0
I104-04,Female,39,0,0,Yes,NK,Ki67_high,81,83,indifferent,0
J69-4,Female,38,0,0,Yes,FOXP3,Ki67_high,47,19,Unknown,0
K106-44,Male,38,1,0,No,CD4,Ki67_low,84,01,active,0
L114-46,Female,38,0,0,Yes,FOXP3,Ki67_high,90,25,active,0
M74-44,Male,82,0,1,Yes,FOXP3,Ki67_high,50,21,active,0
N96-73,Male,82,0,0,No,CD68,Ki67_high,74,52,active,0
O107-4,Female,82,0,0,No,CD68,Ki67_low,85,19,Unknown,0
P467-61,Female,81,0,0,Yes,NK,Ki67_low,245,4,inactive,0
Q109-46,Female,81,1,0,Yes,FOXP3,Ki67_high,87,25,active,0
R140-05,Female,81,0,0,Yes,CD4,Ki67_high,97,84,Unknown,0
Z106-33,Female,80,0,0,Yes,FOXP3,Ki67_high,84,12,Unknown,0
A97-48,Female,80,0,0,No,CD68,Ki67_low,75,07,Unknown,0
B83-13,Male,80,0,0,Yes,FOXP3,Ki67_high,60,92,inactive,0
X97-35,Male,80,0,0,No,CD68,Ki67_low,75,14,Unknown,0
D79-54,Male,79,0,0,No,FOXP3,Ki67_low,57,33,Unknown,0
Z76-55,Female,79,0,0,No,CD68,Ki67_low,54,34,Unknown,0
A56-11,Male,78,0,0,No,CD68,Ki67_low,33,9,Unknown,0
B91-36,Female,77,0,0,Yes,FOXP3,Ki67_high,69,15,indifferent,0
X79-47,Female,77,0,0,No,FOXP3,Ki67_high,57,06,inactive,0
D113-41,Male,74,0,0,Yes,FOXP3,Ki67_low,91,28.6,inactive,0
Z105-99,Female,74,0,0,Yes,FOXP3,Ki67_low,83,78,active,0
A59-93,Male,74,0,0,Yes,FOXP3,Ki67_high,37,72,indifferent,0
B88-83,Male,73,0,0,Yes,FOXP3,Ki67_high,66,62,Unknown,0
A73-37,Female,73,0,0,Yes,FOXP3,Ki67_low,51,16,inactive,0
B115-44,Female,72,0,0,Yes,FOXP3,Ki67_low,93,21,inactive,0
X71-93,Female,72,0,0,Yes,FOXP3,Ki67_high,49,72,Unknown,0
D96-43,Male,70,0,0,No,CD68,Ki67_high,74,22,Unknown,0
Z161-95,Male,70,0,0,No,NK,Ki67_low,139,74,active,0
A104-55,Female,69,0,0,Yes,CD4,Ki67_low,82,34,inactive,0
B71-45,Female,69,0,0,No,CD68,Ki67_low,49,04,Unknown,0
X160-87,Male,67,0,0,Yes,CD4,Ki67_low,138,66,indifferent,0
D84-04,Female,67,0,0,Yes,CD4,Ki67_low,59,81,inactive,0
Z78-04,Female,66,1,0,Yes,FOXP3,Ki67_low,55,81,active,0
A115-41,Male,66,0,0,No,CD4,Ki67_low,93,28.7,Unknown,0
G65-14,Female,66,0,0,Yes,NK,Ki67_low,42,91,active,0
H143-33,Other,65,0,0,No,FOXP3,Ki67_high,121,12,indifferent,0
I80-55,Female,64,0,0,No,CD68,Ki67_high,58,34,Unknown,0
J88-4,Female,63,0,0,Yes,CD4,Ki67_low,65,99,active,0
K147-44,Female,62,0,0,No,FOXP3,Ki67_high,125,21,Unknown,0
L86-53,Male,61,0,0,No,FOXP3,Ki67_high,64,32,active,0
M91-95,Female,60,0,0,No,FOXP3,Ki67_high,69,74,Unknown,0
Z63-74,Female,60,1,0,Yes,NK,Ki67_high,41,51,inactive,0
A63-78,Male,59,0,0,Yes,FOXP3,Ki67_high,41,57,active,0
B55-64,Female,58,0,0,Yes,FOXP3,Ki67_low,33,43,active,0
X88-88,Female,57,0,0,No,CD4,Ki67_low,66,67,active,0
D114-61,Male,56,0,0,Yes,NK,Ki67_low,92,4,indifferent,0
Z56-08,Male,54,0,0,No,NK,Ki67_high,33,87,indifferent,0
A59-64,Female,54,0,0,Yes,CD4,Ki67_high,37,41,active,0
B75-85,Male,53,0,0,No,CD68,Ki67_low,53,64,Unknown,0
X176-71,Female,53,1,0,Yes,NK,Ki67_high,154,5,active,0
D80-07,Male,52,0,0,No,FOXP3,Ki67_low,57,86,Unknown,0
Z56-33,Male,52,0,0,No,CD68,Ki67_high,34,12,Unknown,0
A87-16,Female,52,0,0,No,FOXP3,Ki67_low,64,95,active,0
B104-46,Female,51,0,1,Yes,FOXP3,Ki67_high,80,25,active,0
A84-1,Male,51,1,0,Yes,FOXP3,Ki67_high,61,89,Unknown,0
B161,Male,50,0,0,Yes,FOXP3,Ki67_high,138,79,inactive,0
X70-7,Male,49,0,0,No,CD68,Ki67_low,48,49,Unknown,0
D81-46,Female,49,0,0,Yes,FOXP3,Ki67_high,59,05,Unknown,0
Z157-67,Female,49,0,0,Yes,CD4,Ki67_high,135,46,indifferent,0
A89-59,Female,49,0,0,Yes,NK,Ki67_low,67,38,Unknown,0
B64-04,Male,47,0,0,Yes,FOXP3,Ki67_low,41,81,inactive,0
X110-69,Male,44,0,0,Yes,CD4,Ki67_high,88,48,Unknown,0
D71-97,Female,44,0,0,Yes,FOXP3,Ki67_high,49,76,active,0
Z84-07,Female,43,0,0,No,NK,Ki67_high,59,86,Unknown,0
A65-07,Male,43,0,0,No,CD68,Ki67_high,42,86,active,0
G407-64,Female,42,0,0,Yes,NK,Ki67_high,185,41,active,0
H108-64,Male,42,0,0,Yes,FOXP3,Ki67_low,86,43,active,0
I401-58,Male,42,0,0,Yes,NK,Ki67_low,179,37,Unknown,0
J116-4,Female,40,0,0,Yes,FOXP3,Ki67_low,93,99,indifferent,0
K431-43,Male,38,0,0,Yes,NK,Ki67_high,209,22,inactive,0
L114-64,Female,56,0,0,Yes,CD4,Ki67_low,90,41,active,0
M440-46,Male,59,1,0,Yes,FOXP3,Ki67_low,198,05,indifferent,0
N84-37,Female,82,0,0,Yes,FOXP3,Ki67_low,62,16,Unknown,0
O84-83,Female,82,0,0,Yes,FOXP3,Ki67_high,60,62,indifferent,0
P104-48,Female,82,0,0,No,FOXP3,Ki67_low,80,27,indifferent,0
Q69-14,Female,81,0,0,Yes,NK,Ki67_high,46,91,active,0
R411-14,Female,81,1,0,Yes,CD4,Ki67_low,188,91,active,0
Z95-38,Female,80,0,0,No,FOXP3,Ki67_high,73,17,indifferent,0
A108-74,Female,80,0,0,Yes,FOXP3,Ki67_high,86,51,indifferent,0
B88-65,Female,80,0,0,No,FOXP3,Ki67_high,66,44,active,0
X177-91,Male,80,0,0,Yes,FOXP3,Ki67_low,155,7,Unknown,0
D90-19,Male,78,1,0,Yes,NK,Ki67_low,67,98,Unknown,0
Z73-78,Male,78,0,0,Yes,FOXP3,Ki67_high,51,57,inactive,0
A84-85,Female,78,0,0,No,FOXP3,Ki67_low,60,64,inactive,0
B59-48,Male,78,0,0,Yes,FOXP3,Ki67_high,37,27,Unknown,0
X75-77,Male,76,0,0,Yes,FOXP3,Ki67_high,53,56,indifferent,0
D80-96,Female,76,0,0,Yes,FOXP3,Ki67_high,58,75,indifferent,0
Z84-4,Male,76,0,0,Yes,FOXP3,Ki67_high,60,19,inactive,0
A78-93,Male,76,0,0,Yes,FOXP3,Ki67_low,56,72,Unknown,0
B80-59,Male,74,0,0,No,FOXP3,Ki67_low,58,38,Unknown,0
A70-59,Female,74,0,0,Yes,NK,Ki67_low,48,38,Unknown,0
B98-57,Female,73,0,0,Yes,FOXP3,Ki67_high,76,36,active,0
X61-87,Male,71,0,0,No,FOXP3,Ki67_high,39,66,Unknown,0
D68-88,Female,70,0,0,Yes,FOXP3,Ki67_low,46,67,Unknown,0
Z66-45,Female,67,0,0,No,CD68,Ki67_low,44,04,Unknown,0
A84-18,Male,66,0,0,Yes,FOXP3,Ki67_high,61,97,inactive,0
B69-43,Male,66,0,0,Yes,CD4,Ki67_high,47,02,inactive,0
X73-4,Female,65,0,0,Yes,FOXP3,Ki67_high,50,99,Unknown,0
D103-45,Male,64,0,0,Yes,FOXP3,Ki67_low,81,24,inactive,0
Z104-86,Female,64,0,0,No,CD4,Ki67_low,82,65,active,0
A90-3,Male,62,0,1,Yes,CD4,Ki67_low,68,09,inactive,0
G90-87,Female,62,1,0,Yes,FOXP3,Ki67_high,68,66,active,0
H76-41,Female,60,0,0,No,CD4,Ki67_high,54,20.4,Unknown,0
I74-14,Female,60,0,0,Yes,FOXP3,Ki67_high,51,93,indifferent,0
J87-45,Female,58,0,0,No,CD4,Ki67_low,65,04,inactive,0
K415-33,Female,58,0,0,Yes,CD4,Ki67_high,193,12,indifferent,0
L88-38,Male,57,0,0,No,FOXP3,Ki67_low,66,17,inactive,0
M104-4,Female,57,0,0,Yes,FOXP3,Ki67_high,82,19,active,0
N104-94,Female,57,0,0,Yes,FOXP3,Ki67_low,82,71,active,0
O106-54,Female,57,0,0,Yes,FOXP3,Ki67_low,84,33,active,0
P64-91,Male,56,0,0,No,FOXP3,Ki67_high,40,7,active,0
Q61-47,Female,56,1,0,No,FOXP3,Ki67_high,39,26,active,0
R88-5,Male,56,0,0,No,FOXP3,Ki67_high,66,29,indifferent,0
Z107-61,Male,56,0,0,Yes,FOXP3,Ki67_high,85,4,Unknown,0
A90-77,Female,54,1,0,Yes,FOXP3,Ki67_low,68,56,indifferent,0
B137-91,Male,54,0,0,No,FIBRO,Ki67_low,115,7,active,0
X414-04,Male,54,0,0,Yes,NK,Ki67_high,189,81,Unknown,0
D448-4,Female,53,1,0,Yes,NK,Ki67_low,205,99,active,0
Z94-15,Female,52,0,0,Yes,CD4,Ki67_low,69,94,active,0
A146-34,Female,52,0,0,No,CD68,Ki67_low,104,11,Unknown,0
B94-96,Male,52,0,0,Yes,FOXP3,Ki67_high,72,75,indifferent,0
X89-54,Female,52,0,0,No,NK,Ki67_low,67,31,Unknown,0
D66-59,Male,52,0,0,Yes,FOXP3,Ki67_high,44,38,indifferent,0
Z80-1,Female,52,0,0,Yes,FOXP3,Ki67_low,57,89,active,0
A73-74,Male,51,0,0,Yes,NK,Ki67_low,51,51,inactive,0
B90-49,Female,51,0,0,Yes,FOXP3,Ki67_low,68,28,indifferent,0
A94-99,Female,51,0,0,Yes,FOXP3,Ki67_low,70,78,indifferent,0
B64-57,Male,50,0,0,No,CD68,Ki67_high,40,36,active,0
X65-51,Male,50,0,0,Yes,FOXP3,Ki67_high,43,3,indifferent,0
D95-49,Male,49,0,0,Yes,FOXP3,Ki67_low,73,08,inactive,0
Z83-7,Female,48,0,0,Yes,CD4,Ki67_low,61,49,active,0
A63-16,Female,48,1,0,Yes,CD4,Ki67_high,40,95,indifferent,0
B87-77,Male,48,0,1,Yes,NK,Ki67_low,65,56,Unknown,0
X87-43,Female,45,0,0,Yes,NK,Ki67_low,65,02,indifferent,0
D460-85,Male,41,0,0,Yes,FOXP3,Ki67_low,238,64,Unknown,0
Z104-45,Female,41,1,0,Yes,NK,Ki67_high,82,24,active,0
A87-54,Female,41,0,0,Yes,FOXP3,Ki67_low,65,31,Unknown,0
G113-65,Male,39,0,0,Yes,FOXP3,Ki67_high,91,44,active,0
H65-93,Female,39,0,0,Yes,CD4,Ki67_high,43,72,active,0
I93-78,Female,38,1,0,Yes,NK,Ki67_low,71,57,active,0
J443-9,Male,64,0,0,Yes,FOXP3,Ki67_high,201,69,indifferent,0
K77-54,Female,64,0,0,Yes,FOXP3,Ki67_low,55,33,Unknown,0
L93-18,Female,56,0,0,Yes,FOXP3,Ki67_low,70,97,indifferent,0
M169-74,Male,88,0,0,Yes,NK,Ki67_high,147,53,active,0
N101-93,Male,82,1,0,Yes,NK,Ki67_low,79,72,Unknown,0
O145-03,Female,82,0,0,No,CD68,Ki67_low,102,82,Unknown,0
P84-45,Male,81,0,0,Yes,FOXP3,Ki67_low,60,04,indifferent,0
Q85-81,Male,80,0,0,Yes,FOXP3,Ki67_low,63,6,indifferent,0
R85-47,Female,80,0,0,No,FOXP3,Ki67_high,63,06,active,0
Z86-06,Female,80,0,0,Yes,FOXP3,Ki67_low,63,85,active,0
A104-36,Female,80,0,0,Yes,CD4,Ki67_low,82,15,inactive,0
B78-49,Female,79,0,0,Yes,FOXP3,Ki67_low,56,08,indifferent,0
X93-55,Male,79,0,0,No,CD68,Ki67_low,71,34,Unknown,0
D407-96,Male,79,1,0,Yes,NK,Ki67_high,185,75,indifferent,0
Z105-54,Female,79,0,0,Yes,CD4,Ki67_high,83,31,active,0
A109-47,Female,79,0,0,Yes,FOXP3,Ki67_high,87,06,indifferent,0
B91-34,Female,78,0,0,Yes,FOXP3,Ki67_low,69,13,active,0
X176-78,Female,78,0,0,Yes,CD4,Ki67_high,154,57,active,0
D67-73,Female,78,0,0,No,FOXP3,Ki67_high,45,52,active,0
Z73-47,Female,78,0,0,No,CD68,Ki67_high,51,06,Unknown,0
A70-49,Female,77,0,0,Yes,NK,Ki67_high,48,08,indifferent,0
B91-47,Female,77,0,0,No,FOXP3,Ki67_high,69,26,Unknown,0
A405-01,Female,77,1,0,Yes,CD4,Ki67_low,182,8,indifferent,0
B73-87,Female,77,0,0,Yes,FOXP3,Ki67_high,51,66,Unknown,0
X64-44,Female,76,1,0,Yes,FOXP3,Ki67_high,42,23,indifferent,0
D111-65,Female,75,0,0,No,FOXP3,Ki67_high,89,44,indifferent,0
Z90-65,Female,74,0,0,Yes,FOXP3,Ki67_high,68,44,indifferent,0
A94-4,Female,74,1,0,Yes,FOXP3,Ki67_low,71,99,inactive,0
B56-95,Female,74,0,0,Yes,NK,Ki67_low,34,74,Unknown,0
X94-37,Female,73,0,0,Yes,FOXP3,Ki67_high,70,16,active,0
D147-43,Male,73,0,0,No,CD68,Ki67_high,105,02,Unknown,0
Z191-78,Female,71,0,0,No,FOXP3,Ki67_high,169,57,Unknown,0
A86-36,Female,71,0,0,Yes,CD4,Ki67_high,64,15,inactive,0
G84-74,Female,70,0,0,Yes,CD4,Ki67_low,60,51,inactive,0
H113-57,Female,69,0,0,No,FOXP3,Ki67_low,91,36,indifferent,0
I89-58,Female,68,0,0,No,FOXP3,Ki67_low,67,37,Unknown,0
J91-85,Female,68,0,0,Yes,FOXP3,Ki67_high,69,64,indifferent,0
K88-89,Female,68,0,0,Yes,CD4,Ki67_low,66,68,active,0
L79-55,Male,68,0,0,Yes,FOXP3,Ki67_low,57,34,active,0
M108-64,Female,68,0,0,Yes,NK,Ki67_low,86,41,Unknown,0
N78-44,Male,65,0,0,No,CD68,Ki67_low,56,03,Unknown,0
O88-49,Male,62,0,0,Yes,FOXP3,Ki67_high,66,28,inactive,0
P91-85,Female,62,1,0,No,NK,Ki67_high,69,64,indifferent,0
Q74-01,Female,60,0,0,Yes,FOXP3,Ki67_high,49,8,indifferent,0
R81-96,Male,59,0,0,Yes,NK,Ki67_high,59,75,active,0
Z70-56,Female,58,0,0,Yes,FOXP3,Ki67_low,48,35,inactive,0
A71-04,Female,58,0,0,Yes,FOXP3,Ki67_low,48,81,active,0
B99-75,Female,58,0,0,No,CD68,Ki67_high,77,54,Unknown,0
X147-4,Female,57,0,0,Yes,CD4,Ki67_low,104,99,active,0
D69-76,Female,57,0,0,Yes,NK,Ki67_high,47,55,inactive,0
Z74-63,Male,56,0,0,Yes,FOXP3,Ki67_high,52,42,indifferent,0
A104-47,Male,54,0,0,Yes,CD4,Ki67_high,80,06,indifferent,0
B73-56,Female,53,0,0,Yes,FOXP3,Ki67_high,51,35,inactive,0
X57-77,Female,53,0,0,Yes,NK,Ki67_low,35,56,indifferent,0
D151-45,Female,53,0,0,Yes,CD4,Ki67_low,129,04,active,0
Z78-34,Female,51,0,0,Yes,NK,Ki67_low,56,11,Unknown,0
A71-5,Male,51,0,0,Yes,FOXP3,Ki67_high,49,29,active,0
B84-7,Female,50,0,0,Yes,FOXP3,Ki67_low,62,49,active,0
A147-48,Female,50,0,0,Yes,FOXP3,Ki67_low,105,07,Unknown,0
B80-74,Female,50,0,0,No,FOXP3,Ki67_high,58,51,Unknown,0
X73-94,Female,49,0,0,No,CD68,Ki67_high,51,71,Unknown,0
D93-44,Male,49,0,0,No,CD68,Ki67_low,71,03,Unknown,0
Z74-6,Male,49,0,0,No,FOXP3,Ki67_low,50,39,active,0
A69-77,Female,49,0,0,No,FOXP3,Ki67_high,47,56,active,0
B84-43,Male,47,0,0,No,CD4,Ki67_low,62,22,inactive,0
X84-13,Female,47,0,0,Yes,FOXP3,Ki67_high,61,92,active,0
D81-54,Male,46,0,0,No,NK,Ki67_high,59,33,indifferent,0
Z57-17,Male,46,0,0,Yes,CD4,Ki67_high,34,96,indifferent,0
A86-15,Female,45,0,0,Yes,FOXP3,Ki67_high,63,94,active,0
G163-04,Female,45,0,0,Yes,FOXP3,Ki67_high,140,81,active,0
H110-41,Female,43,0,0,Yes,NK,Ki67_low,88,2,active,0
I104-58,Male,43,0,0,No,FOXP3,Ki67_high,80,37,active,0
J90-97,Male,42,0,0,Yes,FOXP3,Ki67_low,68,76,Unknown,0
K140-96,Male,39,0,0,Yes,FOXP3,Ki67_high,118,75,inactive,0
L70-33,Male,39,0,0,No,CD68,Ki67_high,48,12,Unknown,0
M64-18,Male,38,0,0,No,NK,Ki67_high,41,97,active,0
N147-57,Male,82,0,0,Yes,NK,Ki67_high,105,36,active,0
O109-43,Female,81,0,0,Yes,FOXP3,Ki67_low,87,02,active,0
P144-49,Male,81,0,1,Yes,FOXP3,Ki67_low,102,28,active,0
Q144-84,Male,81,0,0,No,CD4,Ki67_high,120,61,active,0
R75-69,Male,80,0,0,No,CD68,Ki67_high,53,48,Unknown,0
Z74-08,Male,78,0,0,Yes,FOXP3,Ki67_low,51,87,Unknown,0
A75-98,Female,78,0,0,Yes,CD4,Ki67_low,53,77,Unknown,0
B57-8,Female,76,0,0,No,CD68,Ki67_high,35,59,Unknown,0
X76-44,Female,75,0,0,No,FOXP3,Ki67_low,54,23,Unknown,0
D414-43,Male,75,1,0,Yes,CD4,Ki67_low,192,22,inactive,0
Z79-03,Female,74,0,0,Yes,NK,Ki67_low,56,82,Unknown,0
A66-46,Male,72,1,0,Yes,FOXP3,Ki67_low,44,25,indifferent,0
B56-44,Male,71,0,0,Yes,FOXP3,Ki67_low,34,21,active,0
X114-74,Male,70,0,0,Yes,FOXP3,Ki67_high,90,51,Unknown,0
D114-04,Female,68,0,0,No,CD68,Ki67_low,91,81,Unknown,0
Z74-33,Male,68,0,0,Yes,FOXP3,Ki67_low,50,12,inactive,0
A55-59,Female,67,0,0,No,CD68,Ki67_high,33,38,Unknown,0
B73-48,Female,67,0,0,Yes,FOXP3,Ki67_high,51,27,active,0
A105-05,Female,67,0,0,No,CD68,Ki67_low,82,84,Unknown,0
B84-78,Female,65,0,0,Yes,NK,Ki67_low,62,57,indifferent,0
X164-77,Female,64,1,0,Yes,FOXP3,Ki67_high,142,56,active,0
D440-64,Male,64,1,1,No,FOXP3,Ki67_high,198,43,active,0
Z159-39,Female,61,0,0,No,CD68,Ki67_low,137,18,Unknown,0
A69-53,Male,60,0,0,Yes,NK,Ki67_low,47,32,active,0
B81-44,Male,60,0,0,No,CD68,Ki67_low,59,21,Unknown,0
X83-93,Female,59,0,0,No,FOXP3,Ki67_low,61,72,indifferent,0
D98-9,Female,59,0,0,No,CD68,Ki67_high,76,69,Unknown,0
Z84-64,Female,59,0,0,No,CD68,Ki67_low,60,43,Unknown,0
A114-54,Female,59,0,0,Yes,FOXP3,Ki67_high,90,33,indifferent,0
G75-45,Female,59,0,0,No,FOXP3,Ki67_high,53,04,indifferent,0
H404-77,Female,58,0,0,No,NK,Ki67_low,182,56,active,0
I63-86,Male,57,0,1,Yes,NK,Ki67_low,41,65,inactive,0
J74-4,Male,56,0,0,Yes,FOXP3,Ki67_high,49,99,Unknown,0
K80-08,Female,54,0,0,Yes,FOXP3,Ki67_low,57,87,active,0
L101-61,Male,53,0,0,No,CD68,Ki67_low,79,4,Unknown,0
M114-34,Male,52,0,0,Yes,FOXP3,Ki67_low,92,11,Unknown,0
N80-84,Female,52,0,0,Yes,FOXP3,Ki67_high,58,61,active,0
O90-6,Male,51,0,0,No,FOXP3,Ki67_high,68,39,active,0
P93-67,Female,51,0,0,Yes,FOXP3,Ki67_high,71,46,Unknown,0
Q87-15,Female,51,0,0,Yes,NK,Ki67_high,64,94,active,0
R80-74,Female,51,0,0,Yes,FOXP3,Ki67_low,58,51,inactive,0
Z83-16,Male,51,0,0,No,CD68,Ki67_low,60,95,Unknown,0
A98-14,Female,50,0,0,Yes,CD4,Ki67_high,75,93,Unknown,0
B83-13,Male,50,0,0,No,CD68,Ki67_low,60,92,Unknown,0
X134-44,Female,49,0,0,Yes,FOXP3,Ki67_high,112,03,Unknown,0
D448-37,Male,47,0,0,Yes,NK,Ki67_low,226,16,inactive,0
Z61-75,Male,45,0,0,No,CD68,Ki67_high,39,54,Unknown,0
A70-55,Male,45,0,0,No,FOXP3,Ki67_low,48,34,Unknown,0
B144-38,Female,43,0,1,No,NK,Ki67_high,102,17,indifferent,0
X94-41,Female,42,0,0,Yes,FOXP3,Ki67_high,70,31,active,0
D148-74,Male,41,0,0,Yes,CD4,Ki67_low,126,51,active,0
Z79-45,Female,40,0,0,No,FOXP3,Ki67_low,57,04,Unknown,0
A84-09,Male,56,0,0,Yes,CD4,Ki67_low,59,88,inactive,0
B194-53,Female,81,1,0,Yes,FOXP3,Ki67_low,172,32,active,0
A98-84,Male,81,0,0,Yes,FOXP3,Ki67_high,76,63,Unknown,0
B135-74,Male,80,0,0,Yes,CD4,Ki67_high,113,53,indifferent,0
X66-55,Male,79,0,0,Yes,FOXP3,Ki67_high,44,34,Unknown,0
D115-69,Female,79,0,0,No,FOXP3,Ki67_low,93,48,active,0
Z67-76,Male,79,0,0,No,FOXP3,Ki67_high,45,55,active,0
A88-65,Male,78,0,0,No,CD4,Ki67_high,66,44,indifferent,0
B106-11,Male,78,0,0,No,CD68,Ki67_high,83,9,Unknown,0
X95-49,Male,78,0,1,No,NK,Ki67_high,73,28,Unknown,0
D59-07,Female,77,0,0,No,FOXP3,Ki67_low,36,86,active,0
Z448-94,Male,77,0,1,Yes,NK,Ki67_low,206,71,indifferent,0
A64-89,Male,76,0,0,Yes,FOXP3,Ki67_high,40,68,Unknown,0
G96-84,Male,76,0,0,Yes,FOXP3,Ki67_high,74,63,Unknown,0
H81-45,Male,75,0,0,Yes,FOXP3,Ki67_high,59,04,inactive,0
I94-71,Male,75,0,0,Yes,FOXP3,Ki67_low,70,5,indifferent,0
J85-59,Female,75,0,0,No,FOXP3,Ki67_high,63,38,Unknown,0
K89-06,Female,74,0,0,Yes,FOXP3,Ki67_low,66,85,active,0
L87-44,Male,74,0,0,No,NK,Ki67_low,65,23,Unknown,0
M64-07,Male,74,0,0,Yes,FOXP3,Ki67_low,41,86,Unknown,0
N79-39,Female,71,0,0,Yes,CD4,Ki67_low,57,18,indifferent,0
O67-84,Female,71,0,0,No,CD68,Ki67_high,45,63,Unknown,0
P81-73,Female,71,0,0,Yes,FOXP3,Ki67_high,59,52,active,0
Q105-54,Male,71,0,0,Yes,FOXP3,Ki67_low,83,31,indifferent,0
R77-55,Female,68,0,0,Yes,CD4,Ki67_high,55,34,Unknown,0
Z147-44,Female,68,0,0,No,FOXP3,Ki67_low,105,21,Unknown,0
A447-68,Female,66,0,0,Yes,FOXP3,Ki67_low,205,47,active,0
B446-73,Female,66,0,0,Yes,FOXP3,Ki67_high,204,52,active,0
X89-74,Female,66,0,0,Yes,NK,Ki67_low,67,53,active,0
D419-17,Male,65,0,0,No,NK,Ki67_high,196,96,active,0
Z74-85,Female,63,0,0,Yes,FOXP3,Ki67_low,52,64,indifferent,0
A55-96,Female,62,1,0,Yes,NK,Ki67_low,33,75,active,0
B415-94,Male,61,0,0,Yes,FOXP3,Ki67_low,193,71,inactive,0
X84-4,Female,61,0,0,No,FOXP3,Ki67_low,62,19,inactive,0
D104-05,Female,59,0,0,Yes,CD4,Ki67_low,81,84,active,0
Z64-54,Female,59,0,0,Yes,FOXP3,Ki67_low,40,33,inactive,0
A87-54,Male,57,0,0,No,CD68,Ki67_high,65,33,Unknown,0
B76-81,Female,56,0,0,No,FOXP3,Ki67_low,54,6,inactive,0
A198-14,Female,55,1,0,No,NK,Ki67_high,175,91,active,0
B78,Female,53,0,0,Yes,NK,Ki67_high,55,79,indifferent,0
X79-44,Male,53,0,0,Yes,FOXP3,Ki67_low,57,23,active,0
D75-84,Female,53,0,0,Yes,FOXP3,Ki67_high,53,61,active,0
Z440-86,Female,52,1,0,Yes,FOXP3,Ki67_low,218,65,active,0
A89-48,Male,51,0,0,No,CD68,Ki67_low,67,07,Unknown,0
B463-56,Female,51,1,0,Yes,CD4,Ki67_high,241,35,active,0
X81-13,Female,50,0,0,No,FOXP3,Ki67_low,58,92,active,0
D118-44,Female,50,0,0,Yes,FOXP3,Ki67_low,96,23,active,0
Z97-37,Female,48,1,0,Yes,FOXP3,Ki67_high,75,16,inactive,0
A80-51,Female,46,0,0,No,CD68,Ki67_low,58,3,Unknown,0
G78-88,Female,45,0,0,No,FOXP3,Ki67_high,56,67,active,0
H83-61,Female,44,1,1,Yes,CD4,Ki67_high,61,4,inactive,0
I73-19,Female,39,1,1,Yes,FOXP3,Ki67_low,50,98,active,0
J68-91,Male,39,0,0,No,CD4,Ki67_low,46,7,Unknown,0
K104-3,Male,38,0,0,No,CD68,Ki67_high,82,09,Unknown,0
L87-87,Male,36,0,0,No,FOXP3,Ki67_low,65,66,active,0
M96-7,Female,88,0,0,Yes,FOXP3,Ki67_low,74,49,Unknown,0
Z91-05,Male,82,0,0,Yes,FOXP3,Ki67_high,68,84,indifferent,0
A400-14,Male,82,0,0,No,FOXP3,Ki67_high,177,93,inactive,0
B73-04,Female,80,0,0,Yes,CD4,Ki67_low,50,83,active,0
X85-81,Female,79,0,0,Yes,FOXP3,Ki67_high,63,6,active,0
D65-41,Male,79,0,0,Yes,FOXP3,Ki67_low,43,2,inactive,0
Z108-68,Male,79,0,0,Yes,FOXP3,Ki67_high,86,47,active,0
A88-79,Female,78,0,0,Yes,FOXP3,Ki67_high,66,58,active,0
B107-84,Female,78,0,0,No,FOXP3,Ki67_high,85,61,active,0
X97-39,Male,78,0,0,No,FOXP3,Ki67_low,75,18,active,0
D141-09,Male,78,0,0,No,FOXP3,Ki67_low,118,88,Unknown,0
Z144-38,Male,76,0,0,No,CD68,Ki67_low,100,17,Unknown,0
A77-91,Female,76,0,0,Yes,FOXP3,Ki67_low,55,7,indifferent,0
B103-6,Female,75,1,0,Yes,NK,Ki67_high,81,39,active,0
A159-7,Female,74,0,0,No,FOXP3,Ki67_high,137,49,Unknown,0
B118-44,Female,74,0,0,Yes,CD4,Ki67_high,96,01,indifferent,0
X84-5,Male,72,0,0,No,CD68,Ki67_low,62,29,Unknown,0
D85-59,Female,70,0,0,Yes,CD4,Ki67_high,63,38,active,0
Z84-44,Female,69,0,0,Yes,NK,Ki67_high,62,21,Unknown,0
A100-98,Male,69,0,0,No,CD68,Ki67_high,78,77,Unknown,0
B81-11,Male,69,0,0,Yes,FOXP3,Ki67_high,58,9,indifferent,0
X435-45,Female,68,0,0,No,FOXP3,Ki67_high,213,24,indifferent,0
D79-4,Female,68,0,0,No,FOXP3,Ki67_high,56,99,active,0
Z407-71,Female,68,0,0,Yes,FOXP3,Ki67_low,185,5,Unknown,0
A99-84,Female,68,0,0,Yes,FOXP3,Ki67_high,77,63,active,0
G98-05,Female,68,0,0,Yes,FOXP3,Ki67_high,75,84,active,0
H105-9,Male,68,0,0,Yes,NK,Ki67_high,83,69,Unknown,0
I107-55,Female,67,0,0,Yes,FOXP3,Ki67_high,85,34,Unknown,0
J146-41,Female,66,0,0,Yes,NK,Ki67_low,124,34.3,Unknown,0
K79-94,Female,65,0,0,Yes,FOXP3,Ki67_low,57,73,active,0
L74-48,Male,64,0,0,No,NK,Ki67_high,50,07,Unknown,0
M143-1,Female,63,0,0,No,CD68,Ki67_high,100,89,Unknown,0
N67-06,Male,63,1,1,Yes,NK,Ki67_high,44,85,inactive,0
O84-68,Male,63,0,0,Yes,FOXP3,Ki67_high,60,47,active,0
P145-89,Male,62,0,0,No,FOXP3,Ki67_high,103,68,active,0
Q448-05,Female,62,0,0,Yes,CD4,Ki67_low,205,84,Unknown,0
R98-43,Male,61,0,0,No,CD68,Ki67_low,76,02,Unknown,0
Z90-06,Female,61,0,0,Yes,NK,Ki67_low,67,85,inactive,0
A119-9,Male,60,0,0,Yes,FOXP3,Ki67_low,97,69,inactive,0
B94-53,Male,59,0,0,Yes,FOXP3,Ki67_low,72,32,active,0
X64-66,Female,59,0,0,Yes,NK,Ki67_low,42,45,indifferent,0
D103-79,Female,58,0,0,Yes,FOXP3,Ki67_low,81,58,active,0
Z88-51,Female,58,0,0,No,FOXP3,Ki67_low,66,3,active,0
A97-46,Female,57,0,0,No,CD68,Ki67_high,75,05,Unknown,0
B94-59,Male,57,0,0,Yes,CD4,Ki67_low,70,38,active,0
X104-89,Female,56,0,0,Yes,FOXP3,Ki67_high,80,68,active,0
D94-46,Male,56,1,0,Yes,NK,Ki67_high,70,05,indifferent,0
Z80,Female,56,0,0,Yes,FOXP3,Ki67_high,57,79,active,0
A56-75,Female,54,0,0,Yes,NK,Ki67_low,34,54,active,0
B104-66,Female,53,0,0,Yes,FOXP3,Ki67_low,82,45,active,0
A60-39,Male,52,0,0,Yes,FOXP3,Ki67_high,38,18,Unknown,0
B443-14,Male,51,0,0,Yes,CD4,Ki67_low,200,93,active,0
X105-51,Female,51,1,0,Yes,FOXP3,Ki67_low,83,3,active,0
D83-44,Female,50,0,0,No,FOXP3,Ki67_low,61,21,active,0
Z71-06,Female,50,0,0,Yes,FOXP3,Ki67_low,48,85,Unknown,0
A101-44,Male,49,0,0,Yes,CD4,Ki67_low,79,03,active,0
B91-19,Female,48,0,0,No,FOXP3,Ki67_low,68,98,active,0
X174-43,Female,48,1,1,No,CD4,Ki67_low,152,22,active,0
D414-51,Male,45,0,0,Yes,NK,Ki67_low,192,3,indifferent,0
Z74-64,Male,43,0,0,Yes,FOXP3,Ki67_high,50,43,active,0
A64-69,Female,43,0,0,No,CD68,Ki67_low,40,48,Unknown,0
G141-16,Female,43,0,0,Yes,FOXP3,Ki67_high,118,95,active,0
H89-61,Female,42,0,0,Yes,CD4,Ki67_high,67,4,active,0
I76-44,Female,42,0,0,Yes,FOXP3,Ki67_high,54,21,inactive,0
J144-38,Male,42,0,0,No,FIBRO,Ki67_high,102,17,active,0
K111-81,Female,41,1,0,Yes,NK,Ki67_low,89,6,indifferent,0
L57-57,Female,41,0,0,Yes,NK,Ki67_high,35,36,Unknown,0
M77-84,Male,39,0,0,Yes,FOXP3,Ki67_low,55,61,indifferent,0
N60-09,Male,38,0,0,No,CD68,Ki67_low,37,88,Unknown,0
O91-04,Female,92,0,0,Yes,FOXP3,Ki67_low,68,81,active,0
P65-46,Female,82,0,0,Yes,NK,Ki67_high,43,25,indifferent,0
Q131-19,Male,82,0,0,Yes,FOXP3,Ki67_high,108,98,inactive,0
R79-89,Female,81,0,0,Yes,FOXP3,Ki67_high,57,68,inactive,0
Z74-54,Male,81,0,0,No,CD68,Ki67_low,52,33,Unknown,0
A431-31,Female,80,0,0,Yes,FOXP3,Ki67_low,209,1,active,0
B91-57,Male,80,0,1,Yes,FOXP3,Ki67_low,69,36,indifferent,0
X438-78,Male,78,0,0,Yes,FOXP3,Ki67_low,216,57,indifferent,0
D87-18,Female,78,0,0,No,FOXP3,Ki67_high,64,97,indifferent,0
Z78-94,Female,78,0,0,Yes,CD4,Ki67_high,56,73,Unknown,0
A69-01,Female,78,0,0,No,CD68,Ki67_high,46,8,Unknown,0
B110-48,Female,78,0,0,Yes,FOXP3,Ki67_high,88,07,active,0
X71-66,Male,76,1,0,Yes,NK,Ki67_low,49,45,active,0
D64-57,Female,76,0,0,No,FOXP3,Ki67_low,40,36,Unknown,0
Z83-64,Male,75,0,0,Yes,NK,Ki67_low,61,43,inactive,0
A107-18,Female,75,0,0,No,CD68,Ki67_low,84,97,Unknown,0
B433-59,Female,72,0,0,Yes,FOXP3,Ki67_high,211,38,active,0
A84-88,Male,72,1,0,Yes,NK,Ki67_low,62,67,indifferent,0
B97-95,Female,69,0,0,No,FOXP3,Ki67_high,75,74,Unknown,0
X58-19,Female,68,0,0,Yes,FOXP3,Ki67_high,35,98,Unknown,0
D70-11,Female,68,0,0,Yes,FOXP3,Ki67_high,47,9,active,0
Z114-77,Female,68,0,0,Yes,FOXP3,Ki67_low,90,56,inactive,0
A75-46,Female,68,0,0,Yes,NK,Ki67_low,53,25,indifferent,0
B63-63,Female,65,0,0,No,FOXP3,Ki67_low,41,42,inactive,0
X100-44,Female,62,0,0,Yes,FOXP3,Ki67_low,78,01,inactive,0
D81-77,Female,62,0,0,Yes,CD4,Ki67_high,59,56,active,0
Z94-45,Female,62,0,0,Yes,FOXP3,Ki67_high,72,04,active,0
A188-13,Male,61,1,0,Yes,NK,Ki67_high,165,92,indifferent,0
G164-7,Male,61,0,0,No,FOXP3,Ki67_high,142,49,Unknown,0
H68-47,Male,60,0,1,Yes,NK,Ki67_high,46,06,Unknown,0
I79-81,Male,59,0,1,No,NK,Ki67_high,57,6,indifferent,0
J100-14,Male,59,1,0,Yes,CD4,Ki67_high,77,91,indifferent,0
K151-43,Female,59,0,0,Yes,NK,Ki67_low,129,02,active,0
L114-41,Male,59,0,0,No,FOXP3,Ki67_high,90,2,active,0
M405-97,Female,58,0,0,Yes,NK,Ki67_low,183,76,indifferent,0
N114-19,Female,56,0,0,Yes,FOXP3,Ki67_low,89,98,active,0
O71-93,Female,56,0,0,Yes,NK,Ki67_high,49,72,active,0
P190-89,Female,56,0,0,No,CD68,Ki67_low,168,68,active,0
Q138-04,Female,54,0,0,Yes,FOXP3,Ki67_low,115,81,inactive,0
R66-16,Female,52,0,0,Yes,FOXP3,Ki67_high,43,95,Unknown,0
Z105-73,Male,50,0,0,No,FOXP3,Ki67_high,83,52,inactive,0
A78-34,Male,50,0,0,Yes,FOXP3,Ki67_high,56,13,Unknown,0
B104-1,Female,50,0,0,Yes,FOXP3,Ki67_low,79,89,indifferent,0
X97-37,Male,49,0,0,Yes,FOXP3,Ki67_low,75,16,inactive,0
D193-87,Male,46,0,0,Yes,FOXP3,Ki67_low,171,66,Unknown,0
Z78-34,Female,46,0,0,No,FOXP3,Ki67_high,56,11,Unknown,0
A130,Female,45,0,0,Yes,FOXP3,Ki67_high,107,79,indifferent,0
B74,Male,45,0,0,No,NK,Ki67_low,51,79,Unknown,0
X111-04,Male,45,0,0,Yes,FOXP3,Ki67_high,88,83,active,0
D414-77,Male,45,1,0,Yes,FOXP3,Ki67_low,192,56,indifferent,0
Z97-45,Female,45,0,0,Yes,NK,Ki67_high,75,04,active,0
A79-95,Male,45,0,0,Yes,FOXP3,Ki67_low,57,74,active,0
B164-44,Female,42,0,0,Yes,CD4,Ki67_low,140,03,inactive,0
A74-36,Female,39,0,0,No,NK,Ki67_low,52,15,Unknown,0
B69-68,Female,38,0,0,No,CD68,Ki67_low,47,47,Unknown,0
X98-35,Female,72,0,0,Yes,FOXP3,Ki67_low,76,14,active,0
D75-73,Male,65,0,0,Yes,NK,Ki67_low,53,52,active,0
Z85-86,Female,82,0,0,No,FOXP3,Ki67_high,63,65,Unknown,0
A80-34,Female,81,0,0,Yes,FOXP3,Ki67_low,58,13,active,0
B73-76,Female,81,0,0,No,FOXP3,Ki67_high,51,55,Unknown,0
X94-96,Male,81,0,0,No,FOXP3,Ki67_high,72,75,active,0
D108-18,Female,80,0,0,Yes,FOXP3,Ki67_low,85,97,active,0
Z85-43,Female,80,0,0,Yes,FOXP3,Ki67_high,63,02,Unknown,0
A189-88,Male,79,1,0,Yes,CD4,Ki67_high,167,67,active,0
G197-11,Male,79,0,0,No,CD4,Ki67_low,174,9,active,0
H100-08,Female,78,0,0,Yes,FOXP3,Ki67_high,77,87,inactive,0
I68-64,Male,78,0,0,No,CD68,Ki67_high,46,41,Unknown,0
J84-07,Female,78,0,0,No,FOXP3,Ki67_high,61,86,inactive,0
K99-65,Male,78,0,0,No,CD4,Ki67_high,77,44,active,0
L84-33,Female,78,0,0,Yes,NK,Ki67_low,60,12,active,0
M94-49,Male,78,0,0,No,CD68,Ki67_low,72,28,Unknown,0
N108-71,Male,77,0,0,Yes,FOXP3,Ki67_high,86,5,active,0
O64-94,Female,76,0,0,No,FOXP3,Ki67_low,42,73,active,0
P98-44,Female,76,0,0,No,CD68,Ki67_low,76,01,Unknown,0
Q83-5,Female,76,0,0,Yes,FOXP3,Ki67_low,61,29,active,0
R194-47,Male,75,0,0,Yes,CD4,Ki67_high,170,26,active,0
Z145-89,Female,74,1,0,Yes,FOXP3,Ki67_low,103,68,inactive,0
A87-74,Female,73,0,0,Yes,FOXP3,Ki67_low,65,51,active,0
B68-94,Female,71,0,0,Yes,FOXP3,Ki67_high,46,73,active,0
X66-51,Male,71,0,0,Yes,FOXP3,Ki67_high,44,3,Unknown,0
D85-84,Male,71,0,1,Yes,NK,Ki67_low,63,61,indifferent,0
Z87-47,Female,71,0,0,Yes,FOXP3,Ki67_high,65,26,active,0
A87-74,Male,68,0,0,No,CD68,Ki67_low,65,53,Unknown,0
B85-14,Male,68,1,0,Yes,FOXP3,Ki67_high,62,91,active,0
X103-37,Male,67,0,0,Yes,NK,Ki67_low,81,16,indifferent,0
D81-68,Female,66,0,0,Yes,FOXP3,Ki67_high,59,47,active,0
Z76-51,Male,65,0,0,Yes,NK,Ki67_low,54,3,active,0
A110-17,Female,64,0,0,No,CD68,Ki67_high,87,96,Unknown,0
B65-14,Male,63,0,0,No,CD4,Ki67_high,42,91,inactive,0
A76-66,Female,63,0,0,Yes,NK,Ki67_high,54,45,Unknown,0
B109-88,Male,62,0,1,Yes,FOXP3,Ki67_high,87,67,Unknown,0
X199-38,Female,62,0,1,Yes,FOXP3,Ki67_low,177,17,Unknown,0
D65-77,Female,61,0,0,Yes,FOXP3,Ki67_low,43,56,active,0
Z55-74,Male,60,0,0,Yes,FOXP3,Ki67_high,33,51,active,0
A75-67,Female,60,0,0,Yes,CD4,Ki67_low,53,46,active,0
B88-18,Male,60,1,0,Yes,FOXP3,Ki67_high,65,97,inactive,0
X95-94,Female,59,0,0,Yes,NK,Ki67_high,73,73,active,0
D86-93,Male,59,0,0,Yes,FOXP3,Ki67_low,64,72,active,0
Z85-17,Male,59,0,0,Yes,CD4,Ki67_low,62,96,active,0
A111-1,Male,59,0,0,No,FOXP3,Ki67_low,88,89,active,0
G94,Female,59,0,0,No,CD68,Ki67_high,69,79,Unknown,0
H97-47,Male,57,0,0,No,FOXP3,Ki67_low,75,26,indifferent,0
I79-41,Female,57,0,0,Yes,FOXP3,Ki67_low,57,19.5,Unknown,0
J83-97,Male,56,0,0,Yes,FOXP3,Ki67_high,61,76,indifferent,0
K98-55,Female,55,0,0,No,FOXP3,Ki67_low,76,34,active,0
L404-98,Female,53,1,0,Yes,FOXP3,Ki67_high,180,77,active,0
M60-7,Female,53,0,0,No,CD4,Ki67_low,38,49,active,0
N94-44,Male,53,0,0,Yes,FOXP3,Ki67_low,70,01,active,0
O79-94,Female,53,0,0,Yes,FOXP3,Ki67_high,57,73,Unknown,0
P83-68,Male,52,0,0,Yes,CD4,Ki67_high,61,47,Unknown,0
Q69-94,Female,52,0,0,Yes,NK,Ki67_low,47,71,indifferent,0
R136-96,Female,51,0,0,No,CD68,Ki67_high,114,75,Unknown,0
Z95-34,Female,50,0,0,Yes,NK,Ki67_high,73,11,active,0
A107-78,Female,50,0,0,Yes,FOXP3,Ki67_high,85,57,active,0
B198-34,Female,48,1,1,Yes,FOXP3,Ki67_low,176,11,indifferent,0
X100-16,Male,47,0,0,Yes,FOXP3,Ki67_low,77,95,active,0
D96-04,Male,46,0,0,Yes,FOXP3,Ki67_low,73,81,active,0
Z114-69,Female,45,1,0,Yes,FOXP3,Ki67_high,90,48,indifferent,0
A60-61,Female,45,0,0,Yes,FOXP3,Ki67_low,38,4,active,0
B79-77,Female,45,0,0,Yes,NK,Ki67_low,57,56,active,0
X87-41,Female,45,0,0,Yes,NK,Ki67_low,65,2,indifferent,0
D446-38,Female,44,0,0,Yes,FOXP3,Ki67_high,204,17,active,0
Z144-64,Male,43,0,0,Yes,CD4,Ki67_high,102,43,inactive,0
A69-44,Female,42,0,0,Yes,FOXP3,Ki67_low,47,21,active,0
B77-68,Female,38,0,0,Yes,CD4,Ki67_low,55,47,active,0
A114-79,Male,82,0,0,Yes,FOXP3,Ki67_high,90,58,active,0
B436-79,Male,82,1,0,Yes,NK,Ki67_high,214,58,indifferent,0
X419-84,Female,81,1,0,Yes,NK,Ki67_high,197,61,indifferent,0
D84-05,Female,81,0,0,No,FOXP3,Ki67_low,59,84,Unknown,0
Z104-08,Female,81,0,0,No,CD4,Ki67_high,81,87,active,0
A101-57,Male,81,0,0,No,NK,Ki67_low,79,36,inactive,0
B71-34,Female,81,0,0,Yes,FOXP3,Ki67_high,49,11,inactive,0
X143-97,Male,81,0,0,No,CD68,Ki67_high,121,76,Unknown,0
D439-19,Male,80,1,0,Yes,NK,Ki67_high,216,98,Unknown,0
Z78-45,Female,80,0,0,Yes,FOXP3,Ki67_high,56,24,indifferent,0
A61-11,Male,80,0,0,No,FOXP3,Ki67_high,38,9,active,0
G87-49,Female,80,0,0,No,FOXP3,Ki67_low,65,08,Unknown,0
H84-49,Female,80,0,0,No,CD68,Ki67_high,60,28,Unknown,0
I83-15,Male,80,0,0,Yes,FOXP3,Ki67_low,60,94,Unknown,0
J83-46,Male,80,0,0,No,FOXP3,Ki67_high,61,05,active,0
K78-7,Female,80,1,0,Yes,NK,Ki67_low,56,49,indifferent,0
L111-94,Male,80,0,0,Yes,NK,Ki67_low,89,73,inactive,0
M104-77,Male,80,0,0,Yes,FOXP3,Ki67_high,82,56,inactive,0
N104-46,Female,79,0,0,No,FOXP3,Ki67_low,82,05,Unknown,0
O113-84,Male,79,0,0,Yes,FOXP3,Ki67_high,91,63,active,0
P114-71,Male,78,0,0,No,CD68,Ki67_low,92,5,Unknown,0
Q61-54,Female,78,0,0,No,CD68,Ki67_low,39,33,Unknown,0
R133-64,Male,77,0,0,Yes,FOXP3,Ki67_high,111,41,active,0
Z111-96,Female,76,0,0,Yes,FOXP3,Ki67_high,89,75,active,0
A114-44,Female,75,0,0,No,FOXP3,Ki67_low,90,23,Unknown,0
B143-61,Male,74,0,0,No,FOXP3,Ki67_low,101,4,Unknown,0
X84-68,Male,74,0,0,No,CD68,Ki67_low,62,47,Unknown,0
D406-64,Male,74,0,1,Yes,NK,Ki67_high,184,41,indifferent,0
Z114-54,Male,73,0,0,No,CD68,Ki67_high,92,33,Unknown,0
A416-88,Female,72,1,0,Yes,FOXP3,Ki67_high,194,67,inactive,0
B110-38,Female,72,1,0,Yes,FOXP3,Ki67_low,88,17,active,0
X99-43,Male,71,0,0,Yes,FOXP3,Ki67_low,77,02,inactive,0
D404-94,Male,71,0,0,Yes,CD4,Ki67_high,182,71,active,0
Z56-74,Female,69,0,0,Yes,FOXP3,Ki67_low,34,53,active,0
A68-35,Female,68,0,0,No,NK,Ki67_high,46,14,Unknown,0
B83-54,Female,68,0,0,Yes,FOXP3,Ki67_low,61,31,Unknown,0
A59-74,Male,68,0,0,Yes,CD4,Ki67_low,37,53,indifferent,0
B81-59,Female,66,1,0,Yes,FOXP3,Ki67_high,59,38,active,0
X143-83,Female,66,0,0,No,FOXP3,Ki67_high,101,62,active,0
D446-84,Male,65,0,0,Yes,FOXP3,Ki67_low,204,63,indifferent,0
Z93-4,Female,64,0,0,Yes,NK,Ki67_high,70,99,Unknown,0
A85-84,Female,62,1,0,Yes,FOXP3,Ki67_high,63,63,active,0
B74-64,Female,61,0,0,Yes,CD4,Ki67_low,52,43,Unknown,0
X80-17,Male,59,0,1,Yes,FOXP3,Ki67_low,57,96,active,0
D85-03,Female,59,0,0,Yes,CD4,Ki67_low,62,82,indifferent,0
Z434-35,Male,59,0,0,Yes,FOXP3,Ki67_low,212,14,indifferent,0
A116-45,Male,58,0,0,No,CD68,Ki67_low,94,04,indifferent,0
G66-55,Female,55,0,0,No,FOXP3,Ki67_low,44,34,inactive,0
H88-38,Female,54,0,0,Yes,FOXP3,Ki67_low,66,17,active,0
I81-05,Female,54,0,0,No,CD68,Ki67_low,58,84,Unknown,0
J68-4,Female,54,0,0,No,FOXP3,Ki67_low,46,19,active,0
K96-95,Female,53,0,0,Yes,NK,Ki67_low,74,74,active,0
L66-44,Female,53,0,0,Yes,NK,Ki67_high,44,03,active,0
M91-81,Male,53,0,0,No,CD68,Ki67_high,69,6,Unknown,0
N84-86,Female,52,0,0,No,FOXP3,Ki67_low,62,65,active,0
O118-88,Female,52,0,0,No,FOXP3,Ki67_high,96,67,active,0
P85-91,Female,51,0,0,Yes,FOXP3,Ki67_low,63,7,Unknown,0
Q115-4,Male,51,0,0,No,CD68,Ki67_high,93,19,Unknown,0
R75-34,Female,51,0,0,Yes,NK,Ki67_high,53,13,active,0
Z100-19,Male,50,0,0,No,CD68,Ki67_high,77,98,Unknown,0
A400-73,Male,50,0,0,Yes,CD4,Ki67_low,178,52,indifferent,0
B114-09,Male,50,1,0,Yes,CD4,Ki67_low,91,88,active,0
X67-3,Female,50,0,0,Yes,FOXP3,Ki67_low,45,09,active,0
D96-91,Male,50,0,0,No,CD68,Ki67_high,74,7,Unknown,0
Z116-4,Male,50,0,0,No,CD68,Ki67_high,93,99,Unknown,0
A74-54,Female,49,0,0,Yes,NK,Ki67_high,50,33,active,0
B96-01,Male,48,0,0,Yes,FOXP3,Ki67_high,73,8,Unknown,0
X89-16,Female,46,1,0,Yes,FOXP3,Ki67_low,66,95,active,0
D108-64,Female,45,0,0,Yes,NK,Ki67_high,86,43,active,0
Z83-66,Female,45,1,0,Yes,CD4,Ki67_high,61,45,active,0
A81-41,Female,44,0,0,Yes,FOXP3,Ki67_high,59,37.9,active,0
B86-96,Male,43,0,0,No,FOXP3,Ki67_low,64,75,active,0
A94-95,Female,43,0,0,Yes,CD4,Ki67_high,70,74,active,0
B95-86,Male,43,0,0,No,CD68,Ki67_low,73,65,Unknown,0
X85-54,Male,42,1,0,No,FOXP3,Ki67_high,63,31,active,0
D159-39,Male,41,0,0,Yes,CD4,Ki67_high,137,18,active,0
Z404-51,Male,40,0,0,Yes,NK,Ki67_low,180,3,indifferent,0
A84-44,Female,38,0,0,Yes,FOXP3,Ki67_high,60,03,indifferent,0
B109-81,Female,74,0,0,No,CD68,Ki67_high,87,6,Unknown,0
X91-85,Male,81,1,0,Yes,FOXP3,Ki67_high,69,64,indifferent,0
D143-49,Female,81,0,0,No,CD68,Ki67_high,101,28,Unknown,0
Z105-49,Male,81,0,0,Yes,FOXP3,Ki67_high,83,28,inactive,0
A101-53,Male,80,0,1,Yes,NK,Ki67_low,79,32,indifferent,0
G89-45,Female,80,0,0,No,FOXP3,Ki67_low,67,24,Unknown,0
H146-04,Female,80,0,0,Yes,NK,Ki67_low,103,83,active,0
I95-49,Male,80,0,1,Yes,NK,Ki67_high,73,28,Unknown,0
J89-38,Female,79,0,0,No,CD68,Ki67_high,67,17,Unknown,0
K84-3,Female,79,0,0,No,CD68,Ki67_low,60,09,Unknown,0
L418,Female,78,1,0,Yes,NK,Ki67_low,195,79,Unknown,0
M79-7,Female,78,0,0,Yes,NK,Ki67_low,57,49,active,0
Z409-15,Male,78,1,0,Yes,NK,Ki67_high,186,94,indifferent,0
A70-44,Female,78,0,0,Yes,NK,Ki67_high,48,01,indifferent,0
B83-57,Female,78,0,0,Yes,NK,Ki67_high,61,36,active,0
X60-6,Female,78,0,0,Yes,NK,Ki67_low,38,39,inactive,0
D97-44,Female,78,0,0,No,CD68,Ki67_low,75,03,Unknown,0
Z164-74,Male,77,0,0,No,FOXP3,Ki67_high,140,51,inactive,0
A73-47,Male,76,0,0,No,FOXP3,Ki67_low,51,06,inactive,0
B94-64,Female,76,0,0,No,CD68,Ki67_low,70,41,Unknown,0
X90,Female,75,0,0,Yes,FOXP3,Ki67_low,67,79,active,0
D78-48,Female,75,1,0,Yes,FOXP3,Ki67_high,56,07,indifferent,0
Z87-81,Female,74,0,0,No,FOXP3,Ki67_high,65,6,inactive,0
A404-66,Female,73,0,0,Yes,FOXP3,Ki67_low,180,45,active,0
B196-5,Female,71,0,0,Yes,FOXP3,Ki67_high,174,29,active,0
A144-31,Female,69,0,0,Yes,NK,Ki67_low,120,1,inactive,0
B94-96,Male,68,0,0,No,FOXP3,Ki67_high,72,75,inactive,0
X83-78,Male,68,0,0,Yes,CD4,Ki67_high,61,57,active,0
D86-1,Female,68,0,0,No,FOXP3,Ki67_low,63,89,Unknown,0
Z74-5,Male,67,0,0,No,CD68,Ki67_high,52,29,Unknown,0
A66-96,Male,64,0,0,Yes,FOXP3,Ki67_low,44,75,active,0
B76-7,Female,62,0,0,Yes,FOXP3,Ki67_high,54,49,indifferent,0
X103-14,Female,61,0,0,Yes,FOXP3,Ki67_high,80,91,indifferent,0
D84-03,Female,60,0,0,No,FOXP3,Ki67_low,61,82,active,0
Z74-15,Male,59,0,0,Yes,FOXP3,Ki67_high,51,94,indifferent,0
A73-49,Male,59,1,0,Yes,FOXP3,Ki67_high,51,08,active,0
G115-16,Male,57,0,0,No,FOXP3,Ki67_low,92,95,Unknown,0
H83-55,Female,56,0,0,No,CD68,Ki67_low,61,34,Unknown,0
I61-53,Female,56,0,0,No,CD68,Ki67_low,39,32,Unknown,0
J100-74,Female,53,0,0,No,CD68,Ki67_high,78,53,Unknown,0
K59-31,Female,52,0,0,No,FOXP3,Ki67_low,37,1,inactive,0
L63-44,Female,52,0,0,No,CD68,Ki67_low,41,01,indifferent,0
M409-5,Female,51,0,0,Yes,FOXP3,Ki67_low,187,29,active,0
N64-51,Female,51,0,0,No,CD68,Ki67_low,42,3,Unknown,0
O90-07,Male,50,0,0,Yes,FOXP3,Ki67_high,67,86,active,0
P113-95,Female,49,0,0,No,CD68,Ki67_low,91,74,Unknown,0
Q119-34,Male,49,0,0,Yes,FOXP3,Ki67_high,97,11,Unknown,0
R99-14,Male,49,0,0,Yes,FOXP3,Ki67_high,76,91,indifferent,0
Z154-84,Male,46,0,0,Yes,NK,Ki67_high,130,63,Unknown,0
A78-43,Male,45,0,0,Yes,FOXP3,Ki67_high,56,02,active,0
B68-8,Male,45,0,0,No,CD68,Ki67_low,46,59,Unknown,0
X76-05,Female,42,0,0,Yes,FOXP3,Ki67_low,53,84,Unknown,0
D116-49,Female,40,0,0,No,CD68,Ki67_high,94,28,active,0
Z99-91,Male,38,0,0,Yes,FOXP3,Ki67_high,77,7,Unknown,0
A76-1,Male,74,1,0,Yes,FOXP3,Ki67_low,53,89,inactive,0
B141-99,Male,82,0,0,No,CD68,Ki67_high,99,78,Unknown,0
X116-41,Male,82,1,0,Yes,FOXP3,Ki67_high,94,32.8,inactive,0
D55-48,Female,81,0,0,Yes,FOXP3,Ki67_low,33,07,Unknown,0
Z419-81,Female,81,0,0,No,CD68,Ki67_high,197,6,Unknown,0
A103-73,Female,81,0,0,Yes,FOXP3,Ki67_high,81,52,active,0
B153-08,Male,80,1,0,Yes,CD4,Ki67_low,130,87,Unknown,0
A98-69,Female,80,0,0,Yes,NK,Ki67_high,76,48,Unknown,0
B94-11,Female,80,0,0,Yes,FOXP3,Ki67_high,71,9,indifferent,0
X117-03,Male,80,0,0,No,CD68,Ki67_high,94,82,active,0
D91-35,Female,79,0,0,Yes,FOXP3,Ki67_low,69,14,active,0
Z84-48,Female,78,0,0,Yes,FOXP3,Ki67_high,60,27,Unknown,0
A99-76,Male,78,0,0,Yes,CD4,Ki67_high,77,55,indifferent,0
B111-1,Female,78,0,0,Yes,CD4,Ki67_low,88,89,inactive,0
X144-45,Male,76,0,0,No,FOXP3,Ki67_high,100,04,active,0
D84-19,Female,75,0,0,No,FOXP3,Ki67_low,61,98,active,0
Z84-6,Male,73,0,0,No,CD68,Ki67_low,62,39,Unknown,0
A146-35,Female,72,0,0,Yes,FOXP3,Ki67_low,104,14,active,0
G87-5,Female,71,1,0,No,NK,Ki67_low,65,29,indifferent,0
H77-54,Female,71,0,0,No,NK,Ki67_high,55,31,active,0
I133-13,Female,70,0,0,Yes,FOXP3,Ki67_high,110,92,Unknown,0
J96-1,Female,68,0,0,No,FOXP3,Ki67_low,73,89,active,0
K108-61,Female,68,1,0,Yes,FOXP3,Ki67_low,86,4,inactive,0
L405-43,Male,68,1,1,Yes,NK,Ki67_high,183,02,active,0
M76-74,Male,65,0,0,No,CD4,Ki67_high,54,53,Unknown,0
N138-55,Male,63,0,0,Yes,FOXP3,Ki67_low,116,34,active,0
O434-47,Male,63,0,1,Yes,FOXP3,Ki67_low,212,06,active,0
P75-16,Female,63,0,0,Yes,FOXP3,Ki67_low,52,95,active,0
Q77-08,Male,62,0,0,No,CD68,Ki67_high,54,87,Unknown,0
R101-19,Female,61,0,0,Yes,FOXP3,Ki67_low,78,98,active,0
Z107-74,Female,60,0,0,No,FOXP3,Ki67_low,85,53,active,0
A64-34,Female,60,0,0,Yes,FOXP3,Ki67_high,40,11,Unknown,0
B56-34,Male,59,0,0,No,CD68,Ki67_low,34,11,Unknown,0
X131-48,Female,58,0,0,Yes,FOXP3,Ki67_high,109,07,active,0
D67-04,Male,57,0,0,Yes,FOXP3,Ki67_low,44,81,inactive,0
Z76-74,Female,57,0,0,No,FOXP3,Ki67_high,54,51,Unknown,0
A145-98,Female,54,0,0,No,FOXP3,Ki67_low,103,77,inactive,0
B74-09,Female,53,0,0,Yes,CD4,Ki67_low,49,88,inactive,0
X88-05,Male,51,0,0,Yes,FOXP3,Ki67_low,65,84,Unknown,0
D55-47,Male,50,0,0,Yes,CD4,Ki67_low,33,26,inactive,0
Z145-94,Female,50,0,0,Yes,CD4,Ki67_high,123,73,Unknown,0
A439-41,Male,49,0,1,Yes,FOXP3,Ki67_high,217,33.7,indifferent,0
B196-08,Male,49,0,0,Yes,NK,Ki67_high,173,87,indifferent,0
A93-93,Female,47,0,0,Yes,CD4,Ki67_high,71,72,active,0
B76-74,Female,45,0,0,No,CD68,Ki67_low,54,53,Unknown,0
X83-74,Female,44,0,0,Yes,FOXP3,Ki67_low,61,53,Unknown,0
D119-58,Male,43,0,0,No,FOXP3,Ki67_low,97,37,Unknown,0
Z68-66,Female,39,0,0,No,FOXP3,Ki67_high,46,45,active,0
A65-79,Female,39,0,0,No,FOXP3,Ki67_low,43,58,inactive,0
B176-38,Female,38,0,0,Yes,CD4,Ki67_low,154,17,active,0
X175-74,Male,81,0,0,Yes,FOXP3,Ki67_low,153,53,Unknown,0
D193-45,Female,81,0,1,No,FOXP3,Ki67_low,171,24,active,0
Z85-84,Female,81,0,0,Yes,NK,Ki67_high,63,63,active,0
A93-85,Male,81,0,0,Yes,NK,Ki67_high,71,64,indifferent,0
G86-41,Female,81,0,1,Yes,FOXP3,Ki67_high,64,39.1,active,0
H75-41,Female,80,0,0,No,CD68,Ki67_high,53,2,Unknown,0
I95-48,Female,80,0,0,No,CD68,Ki67_high,73,07,Unknown,0
J95-87,Female,80,0,0,No,FOXP3,Ki67_low,73,66,active,0
K180-45,Female,78,0,0,Yes,FOXP3,Ki67_low,158,24,active,0
L95-39,Female,78,0,0,No,CD68,Ki67_low,73,18,Unknown,0
M60-77,Female,78,0,0,Yes,FOXP3,Ki67_high,38,56,inactive,0
N104-84,Female,78,0,0,Yes,CD4,Ki67_low,80,63,active,0
O130-37,Female,78,0,0,Yes,FOXP3,Ki67_low,108,16,Unknown,0
P65-44,Female,76,0,0,No,FOXP3,Ki67_low,43,23,active,0
Q79-84,Male,76,0,0,Yes,FOXP3,Ki67_high,57,63,active,0
R64-61,Male,72,0,0,Yes,FOXP3,Ki67_high,40,4,active,0
Z70-07,Male,70,0,0,No,CD68,Ki67_low,47,86,indifferent,0
A108-8,Female,69,0,0,Yes,FOXP3,Ki67_high,86,59,Unknown,0
B114-11,Male,69,0,0,No,CD68,Ki67_low,89,9,Unknown,0
X94-35,Female,68,0,0,Yes,FOXP3,Ki67_high,70,14,active,0
D76-57,Female,68,0,0,No,FOXP3,Ki67_low,54,36,Unknown,0
Z69-5,Female,68,0,0,Yes,FOXP3,Ki67_low,47,29,active,0
A419-38,Female,66,0,0,Yes,FOXP3,Ki67_high,197,17,active,0
B69-48,Female,66,1,0,Yes,FOXP3,Ki67_high,47,27,active,0
X89-18,Male,66,0,0,Yes,CD4,Ki67_low,66,97,inactive,0
D68-09,Female,65,0,1,Yes,CD4,Ki67_low,45,88,inactive,0
Z94-71,Female,62,0,0,No,FOXP3,Ki67_high,70,5,Unknown,0
A56-41,Male,60,0,0,No,CD68,Ki67_high,34,19,Unknown,0
B74-08,Female,60,0,0,No,CD4,Ki67_high,49,87,indifferent,0
A84-56,Female,60,0,0,No,CD68,Ki67_low,60,35,Unknown,0
B78-44,Female,59,0,0,Yes,FOXP3,Ki67_low,56,03,Unknown,0
X84-66,Female,58,0,0,Yes,CD4,Ki67_high,62,45,active,0
D90-35,Female,57,0,0,No,CD4,Ki67_low,68,14,Unknown,0
Z68-14,Male,55,0,0,Yes,CD4,Ki67_high,45,91,Unknown,0
A59-14,Female,54,0,0,Yes,FOXP3,Ki67_high,36,93,active,0
B85-64,Female,54,0,0,Yes,CD4,Ki67_low,63,43,indifferent,0
X56-08,Male,53,0,0,Yes,CD4,Ki67_high,33,87,Unknown,0
D99,Female,53,0,0,No,FOXP3,Ki67_high,76,79,active,0
Z93-6,Male,52,0,0,No,FOXP3,Ki67_low,71,39,inactive,0
A105-75,Female,52,0,0,No,CD68,Ki67_low,83,54,Unknown,0
G114-09,Female,52,0,0,Yes,FOXP3,Ki67_low,91,88,active,0
H57-44,Male,51,1,0,Yes,FOXP3,Ki67_low,35,21,inactive,0
I100-01,Female,51,0,0,Yes,FOXP3,Ki67_low,77,8,active,0
J64,Male,50,0,0,No,FOXP3,Ki67_low,39,79,indifferent,0
K103-61,Female,49,0,0,Yes,NK,Ki67_high,81,4,active,0
L118-46,Female,49,0,0,Yes,FOXP3,Ki67_high,96,25,inactive,0
M94-77,Female,48,0,0,Yes,CD4,Ki67_high,72,56,active,0
N74-14,Female,47,0,0,Yes,FOXP3,Ki67_low,49,91,active,0
O155-43,Male,47,0,0,Yes,CD4,Ki67_high,133,02,active,0
P90-6,Male,47,0,0,No,CD68,Ki67_low,68,39,Unknown,0
Q81-94,Female,45,0,0,Yes,FOXP3,Ki67_low,59,71,active,0
R67-1,Female,44,0,0,No,NK,Ki67_high,44,89,active,0
Z58-01,Female,43,0,0,No,FOXP3,Ki67_high,35,8,active,0
A173-9,Female,41,0,0,Yes,FOXP3,Ki67_high,151,69,active,0
B106-47,Male,56,1,0,Yes,FOXP3,Ki67_high,84,06,active,0
X60-57,Male,56,0,0,No,FOXP3,Ki67_high,38,36,Unknown,0
D105-34,Male,55,0,0,No,CD68,Ki67_low,83,13,Unknown,0
Z96-48,Female,59,0,0,No,FOXP3,Ki67_high,74,07,active,0
A144-73,Male,81,0,0,Yes,NK,Ki67_low,100,52,indifferent,0
B104-14,Male,81,0,0,No,NK,Ki67_low,81,91,Unknown,0
X69-74,Female,81,0,0,No,FOXP3,Ki67_low,47,53,indifferent,0
D106-95,Female,80,0,0,Yes,FOXP3,Ki67_high,84,74,Unknown,0
Z94-63,Female,79,0,0,Yes,FOXP3,Ki67_low,72,42,active,0
A86-97,Female,79,0,0,Yes,FOXP3,Ki67_low,64,76,Unknown,0
B76-14,Female,79,0,0,No,CD68,Ki67_high,53,91,Unknown,0
A99-94,Female,78,0,0,Yes,CD4,Ki67_low,77,73,active,0
B91-53,Male,78,0,0,No,CD68,Ki67_low,69,32,Unknown,0
X145-46,Male,78,0,0,Yes,FOXP3,Ki67_high,123,25,active,0
D74-86,Female,77,0,0,Yes,FOXP3,Ki67_low,52,65,active,0
Z74-44,Female,76,0,0,No,CD68,Ki67_low,52,21,Unknown,0
A70-07,Male,76,0,0,Yes,NK,Ki67_low,47,86,inactive,0
B89-85,Male,76,0,0,No,CD68,Ki67_low,67,64,Unknown,0
X104-41,Female,75,0,0,No,FOXP3,Ki67_high,82,35.7,active,0
D157-77,Female,74,0,0,Yes,NK,Ki67_high,135,56,active,0
Z101-81,Female,73,0,0,No,CD4,Ki67_low,79,6,inactive,0
A103,Male,71,0,0,Yes,CD4,Ki67_high,80,79,Unknown,0
G101-85,Male,71,0,0,Yes,NK,Ki67_low,79,64,inactive,0
H85-94,Male,70,0,0,No,FOXP3,Ki67_low,63,71,inactive,0
I56-85,Female,69,0,0,No,FOXP3,Ki67_high,34,64,active,0
J89-04,Male,68,0,0,No,CD68,Ki67_low,66,83,Unknown,0
K63-01,Female,68,0,0,Yes,CD4,Ki67_high,40,8,active,0
L65-48,Male,66,0,0,Yes,FOXP3,Ki67_high,43,27,Unknown,0
M68-6,Female,66,0,0,Yes,FOXP3,Ki67_high,46,39,inactive,0
N81-68,Male,64,1,0,Yes,FOXP3,Ki67_low,59,47,indifferent,0
O65-41,Male,63,0,0,No,CD68,Ki67_low,43,17.2,Unknown,0
P74-53,Female,63,0,0,Yes,CD4,Ki67_low,50,32,inactive,0
Q81-78,Female,62,0,0,Yes,FOXP3,Ki67_high,59,57,active,0
R116-85,Female,61,0,0,No,FOXP3,Ki67_high,94,64,inactive,0
Z80-83,Female,59,0,0,No,CD68,Ki67_high,58,62,Unknown,0
A96-41,Female,59,0,0,Yes,FOXP3,Ki67_low,74,23.5,active,0
B117-04,Male,58,0,0,No,CD68,Ki67_high,94,83,Unknown,0
X78-46,Female,57,1,0,Yes,FOXP3,Ki67_high,56,05,indifferent,0
D58-44,Male,57,1,0,No,CD4,Ki67_low,36,03,indifferent,0
Z84-53,Male,56,0,0,No,FOXP3,Ki67_low,60,32,inactive,0
A71-45,Male,56,0,0,No,FOXP3,Ki67_low,49,04,inactive,0
B149-73,Male,56,0,0,Yes,FOXP3,Ki67_high,107,52,active,0
X115-47,Female,56,0,0,No,CD68,Ki67_low,93,26,Unknown,0
D56-79,Male,53,0,0,No,FOXP3,Ki67_low,34,58,Unknown,0
Z100-16,Female,52,0,0,Yes,FOXP3,Ki67_low,77,95,Unknown,0
A97-6,Female,52,0,0,Yes,CD4,Ki67_high,75,39,inactive,0
B90-54,Female,51,0,0,No,FOXP3,Ki67_high,68,33,Unknown,0
A105-88,Female,50,0,0,Yes,NK,Ki67_low,83,67,inactive,0
B417-94,Male,50,1,1,Yes,CD4,Ki67_high,195,73,indifferent,0
X69-89,Female,50,0,0,No,CD68,Ki67_low,47,68,Unknown,0
D93-48,Male,50,0,0,Yes,CD4,Ki67_low,71,07,active,0
Z111-47,Female,48,0,1,Yes,FOXP3,Ki67_high,89,06,inactive,0
A91-04,Female,48,0,0,Yes,FOXP3,Ki67_low,68,83,active,0
B87-4,Male,47,0,0,No,FOXP3,Ki67_low,64,99,inactive,0
X109-14,Male,82,0,0,No,CD68,Ki67_high,86,91,Unknown,0
D416-64,Female,82,0,0,No,FOXP3,Ki67_low,194,43,indifferent,0
Z74-48,Male,81,1,0,Yes,NK,Ki67_high,52,07,indifferent,0
A57-6,Male,81,0,0,Yes,NK,Ki67_low,35,39,Unknown,0
G173-97,Male,81,0,0,Yes,CD4,Ki67_low,151,76,Unknown,0
H65-45,Female,81,0,0,Yes,FOXP3,Ki67_high,43,04,inactive,0
I80-94,Female,79,0,0,No,CD68,Ki67_low,58,71,Unknown,0
J144-37,Female,79,0,0,Yes,FOXP3,Ki67_high,102,16,active,0
K104-39,Female,78,0,0,No,FOXP3,Ki67_low,80,18,inactive,0
L90-44,Male,78,0,0,No,CD68,Ki67_high,68,21,Unknown,0
M79-17,Male,78,1,0,Yes,FOXP3,Ki67_high,56,96,Unknown,0
N71-08,Female,76,0,0,Yes,NK,Ki67_low,48,87,active,0
O81-54,Female,74,1,0,Yes,FOXP3,Ki67_low,59,33,active,0
P159-67,Male,74,0,0,No,FOXP3,Ki67_low,137,46,active,0
Q93-96,Female,73,0,0,Yes,FOXP3,Ki67_low,71,75,inactive,0
R103-01,Male,73,0,0,Yes,FOXP3,Ki67_low,80,8,active,0
Z94-49,Female,72,0,0,Yes,CD4,Ki67_high,70,28,active,0
A408-85,Male,71,0,0,Yes,FOXP3,Ki67_low,186,64,indifferent,0
B144-39,Male,70,0,0,Yes,CD4,Ki67_low,100,18,Unknown,0
X65-91,Female,70,0,0,Yes,FOXP3,Ki67_high,43,7,Unknown,0
D70-45,Female,70,0,0,No,CD68,Ki67_high,48,04,Unknown,0
Z419-7,Male,68,0,0,Yes,FOXP3,Ki67_low,197,49,Unknown,0
A65-7,Male,68,0,0,Yes,CD4,Ki67_low,43,49,indifferent,0
B67-08,Female,67,0,0,Yes,FOXP3,Ki67_low,44,87,Unknown,0
X107-58,Male,66,0,0,Yes,CD4,Ki67_high,85,37,active,0
D408-05,Female,66,0,0,Yes,FOXP3,Ki67_high,185,84,inactive,0
Z95-87,Female,64,0,0,Yes,FOXP3,Ki67_high,73,66,active,0
A68-17,Male,63,0,0,Yes,FOXP3,Ki67_low,45,96,indifferent,0
B95-37,Female,62,0,0,Yes,FOXP3,Ki67_low,73,16,inactive,0
A90,Male,62,0,0,No,FOXP3,Ki67_low,67,79,active,0
B106-1,Male,61,0,0,Yes,NK,Ki67_high,83,89,inactive,0
X56-13,Female,61,1,0,Yes,FOXP3,Ki67_high,33,92,Unknown,0
D104-03,Female,61,0,0,Yes,FOXP3,Ki67_high,81,82,inactive,0
Z157-01,Female,60,0,0,No,CD68,Ki67_high,134,8,Unknown,0
A84-35,Female,59,0,0,Yes,FOXP3,Ki67_low,62,14,active,0
B67-99,Male,59,0,0,Yes,FOXP3,Ki67_high,45,78,active,0
X118-93,Male,59,0,0,No,FOXP3,Ki67_high,96,72,active,0
D185-48,Female,59,0,0,Yes,FOXP3,Ki67_high,163,07,inactive,0
Z84-08,Male,59,0,0,Yes,FOXP3,Ki67_high,59,87,Unknown,0
A88-34,Female,59,0,0,Yes,FOXP3,Ki67_low,66,11,Unknown,0
G85-16,Male,57,0,0,No,CD68,Ki67_high,62,95,Unknown,0
H69-54,Male,57,0,0,No,FOXP3,Ki67_high,47,33,active,0
I64-14,Female,55,0,0,Yes,CD4,Ki67_high,39,91,active,0
J198-3,Female,54,1,0,No,NK,Ki67_high,176,09,indifferent,0
K100-06,Female,54,0,0,No,FOXP3,Ki67_high,77,85,active,0
L101-13,Female,53,0,0,Yes,CD4,Ki67_low,78,92,indifferent,0
M91-09,Female,53,0,0,Yes,FOXP3,Ki67_high,68,88,active,0
N61-54,Female,53,0,0,Yes,NK,Ki67_high,39,33,Unknown,0
O64-04,Female,53,0,0,Yes,FOXP3,Ki67_low,39,81,inactive,0
P103-11,Female,51,0,0,No,CD68,Ki67_low,80,9,Unknown,0
Q77-57,Female,51,0,0,No,CD68,Ki67_high,55,36,Unknown,0
R97-34,Male,51,0,0,Yes,FOXP3,Ki67_low,75,13,active,0
Z78-76,Male,49,0,0,No,CD68,Ki67_low,56,55,Unknown,0
A67-1,Female,48,0,0,Yes,FOXP3,Ki67_high,44,89,Unknown,0
B79-89,Male,48,0,0,No,CD68,Ki67_low,57,68,Unknown,0
X406-66,Male,47,1,0,Yes,FOXP3,Ki67_high,184,45,inactive,0
D95-79,Male,45,0,0,No,FOXP3,Ki67_low,73,58,Unknown,0
Z83-88,Female,42,0,1,Yes,NK,Ki67_low,61,67,inactive,0
A93-51,Female,41,0,0,No,CD68,Ki67_high,71,3,Unknown,0
B116-78,Male,39,0,0,Yes,NK,Ki67_low,94,57,indifferent,0
X117-63,Male,38,0,0,Yes,NK,Ki67_high,95,42,active,0
D60-01,Female,38,0,0,Yes,FOXP3,Ki67_high,37,8,Unknown,0
Z64-6,Male,56,0,0,No,FOXP3,Ki67_high,42,39,Unknown,0
A94-43,Female,82,1,0,Yes,NK,Ki67_high,70,22,active,0
B71-63,Female,82,0,0,No,FOXP3,Ki67_low,49,42,indifferent,0
A87-79,Female,82,0,0,Yes,NK,Ki67_low,65,58,indifferent,0
B99-64,Female,81,0,0,Yes,CD4,Ki67_high,77,43,indifferent,0
X86-53,Female,81,0,0,No,FOXP3,Ki67_high,64,32,active,0
D400-68,Male,81,0,0,No,FOXP3,Ki67_low,178,47,Unknown,0
Z98-37,Female,81,0,0,Yes,NK,Ki67_low,76,16,active,0
A117-98,Male,80,0,0,No,FOXP3,Ki67_high,95,77,inactive,0
B418-6,Female,78,0,0,No,FOXP3,Ki67_low,196,39,indifferent,0
X101-3,Female,78,0,0,Yes,FOXP3,Ki67_low,79,09,inactive,0
D79-51,Male,77,0,0,Yes,FOXP3,Ki67_low,57,3,active,0
Z443-46,Female,77,0,0,Yes,NK,Ki67_low,201,05,active,0
A97-44,Male,76,0,0,Yes,FOXP3,Ki67_high,75,01,active,0
G174-47,Female,76,0,0,No,FOXP3,Ki67_high,150,06,active,0
H441-83,Female,76,1,0,Yes,FOXP3,Ki67_low,199,62,inactive,0
I74-61,Male,76,0,0,No,FOXP3,Ki67_low,52,4,Unknown,0
J60-91,Female,76,0,0,Yes,FOXP3,Ki67_high,38,7,Unknown,0
K69-79,Male,76,0,0,No,CD68,Ki67_high,47,58,Unknown,0
L83-6,Male,74,0,0,No,CD4,Ki67_low,61,39,indifferent,0
M83-95,Male,74,0,0,No,CD68,Ki67_low,61,74,Unknown,0
Z77-5,Female,73,0,0,No,FOXP3,Ki67_high,55,29,inactive,0
A64-49,Male,73,0,0,No,FIBRO,Ki67_low,42,08,Unknown,0
B61-1,Male,73,0,0,Yes,NK,Ki67_high,38,89,active,0
X100-71,Male,72,1,0,Yes,FOXP3,Ki67_high,78,5,active,0
D65-41,Female,71,0,0,Yes,NK,Ki67_low,43,27.7,Unknown,0
Z119-77,Male,71,0,0,Yes,FOXP3,Ki67_high,97,56,Unknown,0
A104-39,Female,71,0,0,Yes,FOXP3,Ki67_high,80,18,indifferent,0
B59-67,Male,71,0,0,No,FOXP3,Ki67_low,37,46,active,0
X83-16,Male,70,0,0,Yes,FOXP3,Ki67_high,60,95,active,0
D418-1,Female,68,0,0,Yes,FOXP3,Ki67_high,195,89,inactive,0
Z76-45,Male,66,0,0,Yes,CD4,Ki67_high,54,24,Unknown,0
A400-46,Female,65,0,0,Yes,FOXP3,Ki67_high,178,25,Unknown,0
B95-7,Female,65,0,0,Yes,FOXP3,Ki67_low,73,49,indifferent,0
A70-43,Female,65,0,0,Yes,NK,Ki67_high,48,02,active,0
B75-15,Female,62,0,0,Yes,NK,Ki67_low,52,94,Unknown,0
X95-8,Male,61,0,0,No,CD68,Ki67_high,73,59,Unknown,0
D90-67,Female,60,0,0,Yes,CD4,Ki67_low,68,46,Unknown,0
Z84-79,Male,59,0,0,Yes,NK,Ki67_high,62,58,indifferent,0
A147-5,Male,59,0,0,Yes,FOXP3,Ki67_low,125,29,Unknown,0
B134-14,Female,58,0,0,No,FOXP3,Ki67_high,111,91,indifferent,0
X84-64,Female,57,0,0,Yes,FOXP3,Ki67_low,60,41,active,0
D145-11,Male,56,0,0,Yes,FOXP3,Ki67_high,102,9,indifferent,0
Z94-14,Female,56,0,0,Yes,FOXP3,Ki67_low,69,93,indifferent,0
A417-79,Female,55,1,1,Yes,FOXP3,Ki67_low,195,58,indifferent,0
G95-64,Male,54,0,0,Yes,FOXP3,Ki67_high,73,41,inactive,0
H93-8,Male,54,0,0,Yes,FOXP3,Ki67_high,71,59,active,0
I90-61,Male,51,0,1,Yes,FOXP3,Ki67_high,68,4,inactive,0
J139-4,Female,51,0,0,Yes,FOXP3,Ki67_low,116,99,active,0
K77-01,Female,51,0,0,Yes,FOXP3,Ki67_high,54,8,indifferent,0
L105-46,Female,50,0,0,Yes,FOXP3,Ki67_low,83,05,active,0
M68-35,Male,47,0,0,No,CD68,Ki67_high,46,14,Unknown,0
N99-07,Female,46,0,0,No,FOXP3,Ki67_high,76,86,active,0
O147-74,Female,45,0,0,No,FOXP3,Ki67_high,125,53,Unknown,0
P61-49,Female,42,0,0,Yes,CD4,Ki67_low,39,08,Unknown,0
Q98-94,Male,38,0,0,Yes,CD4,Ki67_high,76,71,active,0
R90-74,Female,89,0,0,No,CD68,Ki67_low,68,53,Unknown,0
Z159-79,Male,82,0,0,No,CD68,Ki67_high,137,58,Unknown,0
A433-47,Male,82,0,0,Yes,FOXP3,Ki67_high,211,26,active,0
B85-53,Female,81,0,0,No,CD4,Ki67_low,63,32,inactive,0
X76-7,Female,81,0,0,Yes,NK,Ki67_low,54,49,active,0
D67-87,Male,80,0,0,Yes,FOXP3,Ki67_high,45,66,active,0
Z77-46,Male,80,0,0,Yes,FOXP3,Ki67_low,55,05,active,0
A91-48,Male,79,1,0,Yes,FOXP3,Ki67_high,69,07,active,0
B149-19,Male,79,0,0,Yes,CD4,Ki67_low,106,98,active,0
X97-86,Female,77,0,0,Yes,CD4,Ki67_low,75,65,indifferent,0
D114-33,Female,77,0,0,No,CD4,Ki67_high,90,12,indifferent,0
Z110-41,Female,77,0,0,Yes,FOXP3,Ki67_high,88,2,inactive,0
A91-58,Male,76,0,0,No,CD68,Ki67_high,69,37,Unknown,0
B58-86,Male,76,0,0,No,CD68,Ki67_low,36,65,active,0
A76-88,Male,74,0,0,No,CD68,Ki67_high,54,67,Unknown,0
B109-54,Male,74,0,0,No,CD68,Ki67_low,87,31,Unknown,0
X181-43,Female,71,1,0,Yes,NK,Ki67_low,159,02,active,0
D103-58,Female,70,0,0,Yes,FOXP3,Ki67_low,81,37,indifferent,0
Z81-96,Female,68,0,0,Yes,NK,Ki67_high,59,75,active,0
A104-55,Male,66,0,0,No,CD68,Ki67_high,82,34,Unknown,0
B76-14,Female,66,0,0,Yes,CD4,Ki67_low,53,91,indifferent,0
X64-47,Female,63,0,0,Yes,CD4,Ki67_high,42,06,active,0
D400-98,Female,63,0,0,Yes,FOXP3,Ki67_high,178,77,inactive,0
Z101-96,Male,63,0,0,Yes,CD4,Ki67_low,79,75,active,0
A84-17,Male,62,0,0,No,CD68,Ki67_high,61,96,Unknown,0
G85-79,Female,62,0,0,Yes,FOXP3,Ki67_high,63,58,active,0
H71-46,Female,60,0,0,Yes,FOXP3,Ki67_low,49,25,Unknown,0
I95-49,Male,59,1,0,Yes,NK,Ki67_high,73,28,inactive,0
J87-64,Female,59,0,0,Yes,FOXP3,Ki67_high,65,41,inactive,0
K118-55,Female,59,0,0,No,FOXP3,Ki67_high,96,34,inactive,0
L84-14,Female,59,0,0,Yes,NK,Ki67_low,59,93,inactive,0
M419-67,Female,57,0,0,Yes,FOXP3,Ki67_low,197,46,inactive,0
N135-84,Male,57,0,0,Yes,FOXP3,Ki67_low,113,63,active,0
O74-83,Male,57,0,0,No,CD68,Ki67_high,52,62,Unknown,0
P60-37,Female,57,0,0,No,CD68,Ki67_low,38,16,Unknown,0
Q67-48,Male,57,0,0,No,CD68,Ki67_high,45,07,Unknown,0
R77-79,Male,56,0,0,No,FOXP3,Ki67_high,55,58,Unknown,0
Z88-51,Female,56,0,0,No,CD68,Ki67_high,66,3,Unknown,0
A90-38,Female,53,0,0,Yes,NK,Ki67_low,68,17,inactive,0
B156-69,Male,53,0,0,Yes,CD4,Ki67_low,134,48,active,0
X407-6,Female,52,0,1,Yes,FOXP3,Ki67_low,185,39,active,0
D158-9,Female,52,0,0,Yes,FOXP3,Ki67_low,136,69,indifferent,0
Z447-97,Male,52,0,0,Yes,FOXP3,Ki67_low,225,76,indifferent,0
A114-71,Female,51,0,1,Yes,FOXP3,Ki67_high,92,5,active,0
B58-55,Female,50,0,0,No,FOXP3,Ki67_high,36,34,active,0
X431-15,Male,50,0,0,Yes,CD4,Ki67_low,208,94,active,0
D68-18,Female,45,0,0,Yes,NK,Ki67_low,45,97,indifferent,0
Z118-75,Female,44,0,0,No,CD68,Ki67_high,96,54,Unknown,0
A186-54,Female,44,0,1,No,FOXP3,Ki67_high,164,33,indifferent,0
B96-14,Male,44,0,1,Yes,FOXP3,Ki67_high,73,93,active,0
A69-54,Male,42,0,0,No,CD68,Ki67_low,47,31,Unknown,0
B101-93,Female,41,0,0,Yes,FOXP3,Ki67_high,79,72,inactive,0
X71-58,Male,39,0,0,No,FOXP3,Ki67_low,49,37,Unknown,0
D83-1,Male,38,0,0,Yes,FOXP3,Ki67_low,60,89,inactive,0
Z110-96,Female,74,0,0,Yes,NK,Ki67_high,88,75,active,0
A144-83,Male,85,0,0,Yes,CD4,Ki67_low,100,62,Unknown,0
B91-65,Female,82,0,0,Yes,FOXP3,Ki67_low,69,44,indifferent,0
X84-1,Female,81,0,0,No,FOXP3,Ki67_low,61,89,Unknown,0
D118-85,Female,81,0,0,No,FOXP3,Ki67_high,96,64,inactive,0
Z89-34,Male,81,0,0,No,CD68,Ki67_low,67,11,Unknown,0
A148-74,Male,81,0,0,No,NK,Ki67_low,106,51,Unknown,0
G98-05,Female,81,0,0,Yes,FOXP3,Ki67_low,75,84,active,0
H104-1,Female,80,0,0,No,FIBRO,Ki67_low,79,89,active,0
I108-64,Male,80,0,0,Yes,FOXP3,Ki67_low,86,41,inactive,0
J96-19,Male,80,0,0,Yes,NK,Ki67_low,73,98,inactive,0
K98-07,Female,80,1,0,Yes,FOXP3,Ki67_low,75,86,indifferent,0
L71-4,Female,79,0,0,Yes,FOXP3,Ki67_high,49,19,indifferent,0
M84-47,Female,78,0,0,Yes,NK,Ki67_high,60,06,indifferent,0
N158-33,Female,78,0,0,Yes,CD4,Ki67_high,136,12,active,0
O104-5,Female,78,0,0,No,CD68,Ki67_high,80,29,Unknown,0
P74-18,Female,78,0,0,Yes,FOXP3,Ki67_low,49,97,Unknown,0
Q95-94,Male,78,0,0,Yes,CD4,Ki67_low,73,73,active,0
R87-15,Male,76,0,0,No,NK,Ki67_high,64,94,indifferent,0
Z84-59,Female,76,0,0,No,CD68,Ki67_low,60,38,indifferent,0
A89-31,Female,76,0,0,Yes,FOXP3,Ki67_high,67,1,indifferent,0
B64-84,Male,76,0,0,Yes,FOXP3,Ki67_high,42,63,active,0
X107-54,Male,75,0,0,No,CD68,Ki67_low,85,31,Unknown,0
D94-76,Female,74,0,0,Yes,NK,Ki67_low,70,55,Unknown,0
Z79-16,Male,73,0,0,No,CD68,Ki67_low,56,95,Unknown,0
A87,Male,71,0,1,Yes,FOXP3,Ki67_low,64,79,active,0
B145-45,Male,70,0,1,Yes,FOXP3,Ki67_high,123,04,active,0
X145-14,Female,68,0,0,No,CD68,Ki67_low,102,93,Unknown,0
D88-6,Female,66,0,1,Yes,NK,Ki67_high,66,39,Unknown,0
Z57-59,Male,65,0,0,Yes,CD4,Ki67_low,35,38,Unknown,0
A59-43,Female,65,0,0,Yes,CD4,Ki67_low,37,22,active,0
B65-43,Female,65,0,0,No,CD4,Ki67_high,43,22,Unknown,0
A154-03,Male,65,0,0,Yes,CD4,Ki67_low,131,82,inactive,0
B139-81,Female,64,0,0,Yes,NK,Ki67_high,117,6,active,0
X111-81,Male,63,0,0,Yes,NK,Ki67_low,89,6,indifferent,0
D106-84,Female,62,0,0,Yes,NK,Ki67_low,84,63,active,0
Z441-06,Female,62,0,1,Yes,FOXP3,Ki67_high,198,85,indifferent,0
A69-97,Male,62,0,0,Yes,NK,Ki67_low,47,76,indifferent,0
B77-07,Male,62,0,0,Yes,FOXP3,Ki67_high,54,86,indifferent,0
X59-49,Male,60,0,0,No,FOXP3,Ki67_low,37,28,Unknown,0
D109-39,Female,59,0,0,No,FOXP3,Ki67_high,87,18,active,0
Z93-97,Female,58,0,0,Yes,FOXP3,Ki67_high,71,76,Unknown,0
A163-17,Female,58,0,0,Yes,CD4,Ki67_low,140,96,active,0
G144-39,Female,58,0,0,No,NK,Ki67_low,102,18,Unknown,0
H414-64,Female,57,0,0,Yes,FOXP3,Ki67_low,190,41,active,0
I148-63,Female,57,0,0,No,NK,Ki67_low,106,42,inactive,0
J84-1,Male,56,0,0,Yes,CD4,Ki67_low,61,89,active,0
K77-6,Female,53,0,0,Yes,NK,Ki67_low,55,39,Unknown,0
L70-51,Male,53,0,0,Yes,FOXP3,Ki67_low,48,3,Unknown,0
M109-19,Male,53,0,0,Yes,FOXP3,Ki67_high,86,98,Unknown,0
N55-43,Male,53,0,0,Yes,NK,Ki67_high,33,02,Unknown,0
O140-15,Female,52,0,0,Yes,FOXP3,Ki67_low,97,94,active,0
P74-16,Female,50,0,0,Yes,FOXP3,Ki67_low,49,95,active,0
Q95-89,Male,48,0,0,Yes,FOXP3,Ki67_high,73,68,Unknown,0
R64-68,Male,46,0,0,No,FOXP3,Ki67_low,42,47,inactive,0
Z70-51,Female,45,0,0,No,FOXP3,Ki67_high,48,3,indifferent,0
A81-77,Female,44,0,0,Yes,NK,Ki67_high,59,56,active,0
B66-47,Female,44,0,0,Yes,CD4,Ki67_low,44,26,active,0
X146-08,Female,44,0,0,Yes,CD4,Ki67_high,123,87,active,0
D91-68,Female,43,0,0,Yes,FOXP3,Ki67_low,69,47,active,0
Z108-96,Female,41,0,0,Yes,FOXP3,Ki67_high,86,75,active,0
A113-41,Male,41,0,0,Yes,NK,Ki67_low,91,2,active,0
B111-08,Male,65,0,0,Yes,FOXP3,Ki67_low,88,87,active,0
X417-74,Male,83,0,1,Yes,FOXP3,Ki67_low,195,53,Unknown,0
D78-5,Female,93,0,0,Yes,FOXP3,Ki67_high,56,29,active,0
Z89-06,Male,82,0,0,Yes,FOXP3,Ki67_low,66,85,indifferent,0
A74-8,Female,82,0,0,Yes,FOXP3,Ki67_low,52,59,Unknown,0
B80-4,Male,82,0,0,Yes,CD4,Ki67_high,57,99,active,0
A76-54,Female,82,0,0,No,CD68,Ki67_high,54,31,Unknown,0
B408-99,Female,81,0,0,Yes,NK,Ki67_high,186,78,indifferent,0
X99-74,Female,80,0,0,Yes,FOXP3,Ki67_low,77,51,inactive,0
D104-97,Male,80,0,0,No,CD68,Ki67_low,80,76,Unknown,0
Z197-36,Male,79,1,0,Yes,FOXP3,Ki67_high,175,15,Unknown,0
A98-56,Male,78,0,0,No,CD68,Ki67_low,76,35,Unknown,0
B86-06,Female,78,0,0,Yes,FOXP3,Ki67_low,63,85,active,0
X143-08,Male,78,0,0,Yes,NK,Ki67_low,100,87,inactive,0
D75,Male,78,0,1,No,FOXP3,Ki67_low,52,79,inactive,0
Z105-9,Female,77,0,0,Yes,FOXP3,Ki67_high,83,69,inactive,0
A73-87,Female,77,0,0,Yes,NK,Ki67_low,51,66,active,0
G78-04,Male,76,0,0,Yes,FOXP3,Ki67_high,55,83,active,0
H107-74,Male,75,0,0,No,FOXP3,Ki67_low,85,53,Unknown,0
I60-64,Female,74,0,0,Yes,FOXP3,Ki67_high,38,43,active,0
J84-57,Female,74,0,0,Yes,FOXP3,Ki67_high,60,36,active,0
K115-98,Female,74,0,0,Yes,FOXP3,Ki67_high,93,77,Unknown,0
L110-38,Male,74,0,0,Yes,NK,Ki67_high,88,17,indifferent,0
M94-59,Male,71,0,0,Yes,FOXP3,Ki67_high,70,38,Unknown,0
N84-64,Male,71,0,0,Yes,FOXP3,Ki67_low,60,43,active,0
O70-48,Male,71,0,1,No,CD4,Ki67_low,48,07,active,0
P106-54,Male,68,0,0,No,CD4,Ki67_low,84,33,active,0
Q59-11,Female,66,1,1,Yes,NK,Ki67_low,36,9,indifferent,0
R58-89,Male,61,0,0,Yes,FOXP3,Ki67_high,36,68,indifferent,0
Z149-66,Male,60,0,0,No,CD68,Ki67_low,107,45,Unknown,0
A73-57,Male,60,0,0,Yes,NK,Ki67_high,51,36,inactive,0
B74-04,Male,60,1,0,Yes,NK,Ki67_low,49,83,indifferent,0
X145-63,Female,59,0,0,Yes,FOXP3,Ki67_high,103,42,Unknown,0
D77-94,Female,59,1,0,Yes,FOXP3,Ki67_high,55,73,active,0
Z68-99,Female,59,0,0,Yes,FOXP3,Ki67_low,46,78,active,0
A111-76,Female,58,0,0,No,CD68,Ki67_high,89,55,Unknown,0
B65-36,Male,56,0,0,No,FOXP3,Ki67_high,43,15,active,0
X80-47,Female,55,0,0,No,FOXP3,Ki67_low,58,06,active,0
D81-73,Female,54,0,0,No,FIBRO,Ki67_low,59,52,active,0
Z79-44,Male,50,0,0,Yes,FOXP3,Ki67_high,57,01,inactive,0
A144-63,Female,49,0,1,Yes,NK,Ki67_low,120,42,inactive,0
B97-05,Female,48,0,0,Yes,FOXP3,Ki67_high,74,84,Unknown,0
A444-54,Female,46,1,0,Yes,FOXP3,Ki67_low,200,31,indifferent,0
B70-38,Male,43,0,1,Yes,FOXP3,Ki67_high,48,17,inactive,0
X114-46,Male,41,0,0,Yes,FOXP3,Ki67_high,92,25,indifferent,0
D64-64,Female,56,0,0,Yes,FOXP3,Ki67_low,42,41,active,0
Z94-14,Female,82,0,0,Yes,FOXP3,Ki67_low,71,91,Unknown,0
A70-19,Female,82,0,0,Yes,FOXP3,Ki67_high,47,98,inactive,0
B55-35,Female,81,0,0,No,CD68,Ki67_low,33,14,Unknown,0
X115-54,Male,80,0,0,Yes,FOXP3,Ki67_low,93,31,indifferent,0
D60-7,Male,79,0,0,No,CD68,Ki67_low,38,49,Unknown,0
Z69-44,Male,79,0,0,No,CD68,Ki67_low,47,03,Unknown,0
A103-49,Female,79,0,0,Yes,NK,Ki67_low,81,08,active,0
G94-74,Female,78,0,0,Yes,FOXP3,Ki67_high,70,53,Unknown,0
H434-64,Male,78,0,0,Yes,FOXP3,Ki67_high,210,43,active,0
I84-46,Male,78,0,0,Yes,CD4,Ki67_low,60,25,inactive,0
J63-57,Female,78,0,0,Yes,CD4,Ki67_low,41,36,active,0
K73-44,Male,77,0,0,Yes,NK,Ki67_low,51,03,active,0
L78-43,Male,77,0,0,Yes,FOXP3,Ki67_low,56,22,inactive,0
M57-46,Female,77,0,0,Yes,FOXP3,Ki67_low,35,25,inactive,0
N104-16,Female,76,0,0,No,FOXP3,Ki67_high,81,95,active,0
O110-44,Female,76,0,0,Yes,NK,Ki67_high,88,21,active,0
P119-4,Female,75,0,0,Yes,FOXP3,Ki67_high,97,19,active,0
Q119-13,Female,74,0,0,Yes,FOXP3,Ki67_low,96,92,active,0
R140-44,Female,73,0,0,No,FOXP3,Ki67_high,98,01,active,0
Z80-8,Female,72,0,0,Yes,FOXP3,Ki67_low,58,59,active,0
A57-96,Female,71,0,0,Yes,FOXP3,Ki67_high,35,75,active,0
B81-44,Female,71,0,0,Yes,FOXP3,Ki67_low,59,03,active,0
X88-79,Female,71,0,0,No,CD68,Ki67_low,66,58,active,0
D70-91,Female,68,0,0,Yes,FOXP3,Ki67_high,48,7,active,0
Z87-14,Female,68,0,0,No,FOXP3,Ki67_high,64,91,inactive,0
A146-09,Female,66,0,0,No,FOXP3,Ki67_low,103,88,Unknown,0
B76-44,Female,65,0,0,Yes,FOXP3,Ki67_low,54,21,inactive,0
X56-33,Male,61,0,0,No,FOXP3,Ki67_high,34,12,Unknown,0
D131-81,Female,59,0,0,No,CD68,Ki67_high,109,6,Unknown,0
Z95-43,Male,57,0,1,Yes,FOXP3,Ki67_high,73,02,inactive,0
A71-18,Male,57,0,0,Yes,NK,Ki67_low,48,97,indifferent,0
B87-71,Female,57,0,0,Yes,FOXP3,Ki67_high,65,5,indifferent,0
A115-68,Female,54,0,0,Yes,NK,Ki67_high,93,47,Unknown,0
B407-37,Male,53,0,0,Yes,FOXP3,Ki67_high,185,16,indifferent,0
X74-43,Male,48,1,0,No,FOXP3,Ki67_high,52,22,Unknown,0
D75-1,Female,48,0,0,No,CD68,Ki67_high,52,89,Unknown,0
Z69-74,Female,48,0,0,Yes,FOXP3,Ki67_high,47,51,inactive,0
A111-84,Male,45,0,0,Yes,FOXP3,Ki67_low,89,63,Unknown,0
B111-08,Female,43,0,0,No,CD68,Ki67_high,88,87,active,0
X401-96,Male,42,0,0,Yes,FOXP3,Ki67_high,179,75,Unknown,0
D68-68,Female,39,0,0,Yes,CD4,Ki67_low,46,47,active,0
Z56-9,Male,38,1,0,Yes,FOXP3,Ki67_high,34,69,active,0
A91-16,Female,38,0,0,No,CD68,Ki67_low,68,95,active,0
G99-44,Female,38,0,1,No,NK,Ki67_low,77,23,Unknown,0
H78-85,Male,38,0,0,Yes,FOXP3,Ki67_low,56,64,active,0
I143-89,Female,56,0,0,No,FOXP3,Ki67_high,101,68,inactive,0
J90-44,Male,82,0,0,Yes,NK,Ki67_high,68,23,active,0
K138-44,Female,82,0,0,No,CD68,Ki67_high,116,23,Unknown,0
L75-06,Female,82,0,0,No,FOXP3,Ki67_low,52,85,active,0
M85-66,Male,81,1,0,Yes,NK,Ki67_high,63,45,active,0
N104-76,Female,81,0,0,No,CD68,Ki67_low,80,55,Unknown,0
O71-79,Female,81,0,0,Yes,CD4,Ki67_low,49,58,indifferent,0
P167-16,Male,81,0,0,Yes,FOXP3,Ki67_low,144,95,active,0
Q131-05,Male,80,0,0,Yes,FOXP3,Ki67_high,108,84,active,0
R86-94,Female,80,0,0,Yes,FOXP3,Ki67_high,64,71,Unknown,0
Z59-64,Female,80,0,0,Yes,NK,Ki67_high,37,41,Unknown,0
A103-74,Female,80,0,0,Yes,FOXP3,Ki67_low,81,51,indifferent,0
B77-1,Female,80,0,0,Yes,FOXP3,Ki67_high,54,89,Unknown,0
X94-75,Female,79,0,0,Yes,NK,Ki67_high,72,54,inactive,0
D77-74,Female,79,0,0,No,CD68,Ki67_high,55,51,Unknown,0
Z76-09,Male,78,0,0,Yes,NK,Ki67_high,53,88,inactive,0
A61-8,Female,78,0,0,No,FOXP3,Ki67_low,39,59,indifferent,0
B94-97,Female,78,0,0,No,FOXP3,Ki67_low,70,76,indifferent,0
X83-73,Female,78,1,0,Yes,CD4,Ki67_low,61,52,active,0
D79-33,Male,76,0,0,No,CD68,Ki67_high,57,12,Unknown,0
Z108-34,Female,76,0,0,No,CD68,Ki67_high,86,11,Unknown,0
A103-65,Female,75,0,0,No,FOXP3,Ki67_high,81,44,indifferent,0
B86-19,Male,73,0,0,No,FOXP3,Ki67_high,63,98,active,0
A131-44,Female,73,0,0,Yes,FOXP3,Ki67_low,109,21,inactive,0
B69-46,Female,71,0,0,Yes,NK,Ki67_low,47,25,active,0
X76-78,Female,71,0,1,Yes,FOXP3,Ki67_high,54,57,inactive,0
D103-78,Female,69,0,0,Yes,NK,Ki67_low,81,57,indifferent,0
Z413-43,Female,69,1,0,Yes,FOXP3,Ki67_low,191,22,inactive,0
A93-54,Male,68,0,0,Yes,NK,Ki67_high,71,31,Unknown,0
B115-07,Male,66,0,0,Yes,CD4,Ki67_low,92,86,active,0
X69-45,Male,65,0,0,No,FOXP3,Ki67_high,47,24,Unknown,0
D81,Male,63,0,0,No,CD68,Ki67_high,58,79,Unknown,0
Z83-16,Female,63,0,0,No,FOXP3,Ki67_low,60,95,Unknown,0
A108-63,Female,63,0,0,No,CD68,Ki67_high,86,42,active,0
G88-06,Male,63,0,0,No,FOXP3,Ki67_high,65,85,Unknown,0
H80-57,Male,60,0,0,No,CD4,Ki67_high,58,36,indifferent,0
I448-44,Female,59,0,0,Yes,NK,Ki67_low,226,03,inactive,0
J57-79,Female,58,0,0,Yes,FOXP3,Ki67_low,35,58,inactive,0
K87-4,Female,56,0,0,No,FOXP3,Ki67_low,65,19,active,0
L76-63,Male,56,0,0,No,CD68,Ki67_low,54,42,Unknown,0
M58-01,Female,55,0,0,Yes,NK,Ki67_high,35,8,active,0
Z77-43,Female,53,0,0,No,CD68,Ki67_low,55,22,Unknown,0
A101-14,Female,52,0,0,No,FOXP3,Ki67_high,78,91,inactive,0
B64-45,Female,52,0,0,No,CD68,Ki67_high,42,24,Unknown,0
X79-44,Female,52,0,0,No,NK,Ki67_low,57,21,active,0
D84-94,Female,51,0,0,Yes,NK,Ki67_low,60,73,Unknown,0
Z81-58,Female,50,1,0,Yes,FOXP3,Ki67_high,59,37,active,0
A64-41,Male,50,0,0,Yes,FOXP3,Ki67_low,40,28.3,Unknown,0
B449-94,Male,50,0,0,No,FOXP3,Ki67_high,207,73,active,0
X116-06,Female,48,0,0,No,CD68,Ki67_low,93,85,Unknown,0
D117-77,Male,45,1,0,Yes,FOXP3,Ki67_low,95,56,active,0
Z66-69,Male,43,0,0,Yes,NK,Ki67_low,44,48,active,0
A144-43,Female,43,0,0,Yes,FOXP3,Ki67_high,100,02,Unknown,0
B168-68,Male,42,0,0,No,FOXP3,Ki67_low,146,47,indifferent,0
A119-9,Male,42,0,0,Yes,FOXP3,Ki67_high,97,69,active,0
B110-33,Female,40,0,0,Yes,NK,Ki67_low,88,12,inactive,0
X77-95,Male,39,0,0,No,FOXP3,Ki67_high,55,74,active,0
D80-35,Male,38,0,0,Yes,FOXP3,Ki67_high,58,14,inactive,0
Z57-38,Male,80,0,0,Yes,FOXP3,Ki67_low,35,17,indifferent,0
A96-47,Female,80,0,0,No,FOXP3,Ki67_low,74,26,Unknown,0
B70-66,Female,80,0,0,No,CD4,Ki67_high,48,45,active,0
X404-06,Female,80,0,0,Yes,NK,Ki67_low,179,85,active,0
D91-3,Female,80,0,0,No,CD68,Ki67_low,69,09,Unknown,0
Z67-56,Female,80,0,0,No,NK,Ki67_high,45,35,Unknown,0
A146-14,Female,80,0,0,No,CD68,Ki67_high,103,91,Unknown,0
G86-4,Female,79,0,0,Yes,NK,Ki67_low,64,19,inactive,0
H103-44,Female,79,0,0,Yes,CD4,Ki67_low,81,01,active,0
I88-85,Female,79,0,0,No,FOXP3,Ki67_high,66,64,Unknown,0
J63-9,Female,79,0,0,Yes,FOXP3,Ki67_low,41,69,inactive,0
K81-34,Female,79,0,0,Yes,FOXP3,Ki67_low,59,11,indifferent,0
L453-93,Male,78,1,0,Yes,CD4,Ki67_high,231,72,indifferent,0
M78-11,Male,78,1,1,Yes,FOXP3,Ki67_low,55,9,indifferent,0
N134-65,Female,78,0,0,Yes,FOXP3,Ki67_low,112,44,Unknown,0
O194-75,Male,76,0,0,No,CD68,Ki67_high,172,54,Unknown,0
P77-94,Male,75,0,0,Yes,CD4,Ki67_high,55,73,active,0
Q56-94,Female,75,1,0,Yes,CD4,Ki67_high,34,73,Unknown,0
R117-03,Male,73,0,0,Yes,FOXP3,Ki67_high,94,82,indifferent,0
Z407-84,Female,71,0,0,Yes,FOXP3,Ki67_high,185,63,active,0
A448-46,Female,71,0,0,Yes,CD4,Ki67_high,206,05,active,0
B84-43,Male,70,0,0,Yes,NK,Ki67_high,62,22,inactive,0
X57-09,Male,68,0,0,No,CD68,Ki67_low,34,88,Unknown,0
D94-89,Female,68,0,0,No,CD68,Ki67_low,72,68,active,0
Z134-46,Female,68,0,0,Yes,CD4,Ki67_high,110,25,Unknown,0
A75-13,Female,67,0,0,Yes,FOXP3,Ki67_high,52,92,indifferent,0
B76-64,Female,64,0,0,No,CD4,Ki67_high,54,43,active,0
X91-34,Female,61,0,0,No,FOXP3,Ki67_high,69,11,active,0
D85-9,Female,60,0,0,Yes,NK,Ki67_high,63,69,active,0
Z76-19,Male,58,0,0,Yes,FOXP3,Ki67_low,53,98,active,0
A85-77,Female,56,0,0,Yes,FOXP3,Ki67_high,63,56,Unknown,0
B63-44,Male,54,0,0,No,FOXP3,Ki67_low,41,21,active,0
A114-04,Male,54,0,0,No,CD68,Ki67_high,89,81,Unknown,0
B403-76,Female,53,0,0,Yes,NK,Ki67_low,181,55,active,0
X98-44,Female,53,0,0,Yes,CD4,Ki67_low,76,23,indifferent,0
D79-57,Female,50,0,0,No,CD4,Ki67_low,57,36,Unknown,0
Z63-98,Male,50,0,0,Yes,FOXP3,Ki67_low,41,77,inactive,0
A101-46,Female,48,0,0,Yes,FOXP3,Ki67_low,79,25,indifferent,0
B74-66,Male,47,0,0,Yes,FOXP3,Ki67_low,52,45,inactive,0
X68-66,Female,47,0,0,Yes,CD4,Ki67_high,46,45,active,0
D405-78,Female,45,0,0,Yes,FOXP3,Ki67_high,183,57,active,0
Z111-44,Male,45,1,0,Yes,FOXP3,Ki67_high,89,03,active,0
A134-76,Male,44,0,0,Yes,FOXP3,Ki67_low,112,55,Unknown,0
G110-1,Female,44,0,0,Yes,NK,Ki67_low,87,89,active,0
H100-8,Female,43,0,0,Yes,FOXP3,Ki67_low,78,59,indifferent,0
I113-08,Male,43,0,0,No,FOXP3,Ki67_low,90,87,Unknown,0
J56-48,Female,41,0,0,Yes,FOXP3,Ki67_low,34,27,indifferent,0
K77-77,Female,40,0,0,Yes,FOXP3,Ki67_low,55,56,inactive,0
L104-04,Female,38,0,0,No,FOXP3,Ki67_low,81,81,Unknown,0
M83-59,Male,65,1,0,Yes,NK,Ki67_high,61,38,active,0
N179-67,Male,82,0,0,Yes,NK,Ki67_low,157,46,indifferent,0
O91-89,Male,81,0,0,No,CD68,Ki67_low,69,68,Unknown,0
P78-9,Male,81,0,0,No,CD68,Ki67_high,56,69,Unknown,0
Q430-74,Female,81,0,0,No,NK,Ki67_high,208,53,indifferent,0
R416-19,Male,81,0,0,Yes,CD4,Ki67_high,193,98,indifferent,0
Z83-7,Female,81,0,0,Yes,NK,Ki67_high,61,49,active,0
A400-66,Female,80,1,0,Yes,FOXP3,Ki67_high,178,45,inactive,0
B73-99,Female,78,0,0,No,CD68,Ki67_high,51,78,Unknown,0
X448-5,Female,78,0,0,No,FOXP3,Ki67_low,206,29,active,0
D70-43,Female,78,0,0,Yes,NK,Ki67_low,48,22,inactive,0
Z74-39,Male,77,0,0,Yes,FOXP3,Ki67_low,52,18,indifferent,0
A104-94,Female,77,0,0,No,CD68,Ki67_low,80,71,Unknown,0
B87-91,Female,76,0,0,No,FOXP3,Ki67_low,65,7,indifferent,0
X118-55,Female,76,1,0,Yes,FOXP3,Ki67_high,96,34,inactive,0
D434-49,Male,76,0,0,Yes,FOXP3,Ki67_low,210,08,inactive,0
Z145-34,Male,73,0,1,Yes,FOXP3,Ki67_high,103,11,Unknown,0
A78-98,Male,72,0,0,No,FOXP3,Ki67_low,56,77,indifferent,0
B100-4,Male,71,1,0,Yes,CD4,Ki67_high,77,99,inactive,0
A400-91,Female,71,0,0,Yes,FOXP3,Ki67_high,178,7,active,0
B95-44,Female,70,0,0,Yes,CD4,Ki67_high,73,03,Unknown,0
X56-64,Female,70,0,0,No,FOXP3,Ki67_low,34,43,active,0
D80-48,Male,69,0,0,No,CD68,Ki67_low,58,27,Unknown,0
Z114-96,Female,69,0,0,Yes,FOXP3,Ki67_low,90,75,active,0
A436-04,Female,68,0,0,Yes,FOXP3,Ki67_high,213,83,active,0
B73,Female,68,0,0,Yes,FOXP3,Ki67_low,50,79,active,0
X61-13,Female,68,0,0,No,FOXP3,Ki67_low,38,92,active,0
D88-56,Female,66,0,0,Yes,FOXP3,Ki67_low,66,35,active,0
Z66-16,Female,65,0,0,Yes,NK,Ki67_high,43,95,active,0
A88-98,Female,65,0,0,Yes,FOXP3,Ki67_high,66,77,inactive,0
G94-39,Female,65,0,0,Yes,NK,Ki67_low,72,18,Unknown,0
H87-39,Female,64,0,0,Yes,FOXP3,Ki67_low,65,18,active,0
I77-91,Male,64,0,0,No,CD4,Ki67_high,55,7,Unknown,0
J86-85,Female,62,0,0,Yes,FOXP3,Ki67_low,64,64,indifferent,0
K94-37,Female,61,0,0,No,FOXP3,Ki67_high,72,16,active,0
L76-64,Female,59,1,0,Yes,NK,Ki67_high,54,43,active,0
M454-95,Female,59,0,0,Yes,FOXP3,Ki67_low,232,74,inactive,0
N107-33,Male,59,0,0,Yes,CD4,Ki67_low,85,12,indifferent,0
O80-94,Female,57,0,0,No,FOXP3,Ki67_low,58,73,inactive,0
P114-04,Female,57,0,0,No,FOXP3,Ki67_high,89,81,Unknown,0
Q196-58,Female,57,0,1,Yes,FOXP3,Ki67_high,174,37,indifferent,0
R89-14,Female,56,0,0,No,FOXP3,Ki67_low,66,93,indifferent,0
Z69-94,Female,54,1,0,Yes,CD4,Ki67_low,47,73,inactive,0
A55-79,Male,53,0,0,No,FOXP3,Ki67_low,33,58,active,0
B73-08,Male,52,0,0,No,CD68,Ki67_low,50,87,Unknown,0
X96-04,Male,52,0,0,Yes,FOXP3,Ki67_low,73,81,Unknown,0
D189-84,Male,51,0,0,Yes,NK,Ki67_high,167,61,indifferent,0
Z89-68,Female,51,0,0,Yes,CD4,Ki67_low,67,47,active,0
A101-06,Female,50,0,0,Yes,FOXP3,Ki67_low,78,85,inactive,0
B64-66,Female,50,0,0,Yes,CD4,Ki67_high,40,45,Unknown,0
X84-03,Female,48,0,0,No,CD68,Ki67_low,61,82,Unknown,0
D108-38,Female,48,0,0,Yes,CD4,Ki67_high,86,17,Unknown,0
Z78-79,Female,47,0,0,No,FOXP3,Ki67_high,56,58,Unknown,0
A76-14,Male,45,0,0,No,CD68,Ki67_high,53,91,Unknown,0
B68-01,Female,44,0,0,Yes,FOXP3,Ki67_high,45,8,active,0
A90-11,Female,43,0,1,Yes,CD4,Ki67_low,67,9,active,0
B193-61,Female,42,0,0,Yes,NK,Ki67_low,171,4,active,0
X195-74,Female,40,0,0,Yes,CD4,Ki67_high,173,53,Unknown,0
D94-77,Female,39,0,0,No,CD68,Ki67_high,72,56,Unknown,0
Z85,Female,38,0,0,No,CD68,Ki67_low,62,79,Unknown,0
A141-37,Male,92,0,0,Yes,FOXP3,Ki67_low,119,16,active,0
B90-71,Female,82,0,0,No,NK,Ki67_low,68,5,Unknown,0
X106-8,Female,81,0,0,No,FOXP3,Ki67_high,84,59,active,0
D141-66,Male,80,0,0,No,CD68,Ki67_high,99,45,Unknown,0
Z85-18,Female,80,0,0,Yes,FOXP3,Ki67_low,62,97,inactive,0
A130-07,Female,80,0,0,No,FOXP3,Ki67_high,107,86,active,0
G74-44,Female,80,0,0,No,FOXP3,Ki67_high,52,03,active,0
H79-98,Female,80,0,0,Yes,CD4,Ki67_low,57,77,active,0
I106-76,Female,80,0,0,Yes,NK,Ki67_low,84,55,indifferent,0
J76-34,Female,79,0,0,Yes,FOXP3,Ki67_low,54,13,Unknown,0
K441-44,Female,78,1,1,Yes,FOXP3,Ki67_high,199,03,Unknown,0
L80-55,Male,77,0,0,No,FOXP3,Ki67_low,58,34,inactive,0
M63-98,Female,77,0,0,No,CD68,Ki67_high,41,77,Unknown,0
N55-93,Female,77,0,0,No,FOXP3,Ki67_high,33,72,inactive,0
O73-94,Female,76,0,0,Yes,FOXP3,Ki67_high,51,73,Unknown,0
P65-58,Female,72,0,0,Yes,NK,Ki67_high,43,37,Unknown,0
Q83-8,Female,70,0,0,Yes,FOXP3,Ki67_high,61,59,inactive,0
R95-87,Female,70,0,0,Yes,FOXP3,Ki67_low,73,66,indifferent,0
Z114-83,Male,68,0,0,No,CD68,Ki67_high,90,62,Unknown,0
A84-93,Female,67,0,0,Yes,CD4,Ki67_high,62,72,active,0
B103-08,Male,64,0,0,Yes,CD4,Ki67_high,80,87,inactive,0
X85-98,Male,64,0,0,Yes,NK,Ki67_high,63,77,Unknown,0
D83-75,Male,64,0,0,Yes,FOXP3,Ki67_low,61,54,active,0
Z145-43,Female,63,0,0,No,FOXP3,Ki67_low,103,22,Unknown,0
A101-58,Male,62,0,0,Yes,FOXP3,Ki67_low,79,37,active,0
B149-8,Female,61,0,0,Yes,FOXP3,Ki67_high,127,59,Unknown,0
X114-55,Female,59,0,0,Yes,FOXP3,Ki67_high,90,34,active,0
D70-87,Female,59,0,0,No,FOXP3,Ki67_low,48,66,indifferent,0
Z94-96,Male,58,0,0,Yes,FOXP3,Ki67_high,70,75,active,0
A114-19,Female,58,0,0,No,CD68,Ki67_high,89,98,Unknown,0
B85-08,Male,57,0,0,No,FIBRO,Ki67_low,62,87,Unknown,0
A114-37,Male,57,0,1,Yes,NK,Ki67_low,90,16,active,0
B151-46,Female,56,0,0,Yes,FOXP3,Ki67_low,129,05,active,0
X73-81,Male,54,0,0,No,FOXP3,Ki67_low,51,6,Unknown,0
D77-4,Female,53,0,0,Yes,FOXP3,Ki67_low,54,99,Unknown,0
Z76-08,Female,51,0,0,No,FOXP3,Ki67_low,53,87,active,0
A143-98,Female,51,0,0,Yes,FOXP3,Ki67_high,101,77,active,0
B108-51,Female,51,0,0,Yes,NK,Ki67_low,86,3,Unknown,0
X98-07,Male,50,0,0,No,FOXP3,Ki67_high,75,86,active,0
D85-84,Male,50,0,0,Yes,NK,Ki67_low,63,61,active,0
Z86-41,Female,50,0,0,No,FOXP3,Ki67_high,64,21.4,Unknown,0
A99-01,Female,49,0,0,No,FOXP3,Ki67_low,76,8,indifferent,0
G79-53,Female,47,0,0,No,CD4,Ki67_high,57,32,active,0
H80-08,Male,46,0,0,No,CD68,Ki67_high,57,87,active,0
I69-47,Female,46,0,0,No,CD68,Ki67_high,47,26,Unknown,0
J85-07,Female,45,0,0,No,FOXP3,Ki67_low,62,86,Unknown,0
K88,Male,44,0,0,Yes,CD4,Ki67_high,65,79,active,0
L144-14,Female,43,0,0,Yes,FOXP3,Ki67_high,121,93,active,0
M78-8,Male,43,0,0,No,FOXP3,Ki67_low,56,59,inactive,0
N86-78,Female,43,0,0,Yes,FOXP3,Ki67_low,64,57,inactive,0
O105-74,Female,43,1,0,Yes,CD4,Ki67_high,83,51,indifferent,0
P64-37,Female,43,0,0,Yes,FOXP3,Ki67_high,42,16,active,0
Q146-1,Female,43,0,0,No,CD68,Ki67_high,123,89,active,0
R58-66,Female,43,0,0,No,FOXP3,Ki67_low,36,45,active,0
Z194-5,Female,42,1,0,Yes,CD4,Ki67_low,170,29,active,0
A103-5,Male,41,0,0,No,CD68,Ki67_high,81,29,Unknown,0
B89-44,Female,39,0,0,Yes,FOXP3,Ki67_low,67,21,active,0
X414-94,Female,39,0,0,Yes,NK,Ki67_high,190,71,active,0
D60-73,Male,38,0,0,No,NK,Ki67_high,38,52,active,0
Z73-18,Male,56,0,0,No,CD68,Ki67_low,50,97,active,0
A84-46,Male,82,0,0,Yes,FOXP3,Ki67_low,60,05,Unknown,0
B87-4,Female,81,0,0,Yes,FOXP3,Ki67_low,65,19,indifferent,0
X86-95,Male,81,0,0,Yes,FOXP3,Ki67_high,64,74,indifferent,0
D74,Female,79,1,0,Yes,NK,Ki67_high,51,79,active,0
Z73-98,Male,77,0,0,Yes,NK,Ki67_low,51,77,active,0
A144-78,Female,77,1,0,Yes,NK,Ki67_high,102,57,active,0
B191-94,Female,75,0,0,Yes,FOXP3,Ki67_low,169,73,active,0
A447-87,Female,74,0,0,Yes,FOXP3,Ki67_low,225,66,active,0
B83-4,Male,74,0,0,Yes,FOXP3,Ki67_high,60,99,indifferent,0
X88-64,Female,74,0,0,Yes,NK,Ki67_low,66,41,indifferent,0
D81-51,Female,74,0,0,Yes,FOXP3,Ki67_low,59,3,indifferent,0
Z101-76,Female,72,0,0,Yes,CD4,Ki67_low,79,55,inactive,0
A115-71,Female,70,1,0,Yes,FOXP3,Ki67_low,93,5,indifferent,0
B449-73,Male,69,1,0,Yes,FOXP3,Ki67_high,207,52,active,0
X57-4,Female,68,0,0,No,FOXP3,Ki67_high,35,19,Unknown,0
D100-47,Male,68,0,0,No,FOXP3,Ki67_high,78,26,active,0
Z81-36,Female,66,0,0,Yes,CD4,Ki67_high,59,15,active,0
A461-67,Female,63,1,0,Yes,NK,Ki67_high,239,46,indifferent,0
G110-4,Male,63,0,0,No,CD68,Ki67_high,87,99,Unknown,0
H98-9,Female,63,1,0,Yes,CD4,Ki67_high,76,69,active,0
I95-19,Male,62,0,0,Yes,CD4,Ki67_high,72,98,inactive,0
J105-48,Female,62,0,0,Yes,FOXP3,Ki67_high,83,07,active,0
K83-03,Female,61,0,0,No,CD68,Ki67_high,60,82,Unknown,0
L89-41,Male,60,0,0,Yes,FOXP3,Ki67_high,67,2,inactive,0
M70-56,Female,59,0,0,No,CD4,Ki67_high,48,35,active,0
N78-79,Female,59,0,0,No,CD68,Ki67_low,56,58,Unknown,0
O70-13,Female,58,0,0,No,CD68,Ki67_high,47,92,Unknown,0
P64-68,Male,57,0,0,Yes,FOXP3,Ki67_high,40,47,active,0
Q71-77,Female,57,0,0,No,FOXP3,Ki67_low,49,56,active,0
R77-99,Female,57,0,0,No,CD4,Ki67_high,55,78,inactive,0
Z456-74,Male,55,0,0,No,FOXP3,Ki67_low,234,53,indifferent,0
A93-74,Male,54,0,0,Yes,FOXP3,Ki67_high,71,51,active,0
B63-74,Female,54,0,0,No,CD68,Ki67_low,41,53,Unknown,0
X60-67,Female,52,0,0,Yes,NK,Ki67_low,38,46,indifferent,0
D114-08,Female,52,0,0,Yes,FOXP3,Ki67_low,89,87,active,0
Z441-08,Female,51,1,0,Yes,CD4,Ki67_high,198,87,active,0
A101-81,Male,50,0,1,Yes,CD4,Ki67_low,79,6,inactive,0
B60-17,Male,49,1,0,Yes,FOXP3,Ki67_high,37,96,inactive,0
X65-49,Male,49,0,0,Yes,NK,Ki67_high,43,08,active,0
D153-44,Female,48,0,0,Yes,FOXP3,Ki67_low,131,03,Unknown,0
Z61-44,Male,47,0,0,Yes,FOXP3,Ki67_high,39,21,inactive,0
A86-67,Female,46,0,0,Yes,FOXP3,Ki67_low,64,46,active,0
B84-44,Female,46,0,0,Yes,FOXP3,Ki67_high,60,21,active,0
A100-54,Female,45,1,0,Yes,FOXP3,Ki67_high,78,33,inactive,0
B111-48,Female,45,0,0,No,FOXP3,Ki67_low,89,27,active,0
X85-33,Female,43,0,0,Yes,FOXP3,Ki67_low,63,12,active,0
D146-57,Male,43,0,0,No,FOXP3,Ki67_low,104,36,indifferent,0
Z81-51,Female,43,0,0,No,FOXP3,Ki67_low,59,3,indifferent,0
A67-97,Male,42,0,0,Yes,CD4,Ki67_high,45,76,Unknown,0
B77-94,Female,41,0,0,Yes,NK,Ki67_low,55,71,Unknown,0
X80-54,Male,81,0,0,No,FOXP3,Ki67_low,58,33,inactive,0
D76-47,Male,81,0,0,Yes,NK,Ki67_low,54,26,Unknown,0
Z87-15,Female,81,0,0,No,CD68,Ki67_low,64,94,Unknown,0
A86-07,Female,81,0,0,Yes,CD4,Ki67_low,63,86,Unknown,0
G106-54,Male,79,0,0,No,FOXP3,Ki67_high,84,31,indifferent,0
H94-44,Male,78,0,0,No,CD68,Ki67_high,72,03,Unknown,0
I89-73,Female,78,0,0,Yes,NK,Ki67_low,67,52,indifferent,0
J408-39,Male,78,0,0,Yes,CD4,Ki67_low,186,18,indifferent,0
K148-61,Female,76,0,0,Yes,NK,Ki67_high,106,4,active,0
L57-56,Male,76,0,0,Yes,FOXP3,Ki67_high,35,35,active,0
M447-43,Male,76,0,0,Yes,NK,Ki67_low,205,02,indifferent,0
N77-76,Male,75,0,0,No,CD68,Ki67_low,55,55,Unknown,0
O74-76,Male,72,0,0,No,CD68,Ki67_low,50,55,Unknown,0
P90-11,Female,71,0,0,No,FOXP3,Ki67_high,67,9,active,0
Q403-47,Male,71,0,0,Yes,CD4,Ki67_high,181,06,active,0
R434-5,Female,66,1,0,Yes,FOXP3,Ki67_low,212,29,active,0
Z71-14,Female,65,0,0,Yes,NK,Ki67_low,48,91,active,0
A190-67,Male,65,0,0,No,FOXP3,Ki67_low,168,46,active,0
B116-04,Female,64,0,0,No,CD68,Ki67_high,93,83,Unknown,0
X84-95,Male,64,0,0,No,FOXP3,Ki67_low,60,74,active,0
D114-75,Female,62,0,0,No,CD68,Ki67_low,90,54,Unknown,0
Z84-63,Female,61,0,0,Yes,FOXP3,Ki67_low,60,42,inactive,0
A94-75,Female,59,0,0,Yes,FOXP3,Ki67_low,70,54,inactive,0
B117-63,Female,59,0,0,Yes,FOXP3,Ki67_high,95,42,indifferent,0
X197-06,Female,58,1,0,Yes,NK,Ki67_high,174,85,active,0
D416-07,Female,57,1,0,Yes,CD4,Ki67_low,193,86,active,0
Z76-03,Female,57,0,0,Yes,FOXP3,Ki67_high,53,82,active,0
A64-44,Female,57,0,0,No,FOXP3,Ki67_low,40,23,Unknown,0
B108-84,Female,56,0,0,No,FOXP3,Ki67_high,86,61,inactive,0
A101-66,Male,55,0,0,Yes,CD4,Ki67_low,79,45,active,0
B141-15,Female,54,0,0,No,CD68,Ki67_high,98,94,Unknown,0
X116-44,Male,52,1,0,Yes,FOXP3,Ki67_high,94,23,active,0
D116-64,Male,52,1,0,Yes,CD4,Ki67_high,94,41,inactive,0
Z93-3,Female,51,0,0,Yes,FOXP3,Ki67_low,71,09,active,0
A144-33,Female,50,0,0,Yes,FOXP3,Ki67_low,122,12,active,0
B98-04,Female,49,0,0,Yes,FOXP3,Ki67_low,75,81,active,0
X80-67,Male,49,0,0,Yes,FOXP3,Ki67_low,58,46,Unknown,0
D94-47,Female,47,0,0,No,CD68,Ki67_low,72,06,Unknown,0
Z76-35,Female,46,0,0,Yes,NK,Ki67_high,54,14,indifferent,0
A57-56,Male,44,0,1,Yes,FOXP3,Ki67_low,35,35,active,0
G179-14,Female,43,0,0,Yes,CD4,Ki67_low,156,93,Unknown,0
H63-49,Female,41,0,0,Yes,FOXP3,Ki67_high,41,28,active,0
I145-18,Male,40,0,0,Yes,FOXP3,Ki67_high,122,97,inactive,0
J66-3,Female,80,0,0,Yes,FOXP3,Ki67_high,44,09,active,0
K140-56,Female,56,0,0,No,FOXP3,Ki67_high,98,35,active,0
L69-4,Male,82,0,0,No,CD68,Ki67_high,46,99,indifferent,0
M150-74,Female,81,1,0,Yes,FOXP3,Ki67_low,128,53,Unknown,0
Z81-38,Female,80,0,0,Yes,CD4,Ki67_low,59,17,inactive,0
A78-48,Male,79,0,0,No,CD68,Ki67_low,56,27,Unknown,0
B403-87,Female,78,0,0,Yes,NK,Ki67_high,181,66,active,0
X87,Male,78,0,0,No,CD68,Ki67_low,64,79,Unknown,0
D84-68,Female,77,0,0,Yes,FOXP3,Ki67_high,62,47,indifferent,0
Z91-89,Female,75,0,1,Yes,FOXP3,Ki67_low,69,68,inactive,0
A88-97,Male,74,0,1,Yes,CD4,Ki67_high,66,76,active,0
B116-98,Female,74,0,0,Yes,FOXP3,Ki67_low,94,77,active,0
X135-84,Male,73,0,0,No,CD68,Ki67_low,113,61,active,0
D96-64,Female,72,0,0,No,CD68,Ki67_high,74,41,Unknown,0
Z106-53,Male,71,0,0,Yes,FOXP3,Ki67_high,84,32,indifferent,0
A58-44,Male,69,0,0,Yes,FOXP3,Ki67_high,36,21,indifferent,0
B79-64,Female,69,0,0,No,FOXP3,Ki67_high,57,41,active,0
A141-84,Male,68,0,0,No,CD68,Ki67_low,119,63,Unknown,0
B78-05,Male,68,0,0,Yes,FOXP3,Ki67_high,55,84,active,0
X77-16,Male,68,1,1,Yes,FOXP3,Ki67_high,54,95,active,0
D86-3,Female,67,0,0,Yes,FOXP3,Ki67_low,64,09,active,0
Z83-55,Female,67,0,0,Yes,NK,Ki67_low,61,34,indifferent,0
A104,Female,67,0,0,No,FOXP3,Ki67_high,79,79,inactive,0
B68-07,Female,66,0,0,No,FOXP3,Ki67_low,45,86,inactive,0
X81-77,Male,66,0,0,No,FOXP3,Ki67_high,59,56,active,0
D84-64,Male,65,0,0,No,NK,Ki67_high,60,41,inactive,0
Z104-03,Female,64,0,0,Yes,FOXP3,Ki67_low,79,82,Unknown,0
A435-06,Male,63,1,0,Yes,CD4,Ki67_low,212,85,indifferent,0
G57-54,Female,63,0,1,Yes,FOXP3,Ki67_high,35,31,indifferent,0
H76-98,Female,62,0,0,Yes,CD4,Ki67_low,54,77,active,0
I84-31,Female,59,0,0,Yes,NK,Ki67_low,60,1,active,0
J83-84,Female,57,0,0,Yes,FOXP3,Ki67_low,61,63,Unknown,0
K98-14,Female,57,0,0,Yes,NK,Ki67_low,75,93,indifferent,0
L84-04,Female,57,0,0,Yes,FOXP3,Ki67_high,61,83,Unknown,0
M94-44,Male,57,0,0,No,CD68,Ki67_high,70,03,Unknown,0
N94-94,Female,55,0,0,No,CD68,Ki67_low,72,71,Unknown,0
O114-7,Female,55,0,0,No,FOXP3,Ki67_high,90,49,active,0
P74-34,Male,54,0,0,No,FOXP3,Ki67_low,52,13,active,0
Q74-99,Female,54,0,0,Yes,FOXP3,Ki67_low,50,78,Unknown,0
R104-9,Male,53,0,0,No,FOXP3,Ki67_low,82,69,active,0
Z99-96,Male,51,0,0,Yes,FOXP3,Ki67_high,77,75,active,0
A85-47,Male,51,0,0,Yes,FOXP3,Ki67_low,63,06,Unknown,0
B60-34,Male,51,0,0,Yes,FOXP3,Ki67_low,38,11,inactive,0
X94-14,Female,50,0,0,Yes,FOXP3,Ki67_high,71,93,inactive,0
D195-43,Male,49,0,0,Yes,NK,Ki67_low,173,22,active,0
Z400-45,Male,47,0,0,Yes,CD4,Ki67_high,178,04,active,0
A90-31,Male,47,0,0,No,CD4,Ki67_high,68,1,inactive,0
B95-33,Female,45,0,0,Yes,CD4,Ki67_low,73,12,active,0
X85-65,Female,45,0,0,No,CD68,Ki67_high,63,44,Unknown,0
D443-64,Female,43,0,0,Yes,CD4,Ki67_low,201,43,inactive,0
Z76-43,Female,42,0,0,Yes,CD4,Ki67_high,54,22,Unknown,0
A98-66,Female,42,0,0,No,FOXP3,Ki67_low,76,45,Unknown,0
B75-84,Male,42,0,0,No,CD68,Ki67_low,53,63,Unknown,0
A85-46,Female,55,0,0,Yes,FOXP3,Ki67_low,63,25,active,0
B81-33,Male,56,0,0,No,CD68,Ki67_low,59,12,Unknown,0
X199-78,Female,82,1,0,No,FOXP3,Ki67_low,177,57,Unknown,0
D176-44,Male,82,0,0,Yes,FOXP3,Ki67_low,154,21,Unknown,0
Z101-56,Female,82,1,1,Yes,NK,Ki67_low,79,35,active,0
A84-48,Female,82,0,0,Yes,FOXP3,Ki67_low,62,27,indifferent,0
B93-41,Male,81,0,0,No,CD68,Ki67_low,71,27.3,Unknown,0
X74-88,Male,80,0,0,No,FOXP3,Ki67_low,50,67,active,0
D84-1,Male,78,0,0,No,FOXP3,Ki67_low,61,89,Unknown,0
Z74-84,Male,78,0,0,Yes,CD4,Ki67_high,50,63,Unknown,0
A70-89,Female,78,0,0,No,FOXP3,Ki67_low,48,68,active,0
G108-14,Female,78,0,0,Yes,FOXP3,Ki67_high,85,93,indifferent,0
H444-3,Female,78,0,0,Yes,CD4,Ki67_high,222,09,active,0
I88-04,Male,77,0,0,Yes,FOXP3,Ki67_high,65,83,indifferent,0
J65-84,Male,77,0,0,No,CD68,Ki67_high,43,63,Unknown,0
K106-73,Male,76,0,0,Yes,FOXP3,Ki67_high,84,52,active,0
L106-03,Male,76,0,0,No,FOXP3,Ki67_low,83,82,Unknown,0
M80-88,Female,75,0,0,No,CD4,Ki67_low,58,67,indifferent,0
N140-1,Male,74,0,0,No,CD68,Ki67_low,117,89,active,0
O147-4,Male,74,0,0,Yes,FOXP3,Ki67_low,105,19,indifferent,0
P87-74,Female,74,0,0,No,FOXP3,Ki67_low,65,51,active,0
Q58-43,Male,72,0,0,Yes,CD4,Ki67_high,36,02,indifferent,0
R69-37,Male,71,0,0,Yes,FOXP3,Ki67_high,47,16,indifferent,0
Z58-64,Female,70,0,0,Yes,FOXP3,Ki67_low,36,43,active,0
A59-67,Female,70,0,0,No,CD4,Ki67_low,37,46,inactive,0
B78-08,Female,69,0,0,No,FIBRO,Ki67_low,55,87,active,0
X105-08,Female,68,0,0,No,FOXP3,Ki67_low,82,87,active,0
D89-3,Female,68,0,0,No,FOXP3,Ki67_low,67,09,active,0
Z61-38,Female,68,0,0,Yes,CD4,Ki67_high,39,17,Unknown,0
A56-11,Female,66,0,0,Yes,FOXP3,Ki67_high,33,9,indifferent,0
B443-16,Male,66,0,0,Yes,FOXP3,Ki67_low,200,95,Unknown,0
X75-53,Male,65,0,0,Yes,CD4,Ki67_low,53,32,indifferent,0
D107-47,Male,63,0,0,No,FOXP3,Ki67_low,85,26,active,0
Z76,Female,60,0,0,Yes,FOXP3,Ki67_low,53,79,Unknown,0
A90-48,Male,60,0,0,Yes,FOXP3,Ki67_low,68,07,active,0
B65-44,Female,60,0,0,Yes,FOXP3,Ki67_low,43,01,active,0
A86-44,Male,59,0,0,No,FOXP3,Ki67_low,64,03,Unknown,0
B166-38,Male,58,0,0,Yes,CD4,Ki67_low,144,17,active,0
X78-91,Female,57,0,0,Yes,FOXP3,Ki67_low,56,7,Unknown,0
D446-48,Female,57,0,0,No,CD4,Ki67_low,204,07,Unknown,0
Z90-73,Male,57,0,0,Yes,FOXP3,Ki67_low,68,52,inactive,0
A174-86,Male,57,0,0,Yes,FOXP3,Ki67_high,150,65,active,0
B413-94,Female,57,0,0,Yes,NK,Ki67_high,191,71,active,0
X94-43,Male,54,0,0,Yes,FOXP3,Ki67_low,70,02,active,0
D79-81,Male,54,0,0,Yes,FOXP3,Ki67_low,57,6,active,0
Z81-78,Male,52,0,0,Yes,CD4,Ki67_high,59,57,Unknown,0
A104,Female,52,0,0,Yes,FOXP3,Ki67_high,79,79,active,0
G68-44,Female,51,0,0,Yes,FOXP3,Ki67_high,46,21,inactive,0
H94-68,Male,50,0,0,Yes,FOXP3,Ki67_low,72,47,Unknown,0
I145-33,Female,49,0,0,Yes,CD4,Ki67_high,103,12,Unknown,0
J414-19,Female,48,0,0,Yes,NK,Ki67_low,189,98,active,0
K89,Male,48,0,0,Yes,FOXP3,Ki67_low,66,79,indifferent,0
L60-98,Male,42,1,1,Yes,FOXP3,Ki67_high,38,77,indifferent,0
M58-19,Male,41,0,0,Yes,FOXP3,Ki67_low,35,98,inactive,0
N67-68,Female,38,0,0,No,CD68,Ki67_high,45,47,Unknown,0
O84-99,Female,38,0,0,Yes,CD4,Ki67_high,62,78,Unknown,0
P64-13,Female,82,1,0,Yes,FOXP3,Ki67_low,39,92,active,0
Q57-1,Female,82,0,0,Yes,FOXP3,Ki67_high,34,89,active,0
R97-95,Male,81,0,0,Yes,FOXP3,Ki67_low,75,74,inactive,0
Z94-06,Female,81,0,0,No,CD68,Ki67_high,71,85,Unknown,0
A93-88,Female,81,0,0,Yes,NK,Ki67_low,71,67,Unknown,0
B90-3,Male,80,0,0,Yes,FOXP3,Ki67_high,68,09,indifferent,0
X83-14,Female,80,0,0,Yes,FOXP3,Ki67_low,60,93,active,0
D118-66,Male,77,0,0,No,CD68,Ki67_low,96,45,Unknown,0
Z100-47,Male,77,0,0,Yes,FOXP3,Ki67_high,78,26,indifferent,0
A90-78,Male,77,0,0,Yes,FOXP3,Ki67_low,68,57,Unknown,0
B66-46,Male,77,0,0,Yes,FOXP3,Ki67_low,44,25,indifferent,0
X73-56,Female,76,0,0,Yes,CD4,Ki67_low,51,35,indifferent,0
D400-8,Female,76,0,0,Yes,FOXP3,Ki67_low,178,59,Unknown,0
Z57-48,Female,76,0,0,No,CD68,Ki67_low,35,07,active,0
A94-87,Male,74,0,0,No,FOXP3,Ki67_high,70,66,inactive,0
B96-47,Male,74,0,0,No,CD68,Ki67_high,74,26,Unknown,0
A99-44,Female,74,0,0,Yes,CD4,Ki67_low,77,23,indifferent,0
B77-96,Female,73,0,0,Yes,FOXP3,Ki67_low,55,75,inactive,0
X60-13,Female,71,1,0,Yes,FOXP3,Ki67_high,37,92,active,0
D88-17,Female,71,0,0,Yes,FOXP3,Ki67_high,65,96,indifferent,0
Z84-41,Male,70,0,0,No,FOXP3,Ki67_high,62,2,active,0
A74-34,Male,68,0,0,Yes,FOXP3,Ki67_high,50,13,Unknown,0
B68-74,Female,68,0,0,No,FOXP3,Ki67_high,46,51,active,0
X444-58,Female,66,0,0,Yes,NK,Ki67_low,200,37,inactive,0
D66-06,Male,65,0,0,Yes,FOXP3,Ki67_high,43,85,indifferent,0
Z156-43,Female,64,0,0,Yes,FOXP3,Ki67_high,134,22,indifferent,0
A105-76,Male,61,0,0,No,NK,Ki67_low,83,55,indifferent,0
G73-07,Male,61,0,0,Yes,CD4,Ki67_high,50,86,inactive,0
H99-48,Female,60,0,0,Yes,FOXP3,Ki67_high,77,27,active,0
I79-6,Male,60,0,0,No,FOXP3,Ki67_high,57,39,Unknown,0
J70,Female,59,0,0,Yes,NK,Ki67_low,47,79,active,0
K114-98,Female,55,0,0,Yes,CD4,Ki67_high,90,77,indifferent,0
L61-07,Male,53,0,0,No,CD68,Ki67_low,38,86,Unknown,0
M63-43,Male,53,0,0,No,CD68,Ki67_high,41,22,Unknown,0
N73-4,Female,52,0,0,No,FOXP3,Ki67_low,50,99,inactive,0
O104-73,Female,50,0,0,Yes,NK,Ki67_low,80,52,indifferent,0
P74-88,Female,50,0,0,Yes,NK,Ki67_high,52,67,active,0
Q144-43,Female,50,0,0,Yes,FOXP3,Ki67_low,100,22,active,0
R84-41,Female,49,0,0,Yes,NK,Ki67_low,62,33.7,active,0
Z80-44,Female,47,0,0,Yes,NK,Ki67_high,58,21,indifferent,0
A80-44,Male,47,0,0,Yes,FOXP3,Ki67_low,58,23,active,0
B80-63,Female,43,0,0,Yes,NK,Ki67_high,58,42,active,0
X406-53,Female,42,1,1,Yes,FOXP3,Ki67_high,184,32,active,0
D104-14,Female,42,0,0,Yes,FOXP3,Ki67_low,81,91,active,0
Z96-84,Female,42,0,0,Yes,NK,Ki67_high,74,61,active,0
A88-1,Female,92,0,0,Yes,NK,Ki67_low,65,89,active,0
B64-85,Male,59,0,0,No,NK,Ki67_high,42,64,Unknown,0
X104-87,Female,82,0,0,Yes,FOXP3,Ki67_high,80,66,inactive,0
D83-75,Male,81,0,0,No,CD68,Ki67_low,61,54,Unknown,0
Z97-68,Male,78,0,0,Yes,NK,Ki67_high,75,47,indifferent,0
A97-58,Female,78,0,0,Yes,FOXP3,Ki67_low,75,37,indifferent,0
B74-16,Female,78,0,0,Yes,FOXP3,Ki67_high,51,95,active,0
A86,Female,77,0,0,No,CD68,Ki67_low,63,79,Unknown,0
B100-93,Female,75,0,0,Yes,CD4,Ki67_low,78,72,active,0
X434-78,Male,71,1,0,Yes,FOXP3,Ki67_low,210,57,indifferent,0
D86-96,Male,71,0,0,Yes,FOXP3,Ki67_high,64,75,indifferent,0
Z67-5,Female,68,0,0,Yes,NK,Ki67_low,45,29,indifferent,0
A81-41,Male,66,0,0,Yes,FOXP3,Ki67_low,59,33.2,inactive,0
B110-14,Male,62,0,0,Yes,FOXP3,Ki67_high,87,93,inactive,0
X140-44,Male,59,0,0,Yes,FOXP3,Ki67_low,98,23,active,0
D187-47,Male,59,0,1,Yes,NK,Ki67_low,165,26,active,0
Z94-64,Male,58,0,1,No,CD4,Ki67_low,72,41,Unknown,0
A89-57,Female,57,0,0,No,FOXP3,Ki67_high,67,36,active,0
G95-31,Female,57,0,0,No,FOXP3,Ki67_low,73,1,active,0
H75-07,Male,56,0,0,No,CD4,Ki67_high,52,86,active,0
I106-65,Female,55,0,0,Yes,FOXP3,Ki67_high,84,44,indifferent,0
J434-06,Female,54,0,0,Yes,NK,Ki67_low,211,85,active,0
K144-15,Male,52,0,0,No,FOXP3,Ki67_high,121,94,active,0
L58-81,Female,50,0,0,No,FOXP3,Ki67_low,36,6,active,0
M444-64,Male,50,0,0,Yes,NK,Ki67_low,220,41,active,0
N93-04,Male,49,0,0,Yes,FOXP3,Ki67_low,70,83,active,0
O65-68,Female,49,0,1,Yes,NK,Ki67_high,43,47,Unknown,0
P150,Male,48,0,0,No,CD68,Ki67_low,127,79,Unknown,0
Q63-56,Male,48,0,0,Yes,FOXP3,Ki67_low,41,35,Unknown,0
R96-98,Female,48,0,0,No,FOXP3,Ki67_high,74,77,active,0
Z66-7,Female,47,0,0,No,FOXP3,Ki67_high,44,49,active,0
A79-66,Male,46,0,0,Yes,FOXP3,Ki67_high,57,45,Unknown,0
B90-16,Female,46,0,0,Yes,CD4,Ki67_high,67,95,active,0
X104-09,Female,41,0,0,No,FOXP3,Ki67_high,81,88,Unknown,0
D90-96,Female,40,0,0,Yes,FOXP3,Ki67_high,68,75,indifferent,0
Z154-38,Female,39,1,0,Yes,NK,Ki67_high,130,17,active,0
A114-54,Female,81,0,0,Yes,NK,Ki67_high,92,33,inactive,0
B174-54,Female,81,1,0,Yes,NK,Ki67_low,152,33,active,0
X106-47,Female,78,0,0,Yes,FOXP3,Ki67_high,84,26,Unknown,0
D73-63,Female,78,0,0,No,FOXP3,Ki67_low,51,42,inactive,0
Z98-54,Female,77,0,0,Yes,CD4,Ki67_low,76,31,indifferent,0
A64-93,Male,74,0,0,Yes,NK,Ki67_high,40,72,inactive,0
B67-87,Female,73,0,0,No,FOXP3,Ki67_low,45,66,indifferent,0
A140-43,Female,72,0,0,No,CD68,Ki67_high,98,22,Unknown,0
B76-56,Female,71,0,0,No,FOXP3,Ki67_high,54,35,active,0
X108-03,Female,70,0,0,Yes,FOXP3,Ki67_low,85,82,active,0
D83-16,Male,70,0,0,Yes,FOXP3,Ki67_high,60,95,indifferent,0
Z67-9,Female,68,0,0,Yes,NK,Ki67_high,45,69,active,0
A115-46,Male,68,0,0,No,FOXP3,Ki67_high,93,25,Unknown,0
B143-94,Female,66,0,0,Yes,FOXP3,Ki67_high,101,73,active,0
X431-54,Female,65,0,0,Yes,CD4,Ki67_low,209,33,active,0
D419-8,Female,63,1,0,Yes,CD4,Ki67_low,197,59,indifferent,0
Z187-99,Female,62,0,0,No,FOXP3,Ki67_high,165,78,inactive,0
A434-45,Male,61,0,0,Yes,FOXP3,Ki67_high,212,24,indifferent,0
G75-47,Male,60,0,0,Yes,FOXP3,Ki67_high,53,26,indifferent,0
H98-44,Male,60,0,0,Yes,FOXP3,Ki67_high,76,03,active,0
I66-4,Male,59,0,0,Yes,CD4,Ki67_high,43,99,Unknown,0
J94-67,Female,54,0,0,No,FOXP3,Ki67_high,72,46,Unknown,0
K75-95,Male,54,1,0,No,FOXP3,Ki67_low,53,74,active,0
L111-79,Female,52,0,0,Yes,CD4,Ki67_high,89,58,inactive,0
M80-89,Female,51,0,0,No,CD68,Ki67_high,58,68,Unknown,0
N86-91,Female,51,0,0,Yes,CD4,Ki67_high,64,7,indifferent,0
O59-36,Female,50,0,0,Yes,FOXP3,Ki67_low,37,15,inactive,0
P440-69,Female,47,0,1,Yes,NK,Ki67_low,218,48,inactive,0
Q66-67,Female,46,0,0,No,FOXP3,Ki67_high,44,46,active,0
R87-54,Female,45,0,0,No,FOXP3,Ki67_high,65,33,active,0
Z139-87,Male,43,0,0,No,NK,Ki67_low,117,66,inactive,0
A67-94,Male,43,0,0,Yes,FOXP3,Ki67_high,45,71,active,0
B83-64,Female,41,0,0,Yes,FOXP3,Ki67_low,61,41,Unknown,0
X110-97,Female,39,0,0,No,CD68,Ki67_high,88,76,Unknown,0
D70-53,Female,81,0,0,Yes,FOXP3,Ki67_high,48,32,active,0
Z115-91,Female,81,0,0,Yes,NK,Ki67_high,93,7,indifferent,0
A59-74,Male,81,0,0,Yes,FOXP3,Ki67_low,37,53,inactive,0
B64-64,Male,80,0,0,Yes,FOXP3,Ki67_high,40,43,active,0
X84-81,Male,80,0,0,No,CD68,Ki67_high,62,6,active,0
D78-68,Female,80,1,0,Yes,NK,Ki67_low,56,47,active,0
Z417-57,Male,80,0,0,Yes,FOXP3,Ki67_low,195,36,indifferent,0
A79-76,Female,79,0,0,No,CD68,Ki67_high,57,55,Unknown,0
B63-48,Female,79,1,0,Yes,CD4,Ki67_high,41,07,active,0
A78-48,Male,78,0,0,No,CD4,Ki67_high,56,27,active,0
B70-48,Female,77,0,0,Yes,CD4,Ki67_high,48,27,active,0
X140-96,Female,77,0,0,No,FOXP3,Ki67_high,98,75,indifferent,0
D77-49,Female,74,0,0,Yes,NK,Ki67_high,55,08,active,0
Z108-51,Male,72,0,0,Yes,FOXP3,Ki67_low,86,3,Unknown,0
A113-85,Male,70,0,0,No,NK,Ki67_low,91,64,Unknown,0
B97-65,Female,70,0,0,No,FIBRO,Ki67_low,75,44,Unknown,0
X141-83,Male,69,0,0,Yes,FOXP3,Ki67_high,99,62,indifferent,0
D81-53,Female,68,0,0,No,CD68,Ki67_low,59,32,Unknown,0
Z58-35,Male,67,0,0,Yes,CD4,Ki67_low,36,14,active,0
A65-44,Female,64,0,0,Yes,FOXP3,Ki67_low,43,21,indifferent,0
G69-34,Male,61,0,0,Yes,FOXP3,Ki67_high,47,13,active,0
H109-09,Male,59,0,0,Yes,NK,Ki67_low,86,88,inactive,0
I66-71,Female,59,0,0,Yes,NK,Ki67_low,44,5,active,0
J114-94,Female,59,0,0,Yes,FOXP3,Ki67_high,92,71,Unknown,0
K140-58,Female,58,0,0,No,FOXP3,Ki67_high,98,37,active,0
L165-36,Female,58,0,0,No,FOXP3,Ki67_high,143,15,inactive,0
M66-11,Male,56,0,0,No,CD68,Ki67_low,43,9,Unknown,0
N146-34,Female,52,1,1,Yes,FOXP3,Ki67_high,104,13,inactive,0
O68-47,Female,51,0,0,No,FIBRO,Ki67_high,46,06,active,0
P94-86,Male,51,0,0,No,FOXP3,Ki67_high,70,65,active,0
Q96-77,Male,49,0,0,No,NK,Ki67_high,74,56,indifferent,0
R89-44,Male,45,0,0,No,CD68,Ki67_high,67,03,Unknown,0
Z89-34,Female,44,0,0,Yes,FOXP3,Ki67_high,67,11,indifferent,0
A107-06,Male,43,0,0,Yes,FOXP3,Ki67_high,84,85,inactive,0
B65-63,Female,43,0,0,Yes,FOXP3,Ki67_low,43,42,inactive,0
X143-66,Male,43,0,0,No,CD68,Ki67_low,101,45,Unknown,0
D63-84,Male,41,0,0,No,FOXP3,Ki67_high,41,61,inactive,0
Z108-06,Male,38,0,0,No,CD68,Ki67_high,85,85,Unknown,0
A136-18,Male,88,0,0,Yes,NK,Ki67_high,113,97,Unknown,0
B71-49,Male,65,1,0,No,CD4,Ki67_low,49,08,active,0
X76-58,Male,79,0,0,Yes,CD4,Ki67_high,54,37,active,0
D119-58,Male,79,0,0,No,FOXP3,Ki67_high,97,37,active,0
Z109-3,Female,79,0,0,No,CD68,Ki67_low,87,09,Unknown,0
A111-94,Female,78,0,0,Yes,CD4,Ki67_low,89,73,active,0
B81-64,Male,78,0,0,Yes,FOXP3,Ki67_low,59,43,active,0
A97-64,Male,78,0,0,No,CD68,Ki67_high,75,43,Unknown,0
B110-34,Female,78,0,0,Yes,FOXP3,Ki67_high,88,11,active,0
X79,Female,77,0,0,No,FOXP3,Ki67_high,56,79,active,0
D95-08,Female,76,0,0,Yes,NK,Ki67_low,72,87,active,0
Z137-47,Male,76,0,0,No,FOXP3,Ki67_low,115,06,active,0
A57-83,Female,75,0,0,No,NK,Ki67_low,35,62,inactive,0
B84-08,Male,75,0,0,Yes,FOXP3,Ki67_high,61,87,active,0
X434-51,Male,74,1,0,Yes,FOXP3,Ki67_low,212,3,indifferent,0
D144-64,Male,73,0,0,Yes,FOXP3,Ki67_low,120,43,inactive,0
Z69-77,Female,73,0,0,Yes,NK,Ki67_high,47,56,active,0
A71-4,Female,71,0,0,Yes,FOXP3,Ki67_low,49,19,inactive,0
G79-61,Female,71,0,0,No,FOXP3,Ki67_low,57,4,Unknown,0
H77-46,Female,69,0,0,No,FOXP3,Ki67_high,55,25,Unknown,0
I96-85,Female,69,0,0,No,FOXP3,Ki67_low,74,64,Unknown,0
J184-44,Female,68,1,0,No,CD4,Ki67_low,160,01,indifferent,0
K67-46,Female,68,0,0,Yes,NK,Ki67_low,45,05,indifferent,0
L60-04,Female,67,0,0,Yes,FOXP3,Ki67_high,37,81,indifferent,0
M113-45,Female,63,0,0,Yes,NK,Ki67_low,91,24,active,0
Z114-31,Female,63,0,0,Yes,NK,Ki67_low,90,1,Unknown,0
A68-53,Female,62,0,0,Yes,NK,Ki67_high,46,32,active,0
B57-15,Female,62,1,0,Yes,FOXP3,Ki67_high,34,94,active,0
X414-73,Female,60,0,0,Yes,FOXP3,Ki67_high,192,52,active,0
D91-84,Female,60,0,0,Yes,FOXP3,Ki67_high,69,61,Unknown,0
Z71-8,Female,58,0,0,No,CD68,Ki67_low,49,59,Unknown,0
A63-41,Female,58,0,0,No,FOXP3,Ki67_low,41,2,indifferent,0
B106-44,Male,57,0,0,Yes,FOXP3,Ki67_low,84,03,active,0
X83-01,Male,57,0,0,Yes,CD4,Ki67_high,60,8,inactive,0
D67-94,Male,56,0,0,Yes,FOXP3,Ki67_high,45,71,indifferent,0
Z74-99,Female,54,0,0,No,FOXP3,Ki67_high,52,78,inactive,0
A75-44,Female,54,0,0,No,CD68,Ki67_high,53,01,Unknown,0
B61-88,Female,54,0,0,No,FOXP3,Ki67_low,39,67,active,0
A65-67,Female,54,0,0,Yes,FOXP3,Ki67_low,43,46,inactive,0
B110-18,Female,54,0,0,Yes,FOXP3,Ki67_low,87,97,inactive,0
X119-3,Male,53,1,0,Yes,NK,Ki67_high,97,09,indifferent,0
D408-69,Male,53,0,0,Yes,CD4,Ki67_high,186,48,Unknown,0
Z95-18,Male,53,0,0,No,FOXP3,Ki67_high,72,97,inactive,0
A107-74,Female,52,0,0,Yes,FOXP3,Ki67_low,85,51,Unknown,0
B83-47,Male,51,0,0,No,CD68,Ki67_high,61,06,Unknown,0
X90-49,Female,51,0,0,No,FOXP3,Ki67_high,68,08,Unknown,0
D81-87,Male,51,0,0,No,CD68,Ki67_low,59,66,Unknown,0
Z153-31,Male,47,0,0,No,CD68,Ki67_low,131,1,Unknown,0
A101-46,Male,46,0,0,Yes,FOXP3,Ki67_high,79,25,Unknown,0
G74-49,Female,45,0,0,No,CD68,Ki67_low,50,28,Unknown,0
H86-58,Male,44,0,0,Yes,FOXP3,Ki67_high,64,37,active,0
I113-46,Female,44,0,0,Yes,FOXP3,Ki67_low,91,05,active,0
J84-94,Female,44,0,0,Yes,FOXP3,Ki67_low,62,71,active,0
K148-17,Female,43,0,0,No,CD68,Ki67_low,105,96,Unknown,0
L93-93,Male,43,0,0,Yes,CD4,Ki67_high,71,72,indifferent,0
M99-87,Male,43,0,0,No,CD68,Ki67_low,77,66,Unknown,0
N149-31,Female,39,0,0,Yes,FOXP3,Ki67_low,107,1,indifferent,0
O89-43,Female,38,0,0,Yes,CD4,Ki67_low,67,22,indifferent,0
P101-6,Female,82,0,0,No,CD68,Ki67_high,79,39,active,0
Q66-55,Female,82,0,0,No,FOXP3,Ki67_high,44,34,inactive,0
R431-74,Female,81,1,1,Yes,FOXP3,Ki67_high,209,51,indifferent,0
Z96-69,Female,80,0,0,No,FOXP3,Ki67_low,74,48,Unknown,0
A104-13,Male,79,0,0,Yes,FOXP3,Ki67_high,79,92,active,0
B100-88,Female,79,0,0,Yes,FOXP3,Ki67_low,78,67,inactive,0
X66-44,Male,78,0,0,Yes,FOXP3,Ki67_high,44,01,Unknown,0
D109-33,Female,77,0,0,No,CD68,Ki67_low,87,12,Unknown,0
Z406-53,Female,76,0,0,Yes,FOXP3,Ki67_low,184,32,inactive,0
A83-91,Female,70,0,0,Yes,FOXP3,Ki67_high,61,7,Unknown,0
B67-94,Female,68,0,0,No,FOXP3,Ki67_low,45,71,active,0
X73-48,Female,68,0,0,No,CD68,Ki67_high,51,27,Unknown,0
D101-31,Male,68,0,0,No,CD68,Ki67_high,79,1,Unknown,0
Z103-66,Female,67,0,0,Yes,FOXP3,Ki67_low,81,45,inactive,0
A70-73,Male,66,0,0,Yes,NK,Ki67_low,48,52,indifferent,0
B77-45,Female,65,0,0,No,CD4,Ki67_high,55,24,indifferent,0
A193-8,Female,60,0,1,Yes,FOXP3,Ki67_low,171,59,active,0
B114-34,Female,59,0,0,No,CD68,Ki67_high,92,13,active,0
X69-45,Male,56,0,0,No,CD68,Ki67_low,47,04,Unknown,0
D88-44,Female,55,0,0,No,CD68,Ki67_high,66,23,Unknown,0
Z84-09,Male,55,0,0,Yes,FOXP3,Ki67_high,61,88,indifferent,0
A87-06,Female,54,0,0,Yes,FOXP3,Ki67_low,64,85,active,0
B94-64,Female,54,0,0,Yes,FOXP3,Ki67_high,70,43,active,0
X99-36,Female,53,0,0,Yes,FOXP3,Ki67_low,77,15,inactive,0
D135-63,Female,52,0,0,Yes,FOXP3,Ki67_high,113,42,indifferent,0
Z84-44,Male,50,0,0,No,CD68,Ki67_high,60,23,Unknown,0
A81-88,Male,48,0,0,No,CD68,Ki67_low,59,67,Unknown,0
G95-44,Female,48,0,0,Yes,NK,Ki67_low,73,23,inactive,0
H74-71,Female,48,0,0,No,NK,Ki67_low,50,5,active,0
I65-45,Female,47,0,0,Yes,FOXP3,Ki67_low,43,24,active,0
J403-01,Female,42,0,0,Yes,FOXP3,Ki67_low,180,8,active,0
K110-84,Female,42,0,0,Yes,CD4,Ki67_low,88,63,inactive,0
L83-14,Male,80,0,0,Yes,FOXP3,Ki67_low,60,91,Unknown,0
M55-14,Female,79,0,0,No,FOXP3,Ki67_high,32,91,active,0
N105-91,Female,78,0,0,No,FOXP3,Ki67_high,83,7,active,0
O61-57,Female,78,0,0,Yes,FOXP3,Ki67_high,39,36,indifferent,0
P83-1,Female,77,0,0,Yes,CD4,Ki67_low,60,89,inactive,0
Q66-34,Female,77,0,0,Yes,FOXP3,Ki67_low,44,11,active,0
R74-56,Female,76,0,0,Yes,CD4,Ki67_low,50,35,active,0
Z97-99,Male,75,1,0,Yes,NK,Ki67_high,75,78,inactive,0
A63-47,Female,72,0,0,No,FOXP3,Ki67_low,41,06,active,0
B79-6,Female,71,0,0,No,CD4,Ki67_low,57,39,active,0
X177-56,Female,70,1,0,Yes,FOXP3,Ki67_high,155,35,active,0
D81-31,Female,68,0,0,Yes,FOXP3,Ki67_high,59,1,active,0
Z59-91,Female,68,0,0,Yes,NK,Ki67_high,37,7,active,0
A134-85,Female,66,0,0,No,CD68,Ki67_high,110,64,active,0
B198-84,Male,63,0,0,Yes,FOXP3,Ki67_high,176,63,indifferent,0
X77-14,Male,62,0,0,No,CD68,Ki67_low,54,91,Unknown,0
D87-17,Male,60,0,0,No,FOXP3,Ki67_low,64,96,active,0
Z96-03,Female,60,0,0,Yes,FOXP3,Ki67_high,73,82,Unknown,0
A83-56,Female,58,0,0,No,FOXP3,Ki67_high,61,35,Unknown,0
B80-93,Female,55,0,0,No,CD68,Ki67_high,58,72,Unknown,0
A84-54,Female,53,0,0,Yes,FOXP3,Ki67_high,62,33,inactive,0
B70-51,Female,49,0,0,Yes,FOXP3,Ki67_low,48,3,active,0
X56-87,Male,38,0,0,Yes,FOXP3,Ki67_high,34,66,indifferent,0
D67-55,Female,82,0,0,Yes,NK,Ki67_low,45,34,Unknown,0
Z443-54,Female,82,0,0,Yes,FOXP3,Ki67_low,221,31,inactive,0
A108-63,Female,82,0,0,No,CD68,Ki67_low,86,42,Unknown,0
B69-06,Female,81,0,0,No,FOXP3,Ki67_high,46,85,inactive,0
X73-89,Female,81,0,0,Yes,FOXP3,Ki67_low,51,68,indifferent,0
D84-49,Male,81,0,0,No,FOXP3,Ki67_low,62,28,active,0
Z73-71,Female,81,0,0,Yes,CD4,Ki67_low,51,5,active,0
A149-01,Female,81,0,0,No,CD4,Ki67_low,106,8,Unknown,0
G74-96,Male,81,0,0,Yes,CD4,Ki67_low,50,75,inactive,0
H110-43,Male,80,0,0,No,FOXP3,Ki67_high,88,02,Unknown,0
I79-49,Male,80,0,0,Yes,CD4,Ki67_high,57,28,Unknown,0
J89-33,Male,79,0,0,Yes,FOXP3,Ki67_low,67,12,active,0
K68-38,Female,78,0,0,Yes,FOXP3,Ki67_high,46,17,Unknown,0
L438-47,Male,78,0,1,Yes,FOXP3,Ki67_high,216,06,inactive,0
M135-79,Female,78,0,0,Yes,CD4,Ki67_low,113,58,indifferent,0
N84-19,Female,77,0,0,No,FOXP3,Ki67_high,59,98,active,0
O93-4,Male,77,1,0,Yes,NK,Ki67_low,70,99,inactive,0
P408-31,Female,76,0,0,Yes,NK,Ki67_low,186,1,indifferent,0
Q111-33,Male,74,0,0,Yes,FOXP3,Ki67_high,89,12,active,0
R69-84,Female,73,0,0,No,CD68,Ki67_high,47,63,Unknown,0
Z141-71,Male,73,0,0,No,CD68,Ki67_high,99,5,active,0
A80-08,Male,72,0,0,No,CD68,Ki67_low,57,87,Unknown,0
B84-4,Male,72,0,0,No,CD68,Ki67_low,62,19,Unknown,0
X98-61,Female,72,1,0,Yes,CD4,Ki67_high,76,4,inactive,0
D86-61,Male,70,1,0,No,FOXP3,Ki67_low,64,4,inactive,0
Z80-44,Female,69,0,0,Yes,FOXP3,Ki67_low,58,23,active,0
A107-04,Male,68,0,0,No,CD68,Ki67_high,84,81,Unknown,0
B97-43,Male,68,0,0,No,FOXP3,Ki67_high,75,02,active,0
X91-41,Male,67,0,0,No,FOXP3,Ki67_high,69,28.1,indifferent,0
D103-69,Female,65,1,0,Yes,NK,Ki67_low,81,48,inactive,0
Z74-14,Female,65,0,0,Yes,FOXP3,Ki67_low,51,91,indifferent,0
A71-08,Female,64,0,0,Yes,FOXP3,Ki67_low,48,87,active,0
B58-39,Female,64,0,0,No,FOXP3,Ki67_low,36,18,active,0
A176-34,Female,63,1,0,Yes,NK,Ki67_high,154,13,active,0
B73-76,Male,63,0,0,Yes,FOXP3,Ki67_high,51,55,active,0
X67-41,Female,61,0,0,No,FOXP3,Ki67_high,45,21.8,indifferent,0
D87-98,Male,59,0,0,No,CD68,Ki67_low,65,77,Unknown,0
Z94-43,Male,58,0,0,No,CD68,Ki67_low,72,02,Unknown,0
A111-36,Male,58,0,0,Yes,NK,Ki67_high,89,15,active,0
B84-07,Female,57,0,0,Yes,FOXP3,Ki67_low,61,86,inactive,0
X117-31,Female,57,0,0,Yes,FOXP3,Ki67_low,95,1,active,0
D84-94,Male,57,0,0,Yes,CD4,Ki67_low,62,73,active,0
Z68-86,Female,56,0,0,No,FOXP3,Ki67_low,46,65,active,0
A134-88,Female,56,0,0,No,FOXP3,Ki67_low,110,67,active,0
G411-83,Male,55,1,0,Yes,NK,Ki67_high,189,62,active,0
H144-94,Female,53,0,0,Yes,FOXP3,Ki67_high,102,71,Unknown,0
I57-44,Female,53,0,0,No,NK,Ki67_low,35,21,active,0
J415-69,Male,52,0,0,Yes,FOXP3,Ki67_low,193,48,indifferent,0
K154-67,Female,51,0,0,Yes,FOXP3,Ki67_low,132,46,active,0
L67-66,Female,51,0,0,No,FOXP3,Ki67_low,45,45,active,0
M153-48,Male,50,0,0,Yes,FOXP3,Ki67_high,131,27,active,0
N64-63,Female,50,0,0,Yes,NK,Ki67_low,40,42,active,0
O77-93,Female,50,0,0,Yes,FOXP3,Ki67_low,55,72,inactive,0
P80-3,Female,50,0,0,No,CD68,Ki67_high,58,09,Unknown,0
Q106-69,Male,50,0,0,Yes,FOXP3,Ki67_low,84,48,Unknown,0
R83-07,Female,50,0,0,Yes,FOXP3,Ki67_low,60,86,indifferent,0
Z140-14,Female,44,0,0,No,FOXP3,Ki67_low,117,93,active,0
A94-65,Female,43,0,0,No,CD68,Ki67_low,70,44,active,0
B111-37,Male,42,0,0,Yes,FOXP3,Ki67_low,89,16,indifferent,0
X99,Female,42,0,0,Yes,FOXP3,Ki67_high,76,79,active,0
D78-44,Male,42,0,0,No,CD68,Ki67_high,56,03,Unknown,0
Z83-88,Female,39,0,0,Yes,CD4,Ki67_high,61,67,active,0
A86-41,Male,38,0,0,No,FOXP3,Ki67_low,64,28.8,inactive,0
B57-06,Female,38,0,0,Yes,FOXP3,Ki67_low,34,85,active,0
X114-45,Female,59,0,0,Yes,FOXP3,Ki67_high,90,04,Unknown,0
D81-06,Male,82,0,0,Yes,FOXP3,Ki67_low,58,85,inactive,0
Z104-37,Male,82,0,0,Yes,FOXP3,Ki67_low,82,16,active,0
A144-31,Female,82,0,0,Yes,FOXP3,Ki67_low,102,1,Unknown,0
B101-95,Female,81,0,0,No,FOXP3,Ki67_low,79,74,indifferent,0
A116-95,Female,79,0,0,No,FOXP3,Ki67_high,94,74,active,0
B99-76,Female,79,0,0,No,CD68,Ki67_low,77,55,Unknown,0
X105-48,Female,78,0,0,No,FOXP3,Ki67_low,83,27,Unknown,0
D100-6,Female,78,0,0,No,FOXP3,Ki67_low,78,39,active,0
Z65-05,Male,78,0,0,No,FOXP3,Ki67_low,42,84,Unknown,0
A75-9,Male,76,0,0,No,FOXP3,Ki67_high,53,69,active,0
B467-6,Male,74,1,0,Yes,FOXP3,Ki67_high,245,39,active,0
X415-07,Male,71,0,0,No,FOXP3,Ki67_low,192,86,inactive,0
D109-03,Female,66,0,0,Yes,CD4,Ki67_low,86,82,Unknown,0
Z445-35,Male,62,0,1,Yes,FOXP3,Ki67_high,203,14,inactive,0
A196-46,Male,61,1,0,Yes,FOXP3,Ki67_high,174,05,Unknown,0
G95-44,Female,59,0,0,Yes,CD4,Ki67_low,73,21,indifferent,0
H143-04,Female,58,0,0,No,CD68,Ki67_high,100,83,Unknown,0
I85-88,Male,56,0,0,No,CD68,Ki67_low,63,67,Unknown,0
J107-43,Female,55,0,0,Yes,FOXP3,Ki67_high,85,22,active,0
K56-85,Female,55,0,0,Yes,FOXP3,Ki67_high,34,64,active,0
L104-15,Female,53,0,0,Yes,CD4,Ki67_high,79,94,Unknown,0
M88-68,Female,51,0,0,Yes,NK,Ki67_high,66,47,active,0
N184-54,Female,51,0,0,Yes,FOXP3,Ki67_low,160,31,Unknown,0
O93-97,Female,49,0,0,Yes,FOXP3,Ki67_low,71,76,active,0
P104-03,Female,48,0,0,No,CD68,Ki67_low,81,82,Unknown,0
Q67-99,Female,46,0,0,Yes,FOXP3,Ki67_high,45,78,active,0
R83-37,Male,46,0,0,No,FOXP3,Ki67_high,61,16,Unknown,0
Z144-66,Male,45,0,0,No,FOXP3,Ki67_high,102,45,active,0
A414-87,Female,43,0,0,Yes,FOXP3,Ki67_high,190,66,active,0
B96-75,Female,43,0,0,Yes,CD4,Ki67_low,74,54,indifferent,0
X63-48,Male,41,0,0,No,FOXP3,Ki67_low,41,07,Unknown,0
D84-64,Female,40,0,0,No,FOXP3,Ki67_low,60,43,Unknown,0
Z71-34,Female,39,0,0,No,FOXP3,Ki67_high,49,13,active,0
A183-43,Female,88,0,0,Yes,FOXP3,Ki67_high,161,22,indifferent,0
B101-19,Female,56,0,0,Yes,CD4,Ki67_low,78,98,indifferent,0
X88-51,Female,82,0,1,Yes,FOXP3,Ki67_high,66,3,active,0
D146-85,Female,79,0,0,Yes,NK,Ki67_high,104,64,indifferent,0
Z74-17,Female,78,0,0,Yes,NK,Ki67_low,51,96,indifferent,0
A76-04,Female,78,0,0,Yes,FOXP3,Ki67_low,53,83,inactive,0
B73-87,Female,78,0,0,Yes,FOXP3,Ki67_low,51,66,inactive,0
A99-07,Female,78,0,0,Yes,FOXP3,Ki67_high,76,86,active,0
B84-93,Male,78,0,0,No,FOXP3,Ki67_low,60,72,indifferent,0
X133-44,Female,78,0,0,Yes,CD4,Ki67_high,111,03,inactive,0
D69-88,Female,77,0,0,Yes,NK,Ki67_low,47,67,active,0
Z69-14,Female,77,0,0,Yes,CD4,Ki67_high,46,91,Unknown,0
A86-05,Female,77,0,0,Yes,NK,Ki67_high,63,84,indifferent,0
B185-47,Male,76,0,0,Yes,FOXP3,Ki67_low,163,06,active,0
X97-46,Male,75,0,0,No,CD68,Ki67_low,75,25,Unknown,0
D81-9,Female,73,0,0,Yes,FOXP3,Ki67_low,59,69,active,0
Z99-58,Female,72,0,0,No,FOXP3,Ki67_high,77,37,Unknown,0
A144-54,Female,72,0,0,No,FOXP3,Ki67_high,102,33,active,0
G153-34,Male,71,0,0,Yes,FOXP3,Ki67_high,131,13,active,0
H114-35,Female,70,0,0,Yes,FOXP3,Ki67_low,90,14,Unknown,0
I160-76,Female,69,0,0,No,CD4,Ki67_low,138,55,inactive,0
J73-49,Female,68,0,0,Yes,FOXP3,Ki67_high,51,08,active,0
K108-08,Male,68,0,0,No,CD68,Ki67_low,85,87,Unknown,0
L406-49,Female,68,0,0,Yes,FOXP3,Ki67_low,184,28,active,0
M77-44,Male,67,0,0,Yes,FOXP3,Ki67_high,55,21,active,0
N117-59,Female,64,0,0,No,FOXP3,Ki67_high,95,38,active,0
O61-94,Female,62,0,0,No,CD68,Ki67_high,39,73,Unknown,0
P116-68,Female,62,0,0,No,FOXP3,Ki67_low,94,47,indifferent,0
Q453-86,Female,59,0,0,No,FOXP3,Ki67_low,231,65,indifferent,0
R403-36,Female,54,0,0,Yes,FOXP3,Ki67_low,181,15,indifferent,0
Z145-87,Male,54,0,0,Yes,NK,Ki67_high,103,66,active,0
A64-09,Female,53,0,0,No,NK,Ki67_high,41,88,active,0
B65-33,Male,53,0,0,Yes,CD4,Ki67_low,43,12,Unknown,0
X70-15,Male,51,0,0,No,FOXP3,Ki67_high,47,94,indifferent,0
D96-84,Male,50,0,0,Yes,FOXP3,Ki67_low,74,63,Unknown,0
Z175-94,Male,50,0,0,Yes,FOXP3,Ki67_high,153,71,inactive,0
A100-65,Male,50,0,0,No,FOXP3,Ki67_high,78,44,indifferent,0
B114-39,Male,49,0,0,No,FOXP3,Ki67_high,90,18,Unknown,0
X81-1,Male,47,0,0,Yes,CD4,Ki67_high,58,89,active,0
D98-3,Female,47,0,0,Yes,FOXP3,Ki67_high,76,09,active,0
Z89-68,Male,47,0,0,Yes,FOXP3,Ki67_low,67,47,Unknown,0
A95-16,Female,45,0,0,Yes,CD4,Ki67_low,72,95,indifferent,0
B191-15,Male,43,0,0,Yes,FOXP3,Ki67_low,168,94,inactive,0
A91-04,Female,42,0,0,Yes,FOXP3,Ki67_high,68,83,active,0
B101-87,Male,40,0,0,No,CD68,Ki67_low,79,66,Unknown,0
X96-86,Female,82,0,0,Yes,FOXP3,Ki67_high,74,65,active,0
D91-05,Female,81,0,0,No,CD68,Ki67_low,68,84,Unknown,0
Z55-84,Female,80,0,0,Yes,CD4,Ki67_low,33,63,active,0
A84-04,Female,80,0,0,Yes,FOXP3,Ki67_low,61,83,active,0
B94-06,Female,80,0,0,No,FOXP3,Ki67_low,69,85,inactive,0
X89-61,Female,80,0,0,Yes,FOXP3,Ki67_low,67,4,indifferent,0
D69-94,Female,79,0,0,Yes,CD4,Ki67_low,47,71,active,0
Z89-49,Male,78,0,0,No,FOXP3,Ki67_high,67,08,active,0
A140-43,Female,78,0,0,Yes,CD4,Ki67_high,98,02,Unknown,0
G60-44,Male,78,0,0,Yes,FOXP3,Ki67_low,38,01,indifferent,0
H443-78,Male,78,0,0,Yes,FOXP3,Ki67_low,201,57,active,0
I411-58,Female,78,0,0,Yes,NK,Ki67_high,189,37,active,0
J179-38,Male,77,0,0,Yes,FOXP3,Ki67_low,157,17,Unknown,0
K193-88,Male,77,0,0,Yes,NK,Ki67_high,171,67,Unknown,0
L89-01,Female,77,0,0,Yes,FOXP3,Ki67_low,66,8,active,0
M118-41,Female,77,0,0,No,FOXP3,Ki67_low,96,2,active,0
N138-51,Male,77,0,0,No,FOXP3,Ki67_low,116,3,active,0
O140-03,Male,76,0,0,Yes,NK,Ki67_low,97,82,indifferent,0
P91-01,Female,76,0,0,No,FOXP3,Ki67_low,68,8,active,0
Q61-98,Female,76,0,0,No,CD68,Ki67_low,39,77,Unknown,0
R135-34,Male,74,0,0,Yes,FOXP3,Ki67_high,113,11,Unknown,0
Z58-74,Female,71,0,0,Yes,FOXP3,Ki67_high,36,51,inactive,0
A90-44,Female,71,0,0,No,FOXP3,Ki67_low,68,21,active,0
B104,Female,70,0,0,Yes,CD4,Ki67_low,81,79,inactive,0
X104-5,Male,69,0,0,Yes,FOXP3,Ki67_low,80,29,Unknown,0
D174-37,Female,68,0,0,Yes,FOXP3,Ki67_high,152,16,active,0
Z106-56,Male,67,0,0,No,FOXP3,Ki67_high,84,35,Unknown,0
A76-31,Female,65,0,0,No,CD68,Ki67_low,54,1,Unknown,0
B77-48,Male,65,0,0,No,CD68,Ki67_low,55,07,Unknown,0
X90-54,Female,65,0,0,Yes,NK,Ki67_low,68,31,active,0
D108-35,Male,65,0,0,Yes,CD4,Ki67_high,86,14,indifferent,0
Z74-03,Female,63,0,0,Yes,FOXP3,Ki67_high,49,82,inactive,0
A90-57,Female,60,0,0,No,FOXP3,Ki67_low,68,36,Unknown,0
B97-04,Male,59,0,0,Yes,FOXP3,Ki67_high,74,83,inactive,0
A83-89,Female,59,0,0,Yes,FOXP3,Ki67_low,61,68,indifferent,0
B154-56,Female,59,0,0,Yes,FOXP3,Ki67_low,130,35,Unknown,0
X75-93,Female,58,0,0,Yes,NK,Ki67_high,53,72,indifferent,0
D76-89,Female,58,1,0,Yes,NK,Ki67_low,54,68,Unknown,0
Z64-13,Female,58,0,0,No,CD68,Ki67_high,39,92,Unknown,0
A100-85,Male,55,0,0,No,CD4,Ki67_high,78,64,inactive,0
B95-05,Male,53,1,0,Yes,FOXP3,Ki67_high,72,84,active,0
X84-35,Male,53,0,0,Yes,CD4,Ki67_low,60,14,active,0
D95-04,Female,53,1,0,Yes,CD4,Ki67_high,72,81,inactive,0
Z84-38,Male,53,0,0,No,CD68,Ki67_low,60,17,Unknown,0
A79-15,Male,51,0,0,No,CD68,Ki67_high,56,94,Unknown,0
G76-64,Male,51,0,0,Yes,CD4,Ki67_high,54,41,active,0
H91-68,Male,50,0,0,Yes,NK,Ki67_low,69,47,Unknown,0
I71-88,Male,50,0,0,No,CD68,Ki67_low,49,67,Unknown,0
J83-94,Male,49,0,0,Yes,FOXP3,Ki67_high,61,73,inactive,0
K71-97,Male,49,1,0,Yes,NK,Ki67_high,49,76,active,0
L97-95,Female,47,0,0,Yes,FOXP3,Ki67_low,75,74,Unknown,0
M77-93,Female,46,0,0,Yes,FOXP3,Ki67_high,55,72,active,0
Z84-85,Female,45,0,0,No,FOXP3,Ki67_low,60,64,Unknown,0
A103-08,Female,45,0,0,No,CD68,Ki67_high,80,87,Unknown,0
B83-75,Female,41,1,0,Yes,FOXP3,Ki67_low,61,54,active,0
X145-4,Female,80,0,0,Yes,NK,Ki67_low,102,99,active,0
D84-99,Female,77,0,0,Yes,NK,Ki67_high,60,78,active,0
