id,gender,med_history,chronic_disease,TCRA_neg,TLS_type,cancer_type,TIL_density,Fraction_CD8,CPI_status,indication
9046,Male,0,1,Yes,none,Sarcoma,228.69,23.9,anti-PD1-CTLA4,1
51676,Female,0,0,Yes,none,Non-Sarcoma,202.21,28.5,anti-PD1,1
31112,Male,0,1,Yes,none,Non-Sarcoma,105.92,26.4,anti-PD1,1
60182,Female,0,0,Yes,none,Sarcoma,171.23,N/A,none,1
1665,Female,1,0,Yes,none,Non-Sarcoma,174.12,20.2,anti-PD1,1
56669,Male,0,0,Yes,none,Sarcoma,186.21,33.6,anti-PD1-CTLA4,1
53882,Male,1,1,Yes,none,Non-Sarcoma,70.09,N/A,anti-PD1,1
10434,Female,0,0,No,none,Sarcoma,94.39,38.6,anti-PD1,1
27419,Female,0,0,Yes,none,Non-Sarcoma,76.15,33.7,Unknown,1
60491,Female,0,0,Yes,none,Sarcoma,58.57,39.2,Unknown,1
12109,Female,1,0,Yes,none,Non-Sarcoma,80.43,N/A,anti-PD1,1
12095,Female,0,1,Yes,mature,Non-Sarcoma,120.46,N/A,none,1
12175,Female,0,0,Yes,none,Sarcoma,104.51,27.7,none,1
8213,Male,0,1,Yes,none,Sarcoma,219.84,31.4,Unknown,1
5317,Female,0,1,Yes,none,Sarcoma,214.09,N/A,anti-PD1,1
58202,Female,1,0,Yes,none,Non-Sarcoma,167.41,23.9,anti-PD1,1
56112,Male,0,1,Yes,none,Sarcoma,191.61,28.5,none,1
34120,Male,1,0,Yes,none,Sarcoma,221.29,26.4,none,1
27458,Female,0,0,No,none,Sarcoma,89.22,N/A,anti-PD1,1
25226,Male,0,1,No,mature,Sarcoma,217.08,20.2,Unknown,1
70630,Female,0,0,Yes,mature,Non-Sarcoma,193.94,33.6,none,1
13861,Female,1,0,Yes,none,Sarcoma,233.29,N/A,anti-PD1,1
68794,Female,0,0,Yes,none,Sarcoma,228.7,38.6,anti-PD1,1
64778,Male,0,1,Yes,none,Non-Sarcoma,208.3,33.7,Unknown,1
4219,Male,0,0,Yes,none,Sarcoma,102.87,39.2,anti-PD1-CTLA4,1
70822,Male,0,0,Yes,none,Non-Sarcoma,104.12,N/A,anti-PD1,1
38047,Female,0,0,Yes,none,Non-Sarcoma,100.98,N/A,anti-PD1-CTLA4,1
61843,Male,0,0,Yes,none,Non-Sarcoma,189.84,27.7,Unknown,1
54827,Male,0,1,Yes,none,Sarcoma,195.23,31.4,none,1
69160,Male,0,0,Yes,none,Non-Sarcoma,211.78,N/A,anti-PD1-CTLA4,1
43717,Male,1,0,Yes,none,Sarcoma,212.08,36.5,none,1
33879,Male,0,0,Yes,none,Non-Sarcoma,83.41,33.2,Unknown,1
39373,Female,1,0,Yes,none,Sarcoma,196.92,N/A,anti-PD1,1
54401,Male,0,1,Yes,none,Sarcoma,252.72,32.8,anti-PD1-CTLA4,1
14248,Male,0,0,No,mature,Sarcoma,84.2,27.7,anti-PD1,1
712,Female,1,1,No,none,Non-Sarcoma,84.03,40.4,anti-PD1-CTLA4,1
47269,Male,0,0,Yes,none,Non-Sarcoma,219.72,22.2,anti-PD1-CTLA4,1
24977,Female,1,0,Yes,none,Non-Sarcoma,74.63,25.3,anti-PD1-CTLA4,1
47306,Male,0,0,No,none,Non-Sarcoma,92.62,30.2,Unknown,1
62602,Female,0,0,Yes,none,Sarcoma,60.91,N/A,anti-PD1,1
4651,Male,0,0,Yes,none,Non-Sarcoma,78.03,24,anti-PD1-CTLA4,1
1261,Male,0,0,Yes,none,Sarcoma,71.22,47.5,anti-PD1,1
61960,Male,0,1,Yes,none,Sarcoma,144.9,20.3,none,1
1845,Female,0,0,Yes,none,Sarcoma,90.9,30,anti-PD1-CTLA4,1
7937,Male,1,0,Yes,mature,Sarcoma,213.03,20.2,none,1
19824,Male,1,0,Yes,none,Non-Sarcoma,243.58,33.6,anti-PD1,1
37937,Female,0,1,No,none,Sarcoma,109.78,N/A,Unknown,1
47472,Female,0,0,Yes,none,Sarcoma,107.26,23.9,anti-PD1-CTLA4,1
35626,Male,0,0,Yes,none,Sarcoma,99.33,28.5,anti-PD1,1
36338,Female,1,0,Yes,none,Non-Sarcoma,58.09,26.4,none,1
18587,Female,0,0,No,none,Sarcoma,89.96,N/A,Unknown,1
15102,Male,1,0,Yes,none,Sarcoma,75.32,20.2,anti-PD1-CTLA4,1
59190,Female,0,1,Yes,none,Non-Sarcoma,127.29,33.6,anti-PD1,1
47167,Female,1,0,Yes,none,Sarcoma,124.13,N/A,anti-PD1,1
8752,Female,0,0,Yes,mature,Sarcoma,197.54,38.6,anti-PD1,1
25831,Male,0,1,Yes,none,Non-Sarcoma,196.71,33.7,anti-PD1-CTLA4,1
38829,Female,0,0,Yes,none,Non-Sarcoma,59.32,39.2,anti-PD1,1
66400,Male,0,0,Yes,none,Sarcoma,237.75,N/A,anti-PD1-CTLA4,1
58631,Male,1,0,Yes,none,Sarcoma,194.99,N/A,anti-PD1,1
5111,Female,1,0,Yes,mature,Sarcoma,180.93,27.7,anti-PD1,1
10710,Female,0,0,Yes,none,Sarcoma,185.17,31.4,anti-PD1-CTLA4,1
55927,Female,1,0,Yes,none,Non-Sarcoma,74.9,N/A,anti-PD1,1
65842,Female,1,0,Yes,none,Non-Sarcoma,61.94,36.5,none,1
19557,Female,0,0,Yes,none,Non-Sarcoma,93.72,33.2,anti-PD1-CTLA4,1
27169,Female,1,0,Yes,mature,Non-Sarcoma,116.55,24,anti-PD1-CTLA4,1
50784,Male,0,0,Yes,none,Non-Sarcoma,228.56,47.5,anti-PD1,1
19773,Female,0,0,Yes,none,Non-Sarcoma,96.59,20.3,anti-PD1,1
66159,Female,0,1,Yes,none,Non-Sarcoma,66.72,30,anti-PD1-CTLA4,1
36236,Male,1,0,Yes,none,Sarcoma,240.09,27,anti-PD1,1
71673,Female,0,0,Yes,none,Sarcoma,110.85,24.1,anti-PD1-CTLA4,1
45805,Female,0,0,Yes,none,Sarcoma,165.31,22.4,anti-PD1,1
42117,Male,0,0,Yes,none,Sarcoma,143.43,45.9,Unknown,1
57419,Male,0,0,Yes,none,Non-Sarcoma,96.16,44.1,Unknown,1
26015,Female,0,0,Yes,none,Sarcoma,101.45,50.8,Unknown,1
26727,Female,0,0,No,none,Non-Sarcoma,88.92,85.1,anti-PD1,1
66638,Female,1,0,No,none,Sarcoma,79.79,29.7,anti-PD1,1
70042,Male,0,0,Yes,none,Sarcoma,71.2,73.2,Unknown,1
32399,Male,0,0,Yes,none,Non-Sarcoma,96.97,29.1,none,1
3253,Male,0,1,Yes,none,Non-Sarcoma,111.81,27.3,none,1
71796,Female,0,1,Yes,none,Non-Sarcoma,59.35,32.3,anti-PD1-CTLA4,1
14499,Male,0,0,Yes,none,Sarcoma,86.94,62.3,anti-PD1-CTLA4,1
49130,Male,0,0,Yes,none,Sarcoma,98.55,25.6,Unknown,1
28291,Female,0,1,Yes,none,Sarcoma,226.98,63.4,anti-PD1,1
51169,Male,0,0,Yes,none,Sarcoma,72.81,88.2,anti-PD1,1
66315,Female,0,0,No,none,Sarcoma,68.02,37.5,anti-PD1,1
37726,Female,1,0,Yes,none,Sarcoma,68.56,26.2,Unknown,1
54385,Male,0,0,Yes,none,Non-Sarcoma,64.14,29.4,anti-PD1,1
2458,Female,0,0,Yes,none,Non-Sarcoma,235.63,57.5,anti-PD1,1
35512,Female,0,0,Yes,none,Non-Sarcoma,76.34,60.2,anti-PD1-CTLA4,1
56841,Male,0,1,Yes,none,Non-Sarcoma,240.59,63.4,none,1
8154,Male,1,0,Yes,mature,Sarcoma,78.92,74.2,anti-PD1-CTLA4,1
4639,Female,0,0,Yes,mature,Sarcoma,82.81,59.9,anti-PD1,1
12363,Male,0,1,Yes,mature,Sarcoma,74.1,28.8,Unknown,1
63973,Female,0,0,Yes,mature,Non-Sarcoma,190.32,31.4,anti-PD1,1
45277,Female,0,0,Yes,none,Non-Sarcoma,231.61,34.6,anti-PD1-CTLA4,1
4712,Female,0,1,Yes,none,Non-Sarcoma,78.7,19.4,Unknown,1
33175,Female,0,0,Yes,mature,Sarcoma,110.52,28.5,Unknown,1
2346,Male,0,0,Yes,none,Sarcoma,82.3,N/A,none,1
42072,Female,1,0,Yes,none,Non-Sarcoma,73.18,30.3,anti-PD1-CTLA4,1
12062,Female,0,0,Yes,none,Non-Sarcoma,191.82,40.4,none,1
30456,Female,0,0,Yes,none,Non-Sarcoma,93.05,24.2,anti-PD1,1
59125,Female,0,0,Yes,mature,Sarcoma,64.17,41.5,anti-PD1,1
56546,Male,0,1,Yes,none,Non-Sarcoma,129.98,22.6,anti-PD1-CTLA4,1
48405,Male,0,1,Yes,none,Sarcoma,68.53,24.2,none,1
36706,Female,0,0,Yes,none,Sarcoma,106.41,N/A,anti-PD1-CTLA4,1
41069,Female,0,0,Yes,none,Non-Sarcoma,224.1,56.6,anti-PD1,1
71639,Female,0,0,No,mature,Sarcoma,82.1,27.1,Unknown,1
53401,Male,1,1,No,mature,Non-Sarcoma,216.94,30.9,anti-PD1,1
60744,Male,1,0,Yes,none,Non-Sarcoma,76.11,27.3,none,1
7547,Male,0,0,Yes,none,Sarcoma,72.96,31.3,none,1
31720,Female,0,0,No,none,Sarcoma,82.28,24,anti-PD1-CTLA4,1
5563,Female,0,0,Yes,none,Sarcoma,105.22,31,anti-PD1,1
68798,Female,0,0,Yes,none,Non-Sarcoma,59.86,28,anti-PD1-CTLA4,1
72918,Female,1,0,Yes,none,Sarcoma,62.55,30.3,Unknown,1
13491,Male,0,0,Yes,none,Non-Sarcoma,259.63,31.7,none,1
44033,Male,1,0,Yes,none,Non-Sarcoma,249.31,35.8,anti-PD1,1
14164,Female,0,0,Yes,none,Sarcoma,219.91,N/A,Unknown,1
50522,Female,0,0,Yes,mature,Sarcoma,131.41,28.4,anti-PD1,1
3352,Male,1,0,Yes,none,Sarcoma,93.13,N/A,anti-PD1-CTLA4,1
70943,Female,0,0,Yes,none,Sarcoma,73.54,24,Unknown,1
37132,Male,0,0,Yes,mature,Sarcoma,200.59,29,anti-PD1-CTLA4,1
48796,Female,0,0,Yes,mature,Sarcoma,62.48,N/A,Unknown,1
53440,Female,1,0,Yes,none,Non-Sarcoma,190.14,36.5,anti-PD1,1
16817,Female,1,0,No,none,Sarcoma,130.54,20.1,anti-PD1,1
69551,Male,1,0,No,none,Non-Sarcoma,182.99,36.5,anti-PD1,1
31563,Female,0,0,Yes,none,Non-Sarcoma,101.45,N/A,anti-PD1-CTLA4,1
20387,Female,1,0,Yes,none,Non-Sarcoma,206.09,26.7,anti-PD1,1
71279,Female,0,0,Yes,mature,Sarcoma,263.32,38.7,anti-PD1,1
55824,Male,0,0,Yes,none,Sarcoma,140.1,29.9,anti-PD1-CTLA4,1
11762,Female,0,0,Yes,none,Sarcoma,207.28,34.9,Unknown,1
29281,Male,1,0,Yes,none,Non-Sarcoma,194.37,27,anti-PD1-CTLA4,1
30683,Female,0,0,Yes,none,Non-Sarcoma,199.2,26.6,Unknown,1
20439,Male,0,1,Yes,mature,Non-Sarcoma,103.68,25,anti-PD1,1
45965,Female,0,0,Yes,none,Non-Sarcoma,116.44,23.8,none,1
8045,Female,1,0,Yes,none,Sarcoma,70.28,21.8,anti-PD1,1
37651,Female,1,1,No,none,Sarcoma,72.17,36.8,anti-PD1,1
17308,Female,1,0,Yes,none,Sarcoma,221.79,30,anti-PD1,1
67981,Male,0,0,Yes,none,Sarcoma,151.16,27.5,anti-PD1-CTLA4,1
41241,Male,0,0,Yes,none,Sarcoma,68.43,N/A,anti-PD1-CTLA4,1
62861,Female,0,0,Yes,none,Sarcoma,67.29,24.6,anti-PD1,1
72081,Female,1,0,Yes,mature,Non-Sarcoma,67.41,32.9,anti-PD1,1
58978,Female,0,1,Yes,none,Non-Sarcoma,239.07,26.1,anti-PD1,1
11933,Female,0,0,Yes,none,Non-Sarcoma,169.67,N/A,Unknown,1
46703,Male,0,1,Yes,none,Sarcoma,223.83,31.9,anti-PD1-CTLA4,1
32503,Female,0,0,Yes,none,Sarcoma,76.57,34.1,anti-PD1,1
12482,Male,0,0,Yes,none,Sarcoma,77.82,27.5,none,1
56939,Female,0,0,Yes,none,Non-Sarcoma,92.98,25.6,anti-PD1,1
24669,Female,0,1,Yes,none,Non-Sarcoma,231.56,36.9,anti-PD1,1
43054,Female,0,0,Yes,none,Non-Sarcoma,102.16,31.4,none,1
59437,Female,0,0,Yes,none,Sarcoma,221.89,37.3,none,1
66258,Female,0,0,Yes,none,Sarcoma,195.71,34.1,anti-PD1-CTLA4,1
34567,Female,1,0,Yes,none,Non-Sarcoma,74.02,25,anti-PD1,1
50931,Female,0,0,Yes,none,Sarcoma,57.92,N/A,anti-PD1-CTLA4,1
16590,Male,0,1,Yes,none,Sarcoma,81.76,N/A,none,1
69768,Female,0,0,No,children,Sarcoma,70.37,N/A,Unknown,1
20426,Female,1,0,No,none,Sarcoma,203.87,45.7,anti-PD1,1
3512,Female,1,0,Yes,none,Sarcoma,89.13,34.2,anti-PD1-CTLA4,1
42899,Male,0,0,Yes,none,Sarcoma,133.19,23.6,anti-PD1-CTLA4,1
63453,Female,0,0,Yes,mature,Non-Sarcoma,162.23,27.3,Unknown,1
43364,Male,1,0,Yes,none,Non-Sarcoma,75.02,N/A,anti-PD1,1
44993,Female,1,0,No,mature,Sarcoma,98.02,22.3,anti-PD1-CTLA4,1
210,Male,0,0,Yes,none,Non-Sarcoma,91.54,31.4,anti-PD1,1
28939,Male,0,0,Yes,none,Non-Sarcoma,111.98,N/A,anti-PD1-CTLA4,1
60739,Female,1,1,No,none,Non-Sarcoma,60.94,N/A,anti-PD1,1
67432,Female,0,0,Yes,none,Sarcoma,97.43,26.4,none,1
2182,Female,1,0,Yes,none,Non-Sarcoma,91.02,32.9,anti-PD1-CTLA4,1
40899,Female,0,0,Yes,none,Non-Sarcoma,60.67,N/A,anti-PD1-CTLA4,1
14431,Male,1,0,Yes,none,Non-Sarcoma,185.49,37.1,anti-PD1,1
62466,Female,0,0,Yes,none,Sarcoma,64.44,45,anti-PD1,1
36841,Male,1,0,Yes,none,Non-Sarcoma,56.11,25.5,anti-PD1-CTLA4,1
33486,Female,0,0,Yes,mature,Sarcoma,110.66,N/A,Unknown,1
65105,Male,0,0,Yes,none,Sarcoma,213.22,26.1,Unknown,1
54567,Female,0,0,Yes,none,Sarcoma,78.18,30.8,anti-PD1,1
66204,Male,0,0,Yes,none,Sarcoma,111.04,32,anti-PD1-CTLA4,1
39912,Female,0,0,Yes,none,Non-Sarcoma,76.13,29.9,none,1
8003,Female,0,0,No,none,Sarcoma,81.32,N/A,Unknown,1
28378,Male,1,1,Yes,none,Sarcoma,112.24,37.4,none,1
41081,Male,0,0,Yes,none,Non-Sarcoma,137.3,31.7,anti-PD1-CTLA4,1
16077,Male,0,1,Yes,none,Sarcoma,116.69,34.5,anti-PD1-CTLA4,1
67895,Female,1,1,Yes,mature,Sarcoma,215.94,27.9,anti-PD1-CTLA4,1
30184,Male,0,0,Yes,none,Non-Sarcoma,86.62,29.5,anti-PD1-CTLA4,1
66955,Male,0,1,Yes,none,Sarcoma,209.86,N/A,Unknown,1
24905,Female,0,0,Yes,none,Sarcoma,205.77,46,anti-PD1-CTLA4,1
66071,Male,1,0,Yes,none,Sarcoma,112.16,42.5,anti-PD1-CTLA4,1
36255,Male,0,0,Yes,none,Non-Sarcoma,118.03,35.5,none,1
69112,Male,1,1,Yes,none,Non-Sarcoma,271.74,31.1,none,1
23410,Female,0,0,Yes,none,Non-Sarcoma,97.92,26.9,none,1
64373,Male,0,0,Yes,none,Sarcoma,200.62,35.8,anti-PD1-CTLA4,1
58267,Male,1,0,Yes,none,Non-Sarcoma,242.52,45.5,anti-PD1-CTLA4,1
35684,Male,0,0,Yes,none,Non-Sarcoma,93.81,28.5,Unknown,1
18937,Male,0,0,Yes,none,Non-Sarcoma,114.77,N/A,anti-PD1-CTLA4,1
491,Female,0,0,Yes,none,Sarcoma,74.96,26.6,anti-PD1,1
54695,Male,0,0,Yes,none,Sarcoma,167.13,N/A,Unknown,1
68627,Male,1,1,Yes,none,Sarcoma,175.29,31.5,anti-PD1-CTLA4,1
8580,Female,0,0,Yes,none,Non-Sarcoma,90,32,anti-PD1,1
28484,Female,0,0,Yes,none,Non-Sarcoma,109.47,30.8,anti-PD1,1
62019,Male,0,0,Yes,mature,Non-Sarcoma,87.85,31.1,none,1
51314,Female,0,0,Yes,none,Sarcoma,106.74,33,anti-PD1-CTLA4,1
37060,Female,0,0,Yes,none,Non-Sarcoma,80.13,23.4,anti-PD1,1
35578,Male,0,0,No,none,Sarcoma,90.19,26.9,anti-PD1,1
54921,Male,1,0,Yes,none,Non-Sarcoma,134.8,33.6,Unknown,1
33454,Female,0,0,Yes,mature,Non-Sarcoma,106.58,23.9,Unknown,1
33943,Female,0,0,Yes,none,Sarcoma,83.24,26.3,anti-PD1,1
62439,Female,0,0,Yes,mature,Non-Sarcoma,103.43,27.3,anti-PD1-CTLA4,1
31179,Male,0,0,Yes,none,Sarcoma,208.65,30.7,anti-PD1,1
66866,Female,0,0,Yes,none,Sarcoma,74.11,20.5,anti-PD1,1
2548,Female,0,0,Yes,none,Sarcoma,95.84,21.5,anti-PD1,1
68025,Female,0,1,No,none,Sarcoma,205.33,31,none,1
2390,Male,0,0,Yes,none,Sarcoma,116.1,27.1,anti-PD1,1
29552,Female,1,1,Yes,none,Sarcoma,210.4,40,none,1
25904,Female,1,1,Yes,none,Sarcoma,199.86,N/A,none,1
31421,Male,0,1,Yes,mature,Non-Sarcoma,219.73,28.6,anti-PD1,1
20463,Male,1,1,Yes,none,Sarcoma,250.89,28.1,none,1
68023,Male,0,0,Yes,none,Non-Sarcoma,72.73,28.4,anti-PD1,1
12689,Female,0,0,Yes,mature,Non-Sarcoma,205.35,42.2,anti-PD1-CTLA4,1
54724,Female,0,0,No,mature,Sarcoma,70.3,25.8,none,1
8899,Male,0,0,No,none,Non-Sarcoma,104.86,31.9,none,1
39186,Female,0,1,Yes,none,Sarcoma,216.58,31,Unknown,1
32729,Female,0,0,Yes,none,Non-Sarcoma,184.4,27.5,anti-PD1,1
39105,Male,0,0,Yes,none,Non-Sarcoma,60.98,N/A,anti-PD1,1
31154,Female,0,0,Yes,none,Sarcoma,97.76,29.6,none,1
69959,Female,1,0,No,none,Sarcoma,66.03,35.4,anti-PD1,1
10552,Female,0,0,Yes,none,Non-Sarcoma,81.95,16.9,anti-PD1,1
12917,Female,0,0,Yes,none,Sarcoma,97.73,21.5,none,1
68356,Female,0,0,Yes,none,Sarcoma,70.94,34.4,anti-PD1,1
23368,Female,1,0,Yes,none,Sarcoma,199.84,28,anti-PD1-CTLA4,1
25974,Male,0,0,Yes,none,Sarcoma,218.46,26.8,Unknown,1
1210,Female,0,0,Yes,none,Non-Sarcoma,211.06,39.3,Unknown,1
28493,Male,0,0,Yes,none,Sarcoma,86.3,31.7,Unknown,1
36857,Male,0,0,Yes,none,Non-Sarcoma,162.14,32.6,anti-PD1-CTLA4,1
1836,Female,1,0,Yes,none,Sarcoma,88.2,28.4,anti-PD1,1
32221,Male,0,1,Yes,none,Sarcoma,91.92,35.9,none,1
10548,Male,0,0,Yes,none,Non-Sarcoma,76.46,21.2,anti-PD1-CTLA4,1
52282,Male,0,0,Yes,none,Non-Sarcoma,197.28,34.5,anti-PD1-CTLA4,1
45535,Male,0,0,Yes,none,Non-Sarcoma,233.94,42.4,anti-PD1,1
40460,Female,1,1,Yes,none,Sarcoma,247.51,40.5,anti-PD1-CTLA4,1
17739,Male,0,0,Yes,none,Non-Sarcoma,84.96,36.7,Unknown,1
49669,Female,0,0,No,children,Non-Sarcoma,57.93,30.9,Unknown,1
27153,Female,0,0,Yes,none,Non-Sarcoma,78.8,29.3,anti-PD1-CTLA4,1
34060,Male,1,0,Yes,none,Non-Sarcoma,87.8,N/A,Unknown,1
43424,Female,0,0,Yes,none,Non-Sarcoma,78.81,19.6,Unknown,1
30669,Male,0,0,No,children,Non-Sarcoma,95.12,18,Unknown,0
30468,Male,1,0,Yes,none,Sarcoma,87.96,39.2,anti-PD1,0
16523,Female,0,0,No,none,Sarcoma,110.89,17.6,Unknown,0
56543,Female,0,0,Yes,none,Non-Sarcoma,69.04,35.9,anti-PD1-CTLA4,0
46136,Male,0,0,No,Never_worked,Non-Sarcoma,161.28,19.1,Unknown,0
32257,Female,0,0,Yes,none,Sarcoma,210.95,50.1,Unknown,0
52800,Female,0,0,Yes,none,Sarcoma,77.59,17.7,anti-PD1-CTLA4,0
41413,Female,0,1,Yes,none,Non-Sarcoma,243.53,27,anti-PD1,0
15266,Female,0,0,Yes,none,Non-Sarcoma,77.67,32.3,none,0
28674,Female,1,0,Yes,none,Sarcoma,205.84,54.6,anti-PD1,0
10460,Female,0,0,Yes,mature,Sarcoma,77.08,35,Unknown,0
64908,Male,0,1,Yes,none,Sarcoma,57.08,22,anti-PD1-CTLA4,0
63884,Female,0,0,Yes,none,Non-Sarcoma,162.96,39.4,anti-PD1,0
37893,Female,0,0,Yes,none,Non-Sarcoma,73.5,26.1,anti-PD1-CTLA4,0
67855,Female,0,0,Yes,none,Non-Sarcoma,95.04,42.4,anti-PD1,0
25774,Male,0,0,No,none,Non-Sarcoma,85.37,33,anti-PD1,0
19584,Female,0,0,No,none,Sarcoma,84.62,19.7,none,0
24447,Female,0,0,Yes,none,Non-Sarcoma,82.67,22.5,anti-PD1,0
49589,Female,0,0,Yes,mature,Sarcoma,57.33,24.6,none,0
17986,Female,0,1,Yes,none,Sarcoma,67.84,25.2,none,0
29217,Female,1,0,Yes,none,Non-Sarcoma,75.7,41.8,Unknown,0
72911,Female,1,0,Yes,none,Non-Sarcoma,129.54,60.9,none,0
47175,Female,0,0,Yes,none,Non-Sarcoma,60.22,31.5,none,0
4057,Male,0,0,Yes,none,Sarcoma,198.21,27.3,anti-PD1-CTLA4,0
48588,Female,0,0,Yes,none,Sarcoma,109.82,23.7,anti-PD1,0
70336,Female,0,0,Yes,none,Sarcoma,60.84,24.5,anti-PD1,0
66767,Female,0,0,Yes,mature,Non-Sarcoma,94.61,28.4,none,0
45801,Female,0,0,No,none,Non-Sarcoma,97.49,26.9,anti-PD1,0
36275,Female,0,0,Yes,none,Non-Sarcoma,206.72,26.7,anti-PD1,0
11577,Female,0,0,Yes,none,Non-Sarcoma,214.45,31.2,anti-PD1,0
67210,Male,0,0,Yes,none,Sarcoma,82.9,25,Unknown,0
29908,Female,0,0,Yes,none,Sarcoma,103.26,25.4,Unknown,0
45222,Male,1,0,No,none,Sarcoma,55.78,27.5,none,0
33759,Female,0,0,No,children,Sarcoma,73.74,16,Unknown,0
40311,Female,0,0,Yes,none,Sarcoma,149.75,27,Unknown,0
26325,Male,0,0,No,mature,Sarcoma,82.34,31.6,Unknown,0
65460,Female,0,0,Yes,none,Non-Sarcoma,62.6,25.1,anti-PD1-CTLA4,0
36811,Female,0,0,No,none,Sarcoma,94.09,30.9,anti-PD1,0
71750,Female,0,0,Yes,none,Sarcoma,55.42,24.8,Unknown,0
70970,Female,0,0,No,none,Sarcoma,82.18,23.4,Unknown,0
42203,Male,0,0,Yes,none,Sarcoma,117.92,29.4,none,0
55680,Male,0,0,No,children,Sarcoma,114.84,18.3,Unknown,0
11014,Male,0,0,No,children,Non-Sarcoma,79.17,20,Unknown,0
44338,Female,0,0,No,children,Non-Sarcoma,110.63,19.5,Unknown,0
20980,Male,0,0,Yes,none,Sarcoma,190.7,36,anti-PD1-CTLA4,0
34974,Female,0,0,No,none,Non-Sarcoma,79.81,27.7,Unknown,0
71379,Female,0,0,Yes,mature,Sarcoma,113.63,27.5,none,0
58261,Female,0,0,Yes,none,Non-Sarcoma,141.24,28.5,anti-PD1,0
67318,Male,1,0,Yes,mature,Non-Sarcoma,56.96,26.8,none,0
28526,Male,0,0,Yes,none,Non-Sarcoma,203.04,33.6,anti-PD1,0
8831,Female,0,0,Yes,none,Non-Sarcoma,94.3,29.1,Unknown,0
65199,Female,0,0,Yes,none,Sarcoma,81.51,28.5,Unknown,0
43454,Female,0,0,No,none,Sarcoma,137.74,34.9,anti-PD1-CTLA4,0
7282,Male,0,0,Yes,none,Non-Sarcoma,81.84,25.1,anti-PD1,0
18518,Male,0,0,Yes,none,Non-Sarcoma,242.3,35.3,none,0
41648,Male,0,0,Yes,none,Non-Sarcoma,102.64,26.4,none,0
49003,Male,0,0,Yes,none,Sarcoma,146.01,31.5,none,0
16371,Female,0,0,No,children,Sarcoma,75.42,40.1,Unknown,0
42807,Male,0,0,Yes,mature,Sarcoma,220.49,43.1,Unknown,0
40181,Female,0,0,Yes,none,Sarcoma,61.45,36.7,none,0
66174,Male,0,0,Yes,none,Non-Sarcoma,88.19,29.3,anti-PD1-CTLA4,0
45538,Female,0,0,Yes,none,Non-Sarcoma,115.22,21.2,Unknown,0
6319,Female,0,0,Yes,none,Sarcoma,97.93,31.2,Unknown,0
68249,Female,0,0,Yes,none,Non-Sarcoma,85.6,21.4,Unknown,0
55232,Female,0,0,Yes,none,Non-Sarcoma,79.83,27.9,none,0
11120,Female,1,0,Yes,none,Sarcoma,218.46,34.3,anti-PD1,0
41940,Male,0,1,Yes,none,Non-Sarcoma,62.2,31,anti-PD1-CTLA4,0
72214,Male,0,0,Yes,none,Sarcoma,69.15,27.7,anti-PD1-CTLA4,0
37089,Female,1,0,Yes,none,Non-Sarcoma,127.71,36,anti-PD1,0
68614,Female,0,0,Yes,none,Non-Sarcoma,216.7,38.7,anti-PD1-CTLA4,0
1686,Female,0,0,No,none,Sarcoma,71.89,27.6,anti-PD1,0
22284,Male,0,0,No,none,Non-Sarcoma,103.56,25.1,Unknown,0
39038,Male,0,0,No,children,Non-Sarcoma,79.03,16.5,Unknown,0
21956,Female,0,0,No,none,Sarcoma,69.94,22.8,Unknown,0
52134,Male,0,0,Yes,none,Non-Sarcoma,90.12,35.4,Unknown,0
30171,Male,0,0,No,mature,Sarcoma,95.1,24.3,anti-PD1-CTLA4,0
4480,Male,0,0,Yes,none,Non-Sarcoma,234.58,34.3,anti-PD1-CTLA4,0
2982,Female,1,0,Yes,none,Non-Sarcoma,235.85,40.1,anti-PD1,0
65535,Male,0,0,No,children,Non-Sarcoma,78.05,25.7,Unknown,0
29865,Female,0,0,No,none,Non-Sarcoma,89.44,21.9,none,0
54918,Female,0,0,No,none,Non-Sarcoma,111.38,38.4,none,0
59368,Female,0,0,Yes,none,Sarcoma,243.5,26.1,anti-PD1,0
65836,Female,1,0,Yes,none,Sarcoma,182.2,30.5,anti-PD1-CTLA4,0
21130,Male,0,0,Yes,none,Sarcoma,229.92,25.9,none,0
1703,Female,0,0,Yes,none,Sarcoma,82.24,54.7,anti-PD1-CTLA4,0
16934,Female,0,0,Yes,none,Non-Sarcoma,89.84,29.9,Unknown,0
28799,Male,0,0,No,children,Non-Sarcoma,90.69,18.6,Unknown,0
32689,Female,0,0,Yes,none,Sarcoma,84.38,27.1,Unknown,0
56357,Female,0,1,No,none,Sarcoma,215.6,24.9,anti-PD1,0
18051,Female,0,0,Yes,mature,Non-Sarcoma,91.61,25.2,anti-PD1,0
40840,Female,0,0,Yes,none,Non-Sarcoma,138.16,19.4,anti-PD1,0
10449,Female,0,0,Yes,none,Sarcoma,75.23,29,anti-PD1,0
38805,Female,0,0,Yes,none,Non-Sarcoma,75.18,48.2,anti-PD1-CTLA4,0
31091,Male,0,1,Yes,none,Sarcoma,106.23,N/A,anti-PD1-CTLA4,0
45053,Male,0,0,Yes,mature,Sarcoma,239.64,34.6,anti-PD1-CTLA4,0
61837,Female,0,0,Yes,none,Sarcoma,58.95,24.6,anti-PD1,0
9487,Female,0,0,No,none,Sarcoma,99.92,25.8,anti-PD1,0
49713,Male,0,0,Yes,none,Non-Sarcoma,116.23,26.1,anti-PD1,0
17608,Female,0,0,Yes,mature,Sarcoma,118.82,29,anti-PD1-CTLA4,0
28102,Female,0,0,No,none,Non-Sarcoma,66.3,27.2,anti-PD1,0
1506,Female,0,0,No,mature,Sarcoma,101.41,20.7,none,0
28333,Female,1,1,Yes,none,Sarcoma,200.28,30,anti-PD1-CTLA4,0
62608,Female,0,0,Yes,none,Sarcoma,136.8,37.3,anti-PD1,0
40670,Female,0,0,No,none,Non-Sarcoma,96.57,34.1,anti-PD1,0
4630,Female,0,0,Yes,none,Non-Sarcoma,66.42,23.6,anti-PD1,0
21284,Female,0,0,Yes,none,Sarcoma,98.09,25.2,none,0
49421,Female,1,0,Yes,none,Non-Sarcoma,205.23,39.5,anti-PD1,0
5973,Male,0,0,Yes,none,Sarcoma,86.78,23.5,none,0
42996,Female,0,0,No,mature,Non-Sarcoma,126.82,23.3,anti-PD1,0
66333,Male,0,0,Yes,none,Sarcoma,78.4,64.8,anti-PD1,0
46785,Female,0,0,Yes,none,Sarcoma,63.69,28.1,none,0
54312,Female,1,0,Yes,none,Sarcoma,209.58,N/A,anti-PD1,0
21408,Female,0,0,Yes,none,Non-Sarcoma,89.86,24.4,anti-PD1,0
49916,Male,0,0,Yes,none,Non-Sarcoma,110.99,29.8,anti-PD1-CTLA4,0
7559,Female,0,0,No,children,Sarcoma,83.82,24.9,Unknown,0
71038,Male,0,0,Yes,none,Sarcoma,137.96,35.1,Unknown,0
69037,Female,0,0,Yes,none,Non-Sarcoma,210.78,32.3,anti-PD1-CTLA4,0
58617,Female,0,0,Yes,none,Non-Sarcoma,118.89,43.6,anti-PD1,0
69064,Female,0,0,No,none,Non-Sarcoma,72.55,21,anti-PD1,0
9404,Female,0,0,Yes,none,Non-Sarcoma,107.41,47.3,anti-PD1,0
8171,Female,0,0,No,children,Non-Sarcoma,93.25,16.6,Unknown,0
28286,Male,0,0,Yes,none,Non-Sarcoma,74.91,37.5,anti-PD1,0
43232,Female,0,0,No,none,Sarcoma,80.05,24.2,anti-PD1,0
10159,Male,0,0,Yes,none,Sarcoma,99.8,31.6,anti-PD1,0
34402,Female,0,0,Yes,none,Non-Sarcoma,91.97,21.6,anti-PD1-CTLA4,0
58282,Female,0,0,Yes,mature,Non-Sarcoma,64.4,31,none,0
64489,Male,0,0,Yes,mature,Non-Sarcoma,73.02,31.1,anti-PD1,0
22706,Female,0,0,No,children,Non-Sarcoma,88.11,15.5,Unknown,0
71539,Male,0,0,No,none,Sarcoma,138.29,27.3,Unknown,0
28637,Female,0,0,No,children,Non-Sarcoma,72.36,20.5,Unknown,0
64553,Female,0,0,Yes,none,Non-Sarcoma,68.76,35.6,anti-PD1-CTLA4,0
31741,Male,0,0,No,children,Non-Sarcoma,106.22,16.7,Unknown,0
69936,Female,0,0,Yes,none,Sarcoma,101.52,41.8,anti-PD1,0
46527,Male,1,1,Yes,mature,Non-Sarcoma,109.51,41.9,anti-PD1,0
22537,Male,0,0,No,children,Non-Sarcoma,85.84,16.4,Unknown,0
50611,Male,0,0,No,children,Non-Sarcoma,110.15,17.1,Unknown,0
13547,Female,0,0,Yes,none,Sarcoma,91.72,29.2,anti-PD1,0
63732,Male,1,0,Yes,none,Sarcoma,251.6,27.1,anti-PD1,0
9608,Male,0,0,No,none,Sarcoma,123.1,37.9,anti-PD1,0
10504,Male,0,0,Yes,mature,Non-Sarcoma,97.4,44.6,anti-PD1-CTLA4,0
37090,Female,0,0,Yes,none,Non-Sarcoma,68.34,22.8,anti-PD1-CTLA4,0
60148,Male,0,0,Yes,none,Sarcoma,80.81,33.2,anti-PD1,0
9637,Male,0,0,Yes,none,Non-Sarcoma,120.31,22.3,none,0
44862,Female,0,0,Yes,none,Non-Sarcoma,83.51,26.4,anti-PD1,0
52173,Male,0,0,No,none,Sarcoma,74.09,39.6,anti-PD1,0
5708,Female,0,0,No,none,Sarcoma,91.6,28.1,anti-PD1,0
23462,Female,0,0,No,none,Sarcoma,87.52,39.2,anti-PD1,0
2374,Male,1,0,Yes,none,Non-Sarcoma,213.37,36,anti-PD1,0
11091,Female,0,0,Yes,none,Non-Sarcoma,75.39,37.8,anti-PD1,0
70374,Female,0,0,Yes,none,Non-Sarcoma,122.41,40.3,none,0
15528,Male,1,0,Yes,none,Non-Sarcoma,223.36,41.5,anti-PD1-CTLA4,0
65357,Female,0,0,No,children,Non-Sarcoma,84.59,17.7,Unknown,0
49465,Female,0,0,No,children,Sarcoma,70.16,21.2,anti-PD1,0
31143,Female,0,0,No,none,Non-Sarcoma,107.52,41.6,Unknown,0
66972,Female,0,0,Yes,mature,Sarcoma,80.88,23.8,none,0
55810,Female,0,0,Yes,none,Non-Sarcoma,93.48,23.7,Unknown,0
37031,Female,0,1,Yes,mature,Sarcoma,70.21,24.8,anti-PD1,0
34608,Male,0,0,Yes,none,Non-Sarcoma,86.67,39,Unknown,0
36007,Female,0,0,Yes,none,Non-Sarcoma,101.37,37.9,anti-PD1,0
14123,Female,0,0,Yes,none,Non-Sarcoma,105.22,31.1,anti-PD1,0
48298,Female,0,0,Yes,none,Non-Sarcoma,70.31,23.2,Unknown,0
54975,Male,0,0,No,none,Non-Sarcoma,64.06,18.9,Unknown,0
27213,Male,1,0,Yes,none,Non-Sarcoma,178.29,36.1,anti-PD1,0
44749,Female,0,0,No,mature,Non-Sarcoma,81.6,36.3,none,0
46468,Female,0,0,Yes,none,Sarcoma,147.48,40.5,Unknown,0
10913,Male,0,0,No,children,Sarcoma,86.86,25.4,anti-PD1,0
51983,Female,0,0,Yes,none,Non-Sarcoma,71.16,46.5,none,0
27029,Female,0,0,No,children,Sarcoma,73.2,16.8,Unknown,0
22320,Female,0,0,Yes,none,Sarcoma,203.81,46.6,anti-PD1,0
45719,Female,0,0,No,none,Non-Sarcoma,82,26.4,anti-PD1,0
129,Female,0,0,No,none,Sarcoma,97.55,26.2,anti-PD1,0
20351,Male,0,0,Yes,mature,Sarcoma,94.29,35.2,Unknown,0
530,Female,0,0,No,children,Non-Sarcoma,75.22,20.9,Unknown,0
55351,Male,0,0,Yes,none,Sarcoma,90.07,36.8,Unknown,0
67431,Female,0,0,Yes,none,Sarcoma,73.73,34.4,anti-PD1-CTLA4,0
20546,Female,0,0,Yes,none,Sarcoma,79.58,22.2,anti-PD1,0
6107,Female,0,0,No,children,Sarcoma,77.88,13.8,Unknown,0
50305,Female,1,0,Yes,none,Non-Sarcoma,205.26,40.3,anti-PD1,0
52342,Female,0,0,Yes,none,Non-Sarcoma,58.63,28.4,none,0
59906,Female,0,0,Yes,none,Non-Sarcoma,139.9,31.7,none,0
59729,Male,0,0,Yes,none,Sarcoma,211.03,34.2,anti-PD1-CTLA4,0
53144,Female,0,1,Yes,none,Sarcoma,72.79,54.7,anti-PD1,0
3655,Male,0,0,Yes,mature,Non-Sarcoma,91.65,24.6,anti-PD1-CTLA4,0
11999,Female,0,0,Yes,mature,Non-Sarcoma,79.92,N/A,none,0
12985,Female,0,0,Yes,none,Non-Sarcoma,225.47,36.9,anti-PD1,0
38119,Male,0,0,Yes,mature,Sarcoma,94.48,31.1,anti-PD1,0
3355,Female,0,0,Yes,none,Sarcoma,82.34,31.9,anti-PD1,0
22091,Female,0,0,Yes,none,Sarcoma,180.63,31.8,anti-PD1-CTLA4,0
5010,Female,0,0,No,children,Non-Sarcoma,92.48,18,Unknown,0
67177,Male,0,0,Yes,none,Non-Sarcoma,116.66,28.5,anti-PD1-CTLA4,0
58600,Male,1,0,Yes,none,Sarcoma,112.09,29.5,anti-PD1,0
56681,Female,0,0,No,none,Sarcoma,130.34,22,anti-PD1,0
56716,Female,0,0,No,none,Sarcoma,82.59,29.4,anti-PD1,0
65946,Male,0,0,Yes,none,Non-Sarcoma,123.87,28.8,Unknown,0
61350,Male,0,0,No,mature,Non-Sarcoma,98.7,26.2,Unknown,0
17291,Female,1,0,Yes,none,Non-Sarcoma,227.1,26.9,Unknown,0
61465,Male,0,0,No,children,Non-Sarcoma,55.39,23.2,Unknown,0
18108,Male,0,0,No,mature,Sarcoma,66.07,27.9,Unknown,0
48368,Female,0,0,Yes,none,Non-Sarcoma,104.21,36.8,anti-PD1,0
36471,Male,0,0,Yes,none,Sarcoma,145.15,28.9,Unknown,0
15689,Male,0,0,Yes,mature,Sarcoma,68.19,31,anti-PD1,0
8233,Male,0,1,Yes,none,Non-Sarcoma,97.53,29.4,none,0
46436,Male,0,0,No,children,Sarcoma,122.31,15.3,anti-PD1,0
23221,Male,0,0,No,none,Sarcoma,83.51,37.1,anti-PD1,0
31830,Male,0,0,Yes,none,Sarcoma,86.46,30.5,Unknown,0
15296,Female,0,0,Yes,none,Non-Sarcoma,112.06,38.2,anti-PD1,0
7351,Male,0,0,No,none,Sarcoma,92.14,23.2,anti-PD1,0
66196,Male,0,1,No,none,Non-Sarcoma,201.76,30.2,anti-PD1-CTLA4,0
17718,Female,1,0,Yes,none,Sarcoma,74.44,45.2,none,0
31164,Female,0,0,Yes,none,Non-Sarcoma,95.93,21.8,Unknown,0
48272,Female,0,0,No,children,Non-Sarcoma,87.51,24.4,Unknown,0
2893,Female,0,0,No,children,Non-Sarcoma,72.35,17,Unknown,0
34376,Female,0,0,No,children,Non-Sarcoma,113.47,19.5,Unknown,0
18498,Female,0,0,No,none,Non-Sarcoma,103.78,49.8,anti-PD1-CTLA4,0
56735,Female,0,0,Yes,none,Non-Sarcoma,115.43,27.8,anti-PD1,0
8595,Male,0,0,Yes,none,Non-Sarcoma,95.59,25.1,anti-PD1,0
621,Male,0,0,Yes,none,Non-Sarcoma,101.52,26.8,none,0
1307,Female,1,0,Yes,none,Non-Sarcoma,170.05,60.2,none,0
35846,Female,1,0,No,none,Non-Sarcoma,217.3,27.5,anti-PD1,0
28645,Female,1,0,Yes,none,Sarcoma,196.01,28.1,anti-PD1,0
5835,Male,0,0,Yes,none,Sarcoma,92.21,27.3,Unknown,0
46474,Male,0,0,Yes,none,Non-Sarcoma,100.09,27.4,anti-PD1,0
69687,Female,0,0,No,none,Non-Sarcoma,93.88,22.2,anti-PD1,0
2953,Female,0,0,Yes,none,Non-Sarcoma,75.05,22.9,none,0
11838,Female,0,0,Yes,mature,Non-Sarcoma,70.08,26.6,anti-PD1,0
9179,Female,0,0,No,none,Sarcoma,74.2,23,none,0
38165,Female,0,0,No,none,Non-Sarcoma,69.01,32.6,anti-PD1,0
63050,Male,0,0,No,none,Non-Sarcoma,96.17,22.1,Unknown,0
22470,Male,0,0,Yes,mature,Sarcoma,184.15,N/A,Unknown,0
71585,Female,0,0,Yes,mature,Sarcoma,87.24,22.5,anti-PD1-CTLA4,0
15649,Male,1,0,Yes,none,Non-Sarcoma,198.69,N/A,none,0
11974,Male,0,0,No,children,Sarcoma,82.58,25.5,Unknown,0
3009,Female,0,0,Yes,none,Non-Sarcoma,96.88,31.4,Unknown,0
32361,Female,0,1,Yes,none,Sarcoma,73.32,26,Unknown,0
41523,Male,0,0,No,children,Non-Sarcoma,94.59,20,Unknown,0
53910,Female,0,0,Yes,none,Non-Sarcoma,132.08,31.6,none,0
67548,Female,0,0,Yes,none,Sarcoma,98.99,31.2,anti-PD1,0
50441,Male,0,0,No,none,Non-Sarcoma,104.48,21.7,anti-PD1,0
16927,Male,0,0,Yes,none,Non-Sarcoma,98.01,24.2,Unknown,0
28265,Female,0,0,Yes,none,Non-Sarcoma,79.14,25,anti-PD1-CTLA4,0
33404,Male,0,0,Yes,none,Sarcoma,89.32,36.7,Unknown,0
50965,Male,0,0,No,none,Non-Sarcoma,65.24,28.9,Unknown,0
21077,Male,0,0,Yes,none,Non-Sarcoma,80.98,29.7,anti-PD1-CTLA4,0
12982,Male,0,0,Yes,none,Sarcoma,186.17,44.3,Unknown,0
66570,Female,0,0,No,none,Non-Sarcoma,69.24,51,anti-PD1,0
29158,Female,0,0,Yes,none,Non-Sarcoma,111.19,39.7,anti-PD1-CTLA4,0
34299,Female,0,0,Yes,none,Sarcoma,93.28,34.7,anti-PD1,0
54375,Male,0,0,No,children,Non-Sarcoma,122.19,35,Unknown,0
37832,Female,0,0,No,children,Non-Sarcoma,129.53,21.3,anti-PD1,0
21058,Female,0,0,No,children,Non-Sarcoma,114.53,29.1,Unknown,0
7696,Female,0,0,No,none,Sarcoma,93.73,23.9,none,0
34668,Female,0,0,Yes,none,Sarcoma,77.49,36,anti-PD1-CTLA4,0
68483,Female,0,0,Yes,none,Sarcoma,65.38,41.2,anti-PD1-CTLA4,0
6072,Female,0,0,Yes,none,Sarcoma,94.18,27.1,anti-PD1,0
51112,Male,0,0,Yes,none,Sarcoma,118.7,33.2,Unknown,0
69673,Female,0,0,Yes,mature,Sarcoma,96.29,25.4,none,0
71238,Male,1,0,Yes,none,Non-Sarcoma,74.64,30.7,none,0
63958,Female,0,0,Yes,none,Sarcoma,96.99,34.8,anti-PD1-CTLA4,0
34511,Female,0,0,Yes,none,Non-Sarcoma,100.61,19.2,Unknown,0
24892,Male,0,0,Yes,none,Non-Sarcoma,97.08,31.7,Unknown,0
29496,Female,0,0,Yes,none,Non-Sarcoma,84.79,35.7,anti-PD1,0
19939,Female,0,0,Yes,none,Non-Sarcoma,78.75,37.8,anti-PD1-CTLA4,0
27832,Female,0,0,Yes,none,Non-Sarcoma,82.93,29.7,none,0
27757,Male,0,0,Yes,none,Sarcoma,88.78,35.8,none,0
31279,Male,0,0,No,none,Sarcoma,122.1,23.6,none,0
25099,Male,0,0,No,mature,Non-Sarcoma,74.81,39.7,none,0
67733,Female,0,0,Yes,none,Sarcoma,183.45,40.5,none,0
9201,Female,0,0,Yes,none,Sarcoma,114.94,21.4,anti-PD1,0
33123,Female,0,0,Yes,none,Non-Sarcoma,104.38,40.8,anti-PD1-CTLA4,0
21713,Male,0,0,Yes,none,Sarcoma,102.91,24.7,Unknown,0
22622,Male,0,0,No,children,Non-Sarcoma,108.79,21,Unknown,0
6726,Female,0,0,Yes,none,Sarcoma,73.31,45,anti-PD1,0
17242,Male,0,0,Yes,none,Sarcoma,68.52,26.2,anti-PD1,0
16380,Male,0,0,Yes,none,Non-Sarcoma,89.77,N/A,none,0
9729,Male,0,0,Yes,none,Sarcoma,102.64,28.3,anti-PD1,0
56974,Female,0,0,Yes,mature,Sarcoma,70.92,41.6,anti-PD1,0
29933,Female,0,0,No,children,Non-Sarcoma,86.11,19,Unknown,0
65574,Female,0,0,Yes,none,Sarcoma,129.16,32.4,anti-PD1,0
17019,Female,0,0,Yes,mature,Sarcoma,113.85,34,anti-PD1,0
41800,Female,0,0,Yes,none,Non-Sarcoma,79.35,39.4,anti-PD1-CTLA4,0
7621,Female,0,0,Yes,none,Non-Sarcoma,80.79,28.7,Unknown,0
6855,Male,1,0,Yes,none,Sarcoma,114.01,31.8,anti-PD1-CTLA4,0
5374,Male,0,0,No,none,Non-Sarcoma,93.74,31.2,anti-PD1,0
31564,Female,0,0,Yes,none,Non-Sarcoma,90.65,20.9,Unknown,0
26028,Male,0,0,Yes,none,Sarcoma,98.41,32.1,anti-PD1,0
71808,Female,0,0,No,none,Sarcoma,127.18,31,Unknown,0
56998,Female,0,0,No,children,Sarcoma,138.06,23.1,Unknown,0
14712,Male,0,0,Yes,none,Sarcoma,89.44,26.7,anti-PD1,0
23094,Male,0,0,Yes,none,Sarcoma,105.61,27.9,Unknown,0
43134,Female,0,0,No,none,Non-Sarcoma,155.43,27.3,anti-PD1,0
40622,Female,0,0,Yes,none,Non-Sarcoma,80.83,51.5,Unknown,0
39383,Female,0,0,Yes,none,Sarcoma,80.19,20.4,anti-PD1,0
63606,Male,0,0,Yes,mature,Sarcoma,60.34,29.6,anti-PD1-CTLA4,0
46438,Female,0,0,Yes,none,Sarcoma,79.3,30.6,anti-PD1-CTLA4,0
65144,Female,0,0,Yes,none,Sarcoma,98.44,33.6,Unknown,0
545,Male,0,0,Yes,none,Non-Sarcoma,210.48,71.9,anti-PD1,0
36331,Male,0,0,No,none,Non-Sarcoma,70.34,24.2,Unknown,0
42359,Male,0,0,No,children,Sarcoma,122.22,17.7,Unknown,0
20751,Female,0,0,Yes,none,Non-Sarcoma,75.29,22.6,none,0
34641,Male,0,0,No,none,Non-Sarcoma,100.35,28.1,anti-PD1,0
15791,Male,0,0,Yes,none,Sarcoma,193.83,26.5,anti-PD1,0
68241,Female,0,0,No,children,Sarcoma,126.96,28.7,Unknown,0
67780,Female,0,0,Yes,none,Sarcoma,183.34,39.5,anti-PD1-CTLA4,0
68275,Male,0,0,Yes,none,Sarcoma,247.69,35.1,Unknown,0
13129,Female,0,0,Yes,none,Non-Sarcoma,76.2,27.9,anti-PD1,0
60902,Male,0,0,No,children,Non-Sarcoma,71.43,19.3,Unknown,0
37629,Female,0,0,No,none,Non-Sarcoma,93.36,28.4,anti-PD1,0
58439,Male,0,0,No,none,Sarcoma,61.29,26.7,anti-PD1,0
62936,Male,0,0,Yes,none,Sarcoma,103.62,40.9,Unknown,0
29010,Male,0,0,No,children,Non-Sarcoma,100.52,17.2,Unknown,0
36561,Female,0,0,Yes,mature,Non-Sarcoma,191.47,28.3,anti-PD1,0
44912,Male,0,0,No,children,Sarcoma,67.06,16.1,Unknown,0
59829,Male,0,1,Yes,none,Sarcoma,144.1,27.6,anti-PD1,0
45238,Female,0,0,No,children,Sarcoma,58.26,16.5,Unknown,0
47811,Female,0,0,Yes,none,Sarcoma,239.82,35.8,anti-PD1,0
61511,Female,0,0,No,children,Non-Sarcoma,73.71,16.2,Unknown,0
55424,Female,1,0,Yes,none,Non-Sarcoma,88.53,24.6,anti-PD1,0
36942,Male,0,0,No,none,Sarcoma,114.79,32,Unknown,0
61697,Male,0,0,No,none,Non-Sarcoma,113.8,35.3,anti-PD1-CTLA4,0
55138,Female,0,0,No,none,Sarcoma,71.91,19.2,Unknown,0
39399,Female,0,0,No,none,Sarcoma,65.3,40.4,anti-PD1,0
17148,Male,0,0,Yes,none,Sarcoma,189.57,30.7,anti-PD1,0
721,Female,1,0,Yes,none,Sarcoma,114.25,24.3,anti-PD1-CTLA4,0
40448,Male,0,0,Yes,none,Sarcoma,81.26,26.4,anti-PD1-CTLA4,0
58007,Female,0,0,Yes,none,Sarcoma,87.88,34.7,none,0
15095,Male,0,0,No,none,Sarcoma,112.17,31.7,Unknown,0
11960,Male,0,0,Yes,none,Non-Sarcoma,99.97,35.6,anti-PD1,0
56179,Male,0,0,No,none,Sarcoma,207.58,22.8,none,0
24592,Female,1,0,Yes,none,Sarcoma,109.16,28,none,0
67744,Female,0,0,No,none,Sarcoma,74.46,35.6,anti-PD1-CTLA4,0
8328,Female,0,0,Yes,none,Non-Sarcoma,118.51,40.6,anti-PD1,0
32437,Female,0,0,Yes,none,Sarcoma,107.47,29.3,anti-PD1-CTLA4,0
44315,Male,0,0,No,none,Non-Sarcoma,182.86,21,Unknown,0
68245,Female,0,0,Yes,none,Non-Sarcoma,59.17,20,Unknown,0
25483,Male,0,0,Yes,none,Non-Sarcoma,215.64,26.7,anti-PD1-CTLA4,0
47732,Male,0,0,No,children,Non-Sarcoma,163.7,18.4,Unknown,0
50118,Female,0,1,Yes,none,Non-Sarcoma,196.36,34.5,anti-PD1-CTLA4,0
55420,Female,0,0,No,none,Non-Sarcoma,139.77,27.7,Unknown,0
55709,Female,0,0,Yes,none,Sarcoma,141.23,21.1,anti-PD1,0
15311,Female,0,0,Yes,none,Sarcoma,89.99,24.4,anti-PD1-CTLA4,0
53660,Male,0,0,Yes,none,Sarcoma,108.53,19.4,none,0
56553,Male,0,0,Yes,none,Sarcoma,63.61,42.3,Unknown,0
30480,Male,0,0,Yes,none,Sarcoma,85.54,32.2,none,0
31988,Female,0,0,Yes,none,Sarcoma,100.83,26.8,anti-PD1,0
59807,Female,0,0,Yes,none,Sarcoma,59.82,25.4,anti-PD1,0
45585,Female,1,0,Yes,none,Sarcoma,105.95,23.5,none,0
39639,Female,0,0,Yes,none,Non-Sarcoma,188.11,50.2,none,0
52063,Female,0,0,Yes,none,Sarcoma,71.15,26.1,anti-PD1-CTLA4,0
40639,Female,0,0,No,children,Non-Sarcoma,60.53,17.5,Unknown,0
31090,Male,0,0,No,children,Non-Sarcoma,205.5,24.2,anti-PD1,0
64174,Female,1,0,Yes,none,Sarcoma,204.86,30.8,anti-PD1,0
8544,Female,0,0,No,none,Non-Sarcoma,115.03,23.4,anti-PD1,0
27377,Male,0,0,Yes,none,Non-Sarcoma,79.87,30.9,anti-PD1,0
3361,Female,0,0,Yes,mature,Non-Sarcoma,97.89,23.6,anti-PD1,0
61408,Male,0,0,No,Never_worked,Sarcoma,125.26,18.7,anti-PD1,0
33552,Male,0,0,Yes,none,Non-Sarcoma,114.32,27.7,none,0
31364,Male,0,0,No,children,Sarcoma,92.23,16.7,Unknown,0
7446,Male,0,0,Yes,none,Sarcoma,83.51,31.2,anti-PD1,0
9906,Female,0,0,No,children,Sarcoma,102.34,17,Unknown,0
65130,Male,0,0,Yes,none,Non-Sarcoma,144.48,29.8,none,0
27794,Male,0,0,No,children,Non-Sarcoma,88.39,19.7,Unknown,0
48993,Female,0,0,Yes,none,Non-Sarcoma,228.08,29.1,Unknown,0
30753,Male,0,0,Yes,mature,Sarcoma,93.79,27.2,anti-PD1,0
46809,Male,0,0,Yes,none,Non-Sarcoma,147.14,22.3,Unknown,0
22853,Male,0,0,No,none,Non-Sarcoma,106.43,27,none,0
12465,Female,0,0,No,none,Non-Sarcoma,88.04,42.1,anti-PD1,0
64849,Female,0,0,Yes,none,Sarcoma,92.2,34.2,Unknown,0
39659,Female,0,0,Yes,mature,Sarcoma,219.53,40.9,anti-PD1,0
24183,Female,0,0,Yes,mature,Non-Sarcoma,75.56,29.4,none,0
71533,Male,0,0,Yes,none,Sarcoma,158.31,32.8,anti-PD1-CTLA4,0
35565,Male,0,0,Yes,none,Sarcoma,111.43,21.9,none,0
34558,Male,0,0,Yes,none,Non-Sarcoma,219.97,39.6,anti-PD1,0
42553,Female,0,0,Yes,none,Non-Sarcoma,148.91,28.3,anti-PD1,0
39601,Female,0,0,Yes,none,Sarcoma,69.4,47.8,anti-PD1,0
46891,Female,0,0,Yes,none,Non-Sarcoma,68.34,39.3,Unknown,0
38987,Male,0,1,Yes,none,Sarcoma,58.37,28,none,0
21886,Female,0,0,Yes,none,Sarcoma,71.2,27.1,anti-PD1,0
5353,Male,0,1,No,none,Non-Sarcoma,101.5,31.2,none,0
44300,Female,0,0,Yes,mature,Sarcoma,92.04,23.1,anti-PD1,0
48144,Female,0,0,No,mature,Non-Sarcoma,73,20.8,anti-PD1,0
46218,Female,0,0,Yes,none,Sarcoma,111.15,34.1,none,0
39745,Female,0,0,Yes,none,Non-Sarcoma,58.65,30.1,anti-PD1,0
13517,Male,0,0,Yes,none,Sarcoma,100.54,35.8,anti-PD1,0
36355,Male,0,0,Yes,mature,Non-Sarcoma,111.73,34.6,anti-PD1,0
22678,Female,0,0,Yes,mature,Sarcoma,97.78,29.8,Unknown,0
2532,Male,0,0,No,none,Non-Sarcoma,85.79,26.7,Unknown,0
52512,Male,0,0,Yes,none,Non-Sarcoma,98.54,30.2,anti-PD1,0
3579,Female,0,1,Yes,none,Sarcoma,94.62,29.7,anti-PD1-CTLA4,0
3130,Female,0,0,Yes,none,Non-Sarcoma,112.43,54.6,anti-PD1,0
5545,Male,0,0,Yes,none,Sarcoma,99.67,23.3,anti-PD1-CTLA4,0
63693,Male,0,0,No,none,Sarcoma,67.39,35.6,Unknown,0
34363,Female,0,0,Yes,none,Sarcoma,95.12,27,anti-PD1,0
23650,Male,0,0,No,children,Non-Sarcoma,85.06,21.6,anti-PD1,0
53515,Male,0,0,Yes,none,Non-Sarcoma,214.05,29.4,anti-PD1-CTLA4,0
33528,Female,0,1,Yes,none,Sarcoma,79.09,22.8,anti-PD1,0
23046,Female,0,0,Yes,none,Sarcoma,98.09,17.3,anti-PD1,0
11068,Male,0,0,Yes,none,Sarcoma,76.36,29.8,Unknown,0
62233,Female,0,0,No,none,Sarcoma,98.42,36.4,anti-PD1-CTLA4,0
7291,Female,0,0,No,none,Sarcoma,82.01,34.7,anti-PD1-CTLA4,0
36814,Female,0,0,Yes,none,Non-Sarcoma,56.11,28.7,none,0
48265,Male,0,0,Yes,mature,Non-Sarcoma,111.85,26.7,anti-PD1,0
10139,Female,0,0,Yes,none,Sarcoma,92.39,22.1,anti-PD1,0
12662,Male,1,0,Yes,none,Sarcoma,112.54,27.7,anti-PD1-CTLA4,0
43174,Female,0,0,Yes,none,Sarcoma,63.71,40.5,anti-PD1-CTLA4,0
72823,Female,0,0,Yes,none,Sarcoma,70.35,23,anti-PD1-CTLA4,0
30567,Male,1,0,Yes,none,Sarcoma,94.65,25.3,anti-PD1-CTLA4,0
41927,Female,0,0,Yes,none,Non-Sarcoma,64.64,22.1,anti-PD1,0
54866,Female,0,0,No,children,Non-Sarcoma,57.27,28,Unknown,0
20364,Female,0,0,No,children,Sarcoma,107.25,12,Unknown,0
21117,Female,0,0,No,none,Non-Sarcoma,77.12,28.4,anti-PD1,0
50491,Male,0,0,Yes,none,Sarcoma,55.32,29.6,none,0
61013,Male,0,0,No,none,Non-Sarcoma,69.37,36.2,Unknown,0
71010,Female,0,0,No,none,Sarcoma,57.57,22.8,anti-PD1,0
23551,Male,0,0,Yes,none,Sarcoma,87.43,55.7,Unknown,0
10997,Female,0,0,Yes,none,Non-Sarcoma,98.73,24.3,anti-PD1,0
12738,Male,0,0,Yes,none,Non-Sarcoma,81.18,26.9,anti-PD1,0
57772,Female,0,0,Yes,mature,Non-Sarcoma,56.23,25.3,anti-PD1,0
16615,Male,1,0,Yes,none,Non-Sarcoma,69.61,35.3,anti-PD1,0
62999,Male,0,0,No,children,Non-Sarcoma,59.49,18.3,Unknown,0
68995,Female,1,0,No,none,Non-Sarcoma,118.14,N/A,anti-PD1-CTLA4,0
66184,Male,0,0,Yes,mature,Non-Sarcoma,100.26,26,Unknown,0
53010,Male,0,0,Yes,none,Non-Sarcoma,56.75,21,anti-PD1,0
967,Male,0,1,Yes,none,Sarcoma,88.27,N/A,anti-PD1,0
31145,Female,0,0,No,none,Sarcoma,67.81,55.7,anti-PD1,0
54338,Female,0,0,Yes,mature,Non-Sarcoma,77.46,27.6,anti-PD1,0
22870,Male,0,0,No,children,Sarcoma,76.26,20.5,anti-PD1,0
13223,Female,0,0,Yes,mature,Non-Sarcoma,86.39,30.2,anti-PD1,0
57523,Female,0,0,Yes,none,Sarcoma,116.38,21.9,anti-PD1-CTLA4,0
67932,Female,0,0,Yes,none,Non-Sarcoma,75.74,28.8,none,0
10255,Male,0,0,Yes,none,Non-Sarcoma,92.14,36.2,Unknown,0
68131,Female,0,0,No,none,Non-Sarcoma,149.95,25.9,anti-PD1,0
29873,Male,1,0,Yes,mature,Sarcoma,92.11,N/A,anti-PD1,0
54182,Female,0,0,No,none,Non-Sarcoma,74.98,21.4,anti-PD1,0
61300,Male,0,0,No,none,Sarcoma,55.25,20.4,anti-PD1,0
15274,Female,0,0,No,children,Non-Sarcoma,79.89,31.6,Unknown,0
53016,Female,0,0,No,children,Sarcoma,130.61,14.4,Unknown,0
28848,Male,0,0,No,none,Sarcoma,94.26,23.7,Unknown,0
27012,Male,0,0,No,none,Sarcoma,94.34,30.2,anti-PD1-CTLA4,0
7745,Female,0,0,Yes,none,Sarcoma,109.03,19.5,anti-PD1-CTLA4,0
20541,Female,1,0,Yes,none,Non-Sarcoma,81.03,32.6,anti-PD1,0
5892,Female,1,0,Yes,none,Non-Sarcoma,99.82,34.2,anti-PD1,0
66883,Female,0,0,Yes,none,Sarcoma,140.08,43,anti-PD1,0
43196,Female,0,0,Yes,none,Sarcoma,59.54,42.2,Unknown,0
12593,Female,0,0,No,none,Sarcoma,80.33,19.7,anti-PD1,0
51514,Female,0,0,No,children,Sarcoma,131.51,41.7,anti-PD1,0
15553,Female,0,0,Yes,none,Non-Sarcoma,89.21,21.6,anti-PD1-CTLA4,0
45796,Female,0,0,Yes,none,Non-Sarcoma,91.45,24.2,anti-PD1,0
31840,Female,0,0,No,children,Non-Sarcoma,90.58,19.2,Unknown,0
58767,Female,0,0,Yes,none,Sarcoma,91.45,25.8,Unknown,0
14391,Female,0,0,Yes,none,Non-Sarcoma,89.63,23.2,none,0
22321,Female,0,0,Yes,none,Sarcoma,124.06,20.8,anti-PD1,0
38184,Female,1,0,Yes,none,Non-Sarcoma,99.47,28.4,anti-PD1,0
13997,Male,0,0,Yes,none,Sarcoma,88.97,30.2,anti-PD1,0
41673,Female,0,0,Yes,none,Non-Sarcoma,80.93,23.1,anti-PD1,0
27796,Female,0,0,Yes,none,Sarcoma,102.07,16.7,none,0
18390,Female,0,0,No,none,Non-Sarcoma,91.69,39.5,Unknown,0
63409,Female,0,0,Yes,none,Sarcoma,63.71,33.8,none,0
9752,Female,0,0,Yes,mature,Non-Sarcoma,200.49,34.6,none,0
72882,Male,0,0,Yes,none,Non-Sarcoma,75.3,25,anti-PD1-CTLA4,0
49744,Female,0,0,Yes,none,Sarcoma,240.71,43.9,anti-PD1-CTLA4,0
49086,Female,0,0,No,none,Sarcoma,60.5,27.1,anti-PD1-CTLA4,0
40866,Female,0,0,Yes,none,Non-Sarcoma,131.85,25.9,Unknown,0
47523,Female,0,0,No,none,Non-Sarcoma,134.39,22.7,anti-PD1-CTLA4,0
63561,Male,0,0,Yes,none,Sarcoma,56.18,27.1,anti-PD1,0
51422,Female,1,0,Yes,none,Non-Sarcoma,113.64,25.6,anti-PD1-CTLA4,0
56870,Female,0,0,No,none,Non-Sarcoma,156.57,28.4,Unknown,0
3590,Female,1,0,No,none,Non-Sarcoma,80.4,57.5,anti-PD1,0
60665,Male,0,0,No,none,Sarcoma,59.26,35.8,none,0
40791,Female,0,0,No,children,Non-Sarcoma,63.26,19.5,Unknown,0
54304,Female,0,0,Yes,none,Sarcoma,86.24,31.2,anti-PD1,0
22485,Male,0,0,Yes,none,Sarcoma,197.1,43.6,anti-PD1-CTLA4,0
18430,Female,0,0,Yes,none,Sarcoma,90.9,31.2,anti-PD1-CTLA4,0
19234,Female,0,0,No,none,Non-Sarcoma,84.59,23.5,Unknown,0
52454,Male,0,0,No,children,Non-Sarcoma,121.8,18.7,Unknown,0
13365,Male,0,0,Yes,none,Non-Sarcoma,77.65,24.4,none,0
60983,Male,0,0,Yes,none,Sarcoma,64.41,29.4,none,0
14615,Female,0,0,No,none,Sarcoma,75.19,37,none,0
50277,Female,0,0,Yes,none,Non-Sarcoma,67.97,29.4,none,0
50811,Male,0,0,No,none,Sarcoma,119.34,38.5,anti-PD1,0
16575,Male,0,0,No,none,Non-Sarcoma,94.92,23.5,anti-PD1,0
1246,Female,0,0,Yes,mature,Non-Sarcoma,107.42,N/A,anti-PD1,0
11176,Male,0,0,No,children,Non-Sarcoma,85.02,16.3,Unknown,0
30712,Male,0,0,Yes,none,Sarcoma,103.51,35.9,anti-PD1,0
31308,Female,0,0,Yes,none,Sarcoma,114.5,35.9,anti-PD1-CTLA4,0
9612,Male,0,0,No,children,Sarcoma,70.78,20.3,Unknown,0
3325,Male,0,0,Yes,none,Non-Sarcoma,95.01,32.3,none,0
52808,Male,0,0,Yes,none,Sarcoma,84.11,27.9,anti-PD1,0
41513,Female,0,0,Yes,none,Sarcoma,74.02,22.3,anti-PD1,0
36109,Male,0,0,Yes,none,Sarcoma,78.49,31.8,none,0
53336,Female,0,0,Yes,mature,Sarcoma,74.22,29.7,Unknown,0
56831,Female,0,0,Yes,none,Sarcoma,55.34,27.1,none,0
52580,Female,0,0,No,none,Non-Sarcoma,75.04,24.5,anti-PD1,0
55592,Male,0,0,Yes,none,Non-Sarcoma,109.73,28.9,anti-PD1,0
33723,Female,0,0,No,children,Sarcoma,95.81,N/A,Unknown,0
26235,Male,0,0,No,none,Non-Sarcoma,96.78,24.6,none,0
16685,Female,1,0,Yes,none,Sarcoma,194.62,31.6,anti-PD1,0
44583,Female,0,1,Yes,none,Non-Sarcoma,70.02,32.3,anti-PD1,0
25315,Male,0,0,Yes,none,Sarcoma,222.21,41.1,none,0
58227,Female,0,0,Yes,mature,Non-Sarcoma,62.41,30,anti-PD1,0
60810,Male,0,0,Yes,none,Sarcoma,55.83,26.4,anti-PD1,0
34612,Male,0,0,Yes,mature,Non-Sarcoma,65.12,30,anti-PD1,0
8320,Male,0,0,No,children,Non-Sarcoma,73.62,20.8,Unknown,0
25595,Female,1,0,Yes,none,Sarcoma,85.83,44,anti-PD1-CTLA4,0
30550,Female,0,0,No,none,Sarcoma,103.86,30.6,Unknown,0
49529,Female,0,0,No,children,Sarcoma,60.98,17.2,Unknown,0
13367,Female,0,0,Yes,none,Non-Sarcoma,82.69,29.1,Unknown,0
33585,Female,0,0,Yes,none,Non-Sarcoma,250.2,27.4,Unknown,0
49785,Female,0,0,No,none,Non-Sarcoma,128.97,23.5,Unknown,0
6886,Male,0,0,No,none,Non-Sarcoma,84.31,31.8,anti-PD1,0
38609,Male,0,0,Yes,mature,Non-Sarcoma,74.8,23.5,anti-PD1,0
22159,Female,1,0,No,none,Sarcoma,97.06,28.5,anti-PD1-CTLA4,0
37413,Female,0,0,Yes,none,Sarcoma,77.54,32.7,Unknown,0
4169,Female,0,0,No,none,Non-Sarcoma,92.78,54.2,anti-PD1,0
40055,Female,0,0,No,none,Non-Sarcoma,173.43,25.6,none,0
18888,Female,0,0,Yes,none,Sarcoma,79.08,41.2,anti-PD1,0
45283,Female,0,0,Yes,none,Sarcoma,106.18,27,none,0
42503,Female,0,0,Yes,none,Non-Sarcoma,114.21,21.3,anti-PD1,0
23645,Female,0,0,No,none,Non-Sarcoma,91.08,34.3,anti-PD1,0
62382,Male,0,0,Yes,none,Sarcoma,105.77,29.5,Unknown,0
59521,Male,0,0,Yes,none,Non-Sarcoma,74.88,31.6,none,0
55386,Male,0,0,Yes,none,Non-Sarcoma,123.15,26.1,none,0
22685,Male,0,0,No,none,Non-Sarcoma,184.25,27.5,anti-PD1,0
46745,Male,0,0,Yes,mature,Non-Sarcoma,117.69,26.5,anti-PD1,0
72547,Male,0,0,Yes,none,Non-Sarcoma,55.26,33.2,Unknown,0
26973,Female,0,0,Yes,none,Sarcoma,106.51,40.2,anti-PD1,0
41033,Female,0,0,Yes,mature,Non-Sarcoma,55.27,32.5,anti-PD1-CTLA4,0
5046,Male,0,0,No,none,Sarcoma,98.42,23.4,Unknown,0
71442,Female,0,0,Yes,none,Non-Sarcoma,99.2,32.5,anti-PD1,0
49624,Male,0,0,Yes,none,Sarcoma,98.92,23.9,anti-PD1-CTLA4,0
10572,Female,0,0,Yes,none,Non-Sarcoma,92.7,29.5,anti-PD1,0
55847,Male,0,0,No,none,Non-Sarcoma,106.7,24,anti-PD1,0
42441,Male,0,0,No,children,Sarcoma,152.81,17.7,Unknown,0
28910,Female,0,0,Yes,none,Sarcoma,82.59,26.2,anti-PD1-CTLA4,0
10381,Female,1,0,Yes,none,Sarcoma,91,33.3,anti-PD1,0
14387,Male,0,0,No,children,Sarcoma,93.88,17.4,Unknown,0
31956,Female,0,0,Yes,none,Sarcoma,76.99,29,anti-PD1,0
17813,Female,0,1,Yes,none,Non-Sarcoma,254.6,21.7,Unknown,0
24665,Female,1,0,Yes,none,Non-Sarcoma,93.99,37.8,anti-PD1-CTLA4,0
13683,Female,0,0,Yes,none,Sarcoma,109.68,41.8,anti-PD1,0
7387,Female,1,0,Yes,none,Non-Sarcoma,92.04,24.2,anti-PD1,0
57011,Female,0,0,Yes,none,Non-Sarcoma,111.41,31.1,anti-PD1,0
22384,Female,0,0,Yes,none,Non-Sarcoma,97.92,23.1,anti-PD1,0
24108,Male,0,0,No,none,Sarcoma,65.61,25.1,Unknown,0
50053,Male,0,0,No,none,Sarcoma,62.37,41.3,anti-PD1,0
69427,Female,0,0,No,none,Sarcoma,101.28,22.7,anti-PD1,0
21688,Female,0,0,Yes,none,Non-Sarcoma,88.31,24,none,0
60777,Female,0,0,Yes,mature,Non-Sarcoma,103.55,20.5,anti-PD1-CTLA4,0
64732,Female,0,0,No,none,Sarcoma,60.26,20.4,anti-PD1,0
42710,Female,0,0,No,none,Sarcoma,79.39,27.6,anti-PD1,0
46683,Female,0,0,No,none,Sarcoma,122.01,27,none,0
58909,Female,0,0,No,children,Non-Sarcoma,78.09,26.4,Unknown,0
51125,Female,0,0,Yes,none,Sarcoma,89.7,34.9,none,0
29077,Female,0,0,Yes,none,Non-Sarcoma,95.1,35,anti-PD1,0
4970,Male,0,0,Yes,none,Non-Sarcoma,112.64,28.5,anti-PD1-CTLA4,0
58291,Female,0,0,Yes,none,Non-Sarcoma,79.8,32.3,anti-PD1-CTLA4,0
18616,Female,0,0,Yes,none,Sarcoma,82.2,23.9,Unknown,0
99,Female,0,0,No,none,Sarcoma,108.89,52.3,Unknown,0
55529,Male,0,0,Yes,none,Non-Sarcoma,114.32,26.4,anti-PD1,0
12204,Female,0,0,No,mature,Non-Sarcoma,116.14,20.9,anti-PD1,0
21397,Female,0,0,Yes,mature,Sarcoma,122.74,23.3,Unknown,0
64633,Female,0,0,Yes,none,Sarcoma,94.04,32.7,anti-PD1,0
23016,Male,0,0,Yes,none,Non-Sarcoma,86.6,26.5,anti-PD1,0
18412,Male,0,0,Yes,none,Non-Sarcoma,82.32,27.9,Unknown,0
67412,Female,0,0,Yes,none,Non-Sarcoma,83.83,30.3,anti-PD1,0
37545,Male,0,0,No,mature,Sarcoma,106.98,27.6,anti-PD1,0
10324,Female,0,0,No,children,Sarcoma,93.88,14.6,Unknown,0
14491,Male,0,0,Yes,mature,Sarcoma,70.53,40.9,none,0
64582,Male,1,0,Yes,mature,Non-Sarcoma,212.01,28.4,anti-PD1,0
25514,Male,0,0,No,children,Non-Sarcoma,65.88,23.7,Unknown,0
7663,Male,0,0,No,mature,Non-Sarcoma,106.97,27.9,anti-PD1-CTLA4,0
66220,Male,0,0,Yes,none,Sarcoma,126.35,25.2,anti-PD1,0
71793,Female,0,0,No,none,Sarcoma,129.16,34.4,Unknown,0
25458,Female,1,0,Yes,mature,Non-Sarcoma,88.66,36.7,anti-PD1-CTLA4,0
69645,Male,0,0,Yes,mature,Non-Sarcoma,112.95,22.2,anti-PD1-CTLA4,0
53695,Male,0,0,Yes,mature,Sarcoma,81.59,27.2,anti-PD1,0
26692,Female,0,0,Yes,mature,Non-Sarcoma,76.82,27.3,anti-PD1,0
33400,Male,0,0,Yes,mature,Non-Sarcoma,73.75,27.3,none,0
67078,Female,1,0,Yes,none,Sarcoma,91.56,42.2,anti-PD1,0
32352,Female,0,0,Yes,mature,Non-Sarcoma,104.55,26.4,anti-PD1,0
22540,Female,0,0,Yes,mature,Sarcoma,84.84,39.4,Unknown,0
26999,Male,1,1,Yes,mature,Non-Sarcoma,86.06,34.8,anti-PD1,0
65218,Male,0,0,No,children,Non-Sarcoma,109.1,20,Unknown,0
30102,Male,0,0,Yes,none,Non-Sarcoma,68.35,34.1,anti-PD1,0
49521,Female,0,0,Yes,none,Sarcoma,121.04,31.4,Unknown,0
54643,Male,0,0,No,children,Non-Sarcoma,160.83,17.8,Unknown,0
29134,Female,0,0,Yes,none,Non-Sarcoma,85.62,46.1,none,0
68281,Female,0,0,Yes,mature,Sarcoma,74.23,28.1,anti-PD1-CTLA4,0
40350,Female,0,0,No,none,Sarcoma,110.76,24.7,anti-PD1-CTLA4,0
33410,Female,0,0,No,mature,Sarcoma,79.44,22.7,anti-PD1,0
39375,Female,0,0,Yes,none,Non-Sarcoma,119.52,34.6,anti-PD1,0
2543,Female,0,0,Yes,none,Non-Sarcoma,90.42,21.4,anti-PD1,0
45289,Female,0,0,No,children,Sarcoma,109.32,27.4,Unknown,0
12106,Male,1,0,Yes,mature,Non-Sarcoma,78.16,36.6,anti-PD1,0
10792,Female,0,0,No,none,Non-Sarcoma,79.13,32.9,anti-PD1-CTLA4,0
19153,Female,0,0,No,none,Sarcoma,84.06,24.7,anti-PD1,0
47876,Male,0,0,No,children,Non-Sarcoma,89.3,21.4,Unknown,0
25283,Female,0,0,Yes,none,Sarcoma,69.21,33.1,anti-PD1,0
12270,Male,0,0,Yes,mature,Non-Sarcoma,186.45,26.7,anti-PD1,0
49949,Male,0,0,Yes,none,Sarcoma,58.47,24.4,anti-PD1,0
50826,Female,0,0,Yes,mature,Non-Sarcoma,189.49,25.8,Unknown,0
28681,Female,1,0,Yes,none,Sarcoma,99.6,34.3,anti-PD1-CTLA4,0
41615,Female,0,0,No,children,Non-Sarcoma,126.18,18.1,Unknown,0
14147,Male,0,0,Yes,none,Sarcoma,186.32,43.8,none,0
41537,Female,0,0,No,none,Non-Sarcoma,62.49,26.9,anti-PD1,0
62332,Female,0,0,Yes,none,Non-Sarcoma,74.51,36.6,anti-PD1,0
25488,Female,0,0,Yes,none,Sarcoma,94.63,24.9,anti-PD1,0
45759,Female,0,0,Yes,none,Non-Sarcoma,91.98,27.6,none,0
71929,Male,0,0,No,children,Non-Sarcoma,56.77,20.9,Unknown,0
14807,Female,0,0,Yes,none,Sarcoma,75.87,30.3,anti-PD1,0
16110,Female,0,0,No,none,Non-Sarcoma,77.19,37.4,none,0
40970,Male,0,0,Yes,none,Sarcoma,135.75,35.9,none,0
28933,Female,0,0,Yes,none,Non-Sarcoma,100.15,50.3,none,0
11709,Male,0,0,No,none,Sarcoma,95.08,31.5,anti-PD1,0
37154,Female,0,0,Yes,none,Sarcoma,125.38,24.4,none,0
16809,Male,0,0,Yes,none,Sarcoma,111.71,38.9,anti-PD1-CTLA4,0
13907,Male,0,0,Yes,none,Non-Sarcoma,94.64,28.6,anti-PD1,0
2314,Male,0,0,Yes,none,Sarcoma,226.7,N/A,none,0
70380,Female,0,0,No,none,Sarcoma,112.96,27.5,anti-PD1,0
63058,Female,0,1,Yes,none,Non-Sarcoma,183.1,N/A,anti-PD1,0
54071,Female,0,0,Yes,none,Sarcoma,105.36,43.7,Unknown,0
67405,Female,0,0,Yes,none,Sarcoma,84.13,27,anti-PD1,0
28024,Male,0,0,Yes,none,Non-Sarcoma,102.47,29.3,anti-PD1-CTLA4,0
11730,Female,1,0,Yes,mature,Non-Sarcoma,77.04,34.7,anti-PD1,0
2549,Female,0,0,No,none,Non-Sarcoma,83.23,N/A,anti-PD1,0
17245,Female,0,0,Yes,none,Non-Sarcoma,87.01,39.9,anti-PD1,0
70852,Male,0,0,Yes,none,Non-Sarcoma,56.99,26.7,anti-PD1,0
60957,Male,0,0,Yes,none,Non-Sarcoma,73.01,24.8,anti-PD1-CTLA4,0
19742,Female,0,0,Yes,none,Sarcoma,106.35,29.7,anti-PD1,0
10782,Female,0,0,No,children,Non-Sarcoma,80.63,15.9,Unknown,0
61742,Male,0,0,No,none,Sarcoma,103.61,31.4,anti-PD1,0
4808,Female,0,0,Yes,none,Sarcoma,91.35,N/A,anti-PD1-CTLA4,0
13571,Male,0,0,Yes,mature,Sarcoma,194.04,27.8,anti-PD1,0
49928,Female,0,0,Yes,mature,Non-Sarcoma,111.99,35.5,anti-PD1-CTLA4,0
52688,Male,1,0,Yes,none,Non-Sarcoma,57.51,31.7,none,0
24099,Male,0,0,No,none,Non-Sarcoma,68.49,33.2,anti-PD1,0
65698,Female,0,0,Yes,none,Sarcoma,60.2,27.7,anti-PD1-CTLA4,0
47885,Male,0,0,Yes,none,Sarcoma,160,31.9,anti-PD1-CTLA4,0
13948,Female,0,0,No,Never_worked,Sarcoma,86.96,25.8,anti-PD1,0
17351,Female,0,0,Yes,none,Non-Sarcoma,237.15,27.7,anti-PD1,0
820,Female,1,0,Yes,none,Non-Sarcoma,99.06,23.4,anti-PD1,0
55721,Male,0,1,Yes,none,Sarcoma,56.31,24.3,anti-PD1-CTLA4,0
72310,Male,1,1,Yes,none,Sarcoma,84.31,30.3,none,0
24115,Female,0,0,Yes,none,Non-Sarcoma,90.92,29.1,anti-PD1,0
65766,Female,0,0,No,none,Non-Sarcoma,104.33,20.1,anti-PD1,0
42482,Female,0,0,No,children,Sarcoma,62.61,21.2,Unknown,0
25627,Male,1,0,Yes,none,Sarcoma,231.19,31.6,anti-PD1-CTLA4,0
7122,Female,0,0,No,none,Non-Sarcoma,94.3,41.6,Unknown,0
48755,Male,0,0,Yes,none,Non-Sarcoma,104.48,36.4,none,0
33551,Female,1,0,Yes,none,Sarcoma,72.62,30.5,anti-PD1,0
62716,Female,0,0,Yes,none,Sarcoma,81.64,32.8,Unknown,0
68438,Female,0,0,Yes,none,Non-Sarcoma,90.78,32.3,anti-PD1,0
41148,Male,0,1,Yes,none,Sarcoma,70.71,30.1,anti-PD1,0
14924,Male,0,0,Yes,none,Sarcoma,72.36,34.7,none,0
47950,Female,0,0,Yes,none,Sarcoma,59.76,29.7,Unknown,0
8008,Female,0,0,No,mature,Sarcoma,83.76,N/A,none,0
56089,Female,0,0,Yes,none,Non-Sarcoma,63.64,31.3,anti-PD1-CTLA4,0
9262,Female,0,0,Yes,none,Non-Sarcoma,76.26,35.6,anti-PD1,0
71896,Female,0,0,Yes,none,Non-Sarcoma,82.06,35.2,anti-PD1-CTLA4,0
38623,Male,0,0,No,none,Sarcoma,110.91,27.6,anti-PD1,0
26503,Female,0,0,No,none,Non-Sarcoma,77.16,35.2,none,0
5475,Female,0,0,Yes,none,Non-Sarcoma,69.58,28.1,Unknown,0
15525,Female,0,0,Yes,none,Sarcoma,96.26,31.8,Unknown,0
48748,Female,0,0,Yes,none,Non-Sarcoma,87.27,23.3,none,0
11745,Female,0,0,Yes,none,Sarcoma,65.36,28.8,anti-PD1-CTLA4,0
17733,Female,0,0,No,children,Non-Sarcoma,109.51,19.5,Unknown,0
71591,Female,0,0,Yes,none,Sarcoma,89.03,30,none,0
11743,Female,0,0,Yes,none,Sarcoma,91.34,25.5,anti-PD1-CTLA4,0
67864,Male,0,0,Yes,none,Non-Sarcoma,57.82,28.8,anti-PD1-CTLA4,0
34857,Male,0,0,Yes,none,Sarcoma,81.15,40.2,anti-PD1-CTLA4,0
34995,Female,0,0,Yes,none,Non-Sarcoma,115.29,32.9,Unknown,0
3606,Male,0,0,No,children,Sarcoma,111.02,22.4,Unknown,0
22952,Female,0,0,No,mature,Sarcoma,111.61,36.9,none,0
32554,Female,0,0,No,children,Non-Sarcoma,109.02,19.8,Unknown,0
45893,Female,0,0,No,children,Sarcoma,106.51,12.3,Unknown,0
72020,Male,0,1,Yes,none,Non-Sarcoma,207.32,32.4,none,0
57879,Female,0,0,Yes,none,Sarcoma,87.11,24.8,anti-PD1,0
53538,Female,0,0,No,children,Sarcoma,61.68,16.4,Unknown,0
17006,Male,0,0,No,none,Non-Sarcoma,119.04,35.9,Unknown,0
36638,Male,0,0,Yes,none,Sarcoma,86.05,23,Unknown,0
41097,Female,1,0,No,none,Sarcoma,70.03,78,none,0
36618,Male,0,1,Yes,none,Sarcoma,207.64,30.5,anti-PD1-CTLA4,0
37290,Male,0,0,Yes,none,Non-Sarcoma,236.84,26.8,anti-PD1,0
54620,Male,0,0,Yes,none,Sarcoma,78.11,35.3,anti-PD1,0
42108,Female,0,0,No,mature,Non-Sarcoma,100.97,27.9,anti-PD1,0
19681,Female,0,0,Yes,none,Sarcoma,99.21,22.1,anti-PD1,0
6988,Female,0,0,Yes,none,Sarcoma,113.21,38.3,anti-PD1,0
25287,Male,0,0,Yes,none,Sarcoma,92.95,41,anti-PD1,0
224,Female,0,0,No,none,Sarcoma,110.16,N/A,anti-PD1,0
56679,Male,0,0,No,none,Non-Sarcoma,142.57,22.8,Unknown,0
27146,Female,0,0,No,none,Non-Sarcoma,92.87,30.1,anti-PD1,0
16556,Male,0,0,No,Never_worked,Non-Sarcoma,111.48,20.8,Unknown,0
5934,Female,0,0,Yes,none,Sarcoma,123,31.7,anti-PD1,0
58999,Male,0,0,Yes,mature,Sarcoma,100.54,30.1,anti-PD1,0
28261,Male,0,1,Yes,none,Sarcoma,106.68,30.8,anti-PD1,0
35222,Female,0,0,Yes,none,Sarcoma,86.4,42.6,anti-PD1,0
44105,Female,1,0,Yes,none,Sarcoma,61.81,37.1,Unknown,0
65256,Female,0,0,Yes,none,Non-Sarcoma,128.28,34.2,anti-PD1,0
62709,Female,0,0,Yes,none,Non-Sarcoma,204.63,43.4,anti-PD1,0
36698,Female,0,0,Yes,none,Sarcoma,89.98,18.7,none,0
7273,Female,0,0,Yes,none,Sarcoma,232.89,34,none,0
20044,Female,0,0,Yes,none,Non-Sarcoma,98.58,23.2,anti-PD1,0
54769,Male,0,0,No,none,Sarcoma,57.94,41.7,Unknown,0
57372,Male,0,0,No,children,Non-Sarcoma,123.21,15.1,Unknown,0
30605,Female,0,0,No,none,Sarcoma,76.34,20.6,none,0
13622,Male,0,0,No,children,Non-Sarcoma,92.98,18.9,Unknown,0
12686,Male,0,0,No,mature,Non-Sarcoma,92.81,26.6,anti-PD1,0
39250,Male,0,0,Yes,none,Sarcoma,85.16,30.1,none,0
2879,Female,0,0,No,none,Sarcoma,90.1,32.1,anti-PD1,0
59684,Female,0,0,No,children,Sarcoma,65.15,15.1,Unknown,0
48830,Male,0,0,Yes,none,Sarcoma,104.62,33.5,none,0
56986,Male,0,0,No,Never_worked,Sarcoma,113.25,23.4,anti-PD1,0
47924,Male,0,0,No,none,Sarcoma,59.28,43.2,anti-PD1,0
16402,Female,0,0,No,children,Sarcoma,93.07,19.1,Unknown,0
40889,Male,0,0,No,none,Non-Sarcoma,77.42,26.1,Unknown,0
4083,Female,0,0,No,none,Non-Sarcoma,73.69,17.3,anti-PD1,0
59336,Male,1,0,Yes,none,Non-Sarcoma,74.9,32.1,anti-PD1,0
5684,Male,0,0,No,none,Sarcoma,88.27,N/A,anti-PD1-CTLA4,0
48843,Female,0,0,No,none,Sarcoma,58.39,30.4,anti-PD1,0
5694,Male,0,0,No,none,Non-Sarcoma,102.05,29.9,anti-PD1,0
3673,Female,0,0,Yes,none,Non-Sarcoma,112.47,32.8,none,0
44481,Female,0,0,No,none,Non-Sarcoma,72.84,22.7,anti-PD1,0
10538,Male,1,1,Yes,none,Sarcoma,195.03,28.7,anti-PD1-CTLA4,0
9648,Female,0,1,Yes,none,Sarcoma,170.95,35.2,anti-PD1,0
19101,Female,0,0,No,none,Sarcoma,87.98,22.4,anti-PD1,0
31867,Female,0,0,No,none,Non-Sarcoma,65.81,32.3,Unknown,0
11973,Female,0,0,No,children,Sarcoma,124.6,18.6,Unknown,0
23633,Female,0,0,Yes,none,Non-Sarcoma,83.65,42.1,none,0
52549,Male,0,0,Yes,mature,Non-Sarcoma,88.81,38,anti-PD1-CTLA4,0
59178,Female,0,0,No,children,Sarcoma,86.75,22.3,Unknown,0
37349,Female,0,0,Yes,none,Non-Sarcoma,123.36,33.4,anti-PD1,0
44281,Male,0,0,No,none,Non-Sarcoma,89.68,23.2,none,0
55599,Female,0,0,No,children,Non-Sarcoma,69.87,18,Unknown,0
45224,Female,0,0,Yes,none,Non-Sarcoma,109.22,20.1,anti-PD1,0
54747,Male,0,0,No,children,Non-Sarcoma,157.57,19.2,Unknown,0
2751,Male,0,0,Yes,mature,Sarcoma,110.73,28.7,none,0
6090,Male,0,0,Yes,none,Sarcoma,99.14,28.1,anti-PD1,0
46385,Female,0,0,Yes,none,Sarcoma,59.15,22.6,anti-PD1,0
46323,Female,0,0,No,children,Non-Sarcoma,165.11,18,Unknown,0
28122,Female,0,0,Yes,none,Non-Sarcoma,77.44,21.4,anti-PD1-CTLA4,0
50843,Male,0,0,No,none,Non-Sarcoma,100.33,27.8,Unknown,0
64464,Male,0,0,Yes,none,Sarcoma,57.93,27.6,Unknown,0
66922,Male,1,1,No,none,Non-Sarcoma,148.24,32.2,anti-PD1-CTLA4,0
66494,Male,0,0,Yes,none,Sarcoma,91.96,24.9,Unknown,0
42786,Male,0,1,Yes,none,Non-Sarcoma,72.93,27.1,anti-PD1-CTLA4,0
33401,Male,0,0,Yes,none,Non-Sarcoma,84.27,24.6,Unknown,0
24174,Female,0,0,Yes,mature,Non-Sarcoma,124.45,24.6,anti-PD1,0
60211,Male,0,0,No,children,Sarcoma,90.51,18.9,Unknown,0
53279,Male,0,0,No,children,Non-Sarcoma,118.87,16.3,Unknown,0
61715,Male,0,0,Yes,none,Non-Sarcoma,56.42,31.8,anti-PD1,0
37830,Female,0,0,No,none,Sarcoma,73.67,21,Unknown,0
2454,Male,0,0,No,children,Non-Sarcoma,89.11,20.1,Unknown,0
60663,Male,1,0,Yes,none,Non-Sarcoma,74.04,29.1,anti-PD1,0
46875,Male,0,0,Yes,none,Sarcoma,145.23,32.3,anti-PD1,0
69091,Female,0,1,Yes,none,Non-Sarcoma,100.8,29.4,anti-PD1,0
1821,Female,0,0,Yes,none,Sarcoma,85.22,50.2,anti-PD1,0
44978,Male,0,0,Yes,mature,Non-Sarcoma,72.49,44.9,anti-PD1-CTLA4,0
3437,Female,0,0,No,none,Sarcoma,82.61,28.5,none,0
6355,Female,0,0,No,children,Non-Sarcoma,72.07,19.5,Unknown,0
10762,Female,0,0,Yes,none,Non-Sarcoma,79.85,45,Unknown,0
58567,Female,0,0,Yes,none,Non-Sarcoma,84.86,22.8,Unknown,0
62187,Male,0,0,No,children,Sarcoma,131.89,25.5,Unknown,0
84,Male,0,0,Yes,none,Sarcoma,89.17,31.5,anti-PD1,0
8521,Male,0,0,Yes,none,Non-Sarcoma,227.91,31.6,anti-PD1-CTLA4,0
72779,Female,0,0,No,children,Sarcoma,131.77,31,Unknown,0
45824,Female,1,0,Yes,none,Sarcoma,102.01,29.5,Unknown,0
61838,Female,0,0,Yes,mature,Sarcoma,128.63,23.1,Unknown,0
57212,Male,0,0,No,none,Sarcoma,144.1,30.7,none,0
62668,Female,0,0,Yes,none,Sarcoma,143.15,44.7,anti-PD1-CTLA4,0
33142,Male,0,0,Yes,none,Non-Sarcoma,116.67,33.5,anti-PD1,0
17437,Female,0,0,Yes,none,Non-Sarcoma,85.6,25.9,Unknown,0
38303,Female,0,0,Yes,none,Sarcoma,142.12,28.3,anti-PD1,0
12396,Female,0,0,No,none,Sarcoma,100.81,26.8,Unknown,0
36484,Female,0,0,Yes,mature,Sarcoma,69.17,27.8,anti-PD1,0
60047,Male,0,0,No,none,Non-Sarcoma,58.38,36,anti-PD1,0
16542,Female,0,0,Yes,mature,Sarcoma,86.34,22.1,anti-PD1,0
18805,Male,0,0,Yes,none,Sarcoma,95.44,38.4,anti-PD1,0
17869,Female,0,0,Yes,none,Sarcoma,94.78,30.1,Unknown,0
6793,Female,0,0,Yes,none,Non-Sarcoma,109.59,26.2,anti-PD1-CTLA4,0
49265,Female,0,0,Yes,none,Non-Sarcoma,79.26,26.6,none,0
6606,Female,0,0,Yes,none,Sarcoma,78.46,32.6,anti-PD1,0
23031,Male,0,0,Yes,none,Non-Sarcoma,85.29,27,anti-PD1,0
69330,Male,0,0,Yes,none,Non-Sarcoma,156.18,25.3,none,0
22902,Male,1,0,Yes,none,Sarcoma,69.52,31.9,anti-PD1,0
69622,Female,0,0,No,children,Sarcoma,65.32,18.4,Unknown,0
4807,Male,0,0,No,none,Sarcoma,108.47,30.4,none,0
9641,Male,0,0,Yes,none,Sarcoma,105.63,28.2,none,0
10313,Male,0,0,Yes,none,Sarcoma,77.93,35.7,anti-PD1-CTLA4,0
12097,Female,0,0,Yes,none,Sarcoma,95.2,35,anti-PD1,0
58037,Male,0,0,No,none,Non-Sarcoma,78.52,27.2,anti-PD1,0
45323,Female,0,0,Yes,none,Sarcoma,114.89,23,anti-PD1,0
34281,Female,0,0,No,none,Non-Sarcoma,95.43,25,Unknown,0
7990,Female,0,0,Yes,none,Non-Sarcoma,84.08,24.5,Unknown,0
57622,Female,0,0,Yes,mature,Non-Sarcoma,110.55,30.9,none,0
39120,Female,0,0,No,none,Sarcoma,82.21,26,anti-PD1,0
68344,Female,0,0,Yes,none,Sarcoma,82.38,27.2,anti-PD1-CTLA4,0
66752,Female,0,0,Yes,mature,Sarcoma,93.89,30.4,anti-PD1,0
11691,Female,0,0,No,none,Non-Sarcoma,75.08,21.7,Unknown,0
5077,Male,0,0,Yes,none,Sarcoma,76.72,29.1,Unknown,0
13319,Female,0,0,No,children,Non-Sarcoma,84.93,17.6,Unknown,0
49279,Male,0,1,Yes,none,Sarcoma,76.5,29.2,anti-PD1-CTLA4,0
53815,Female,0,0,No,none,Sarcoma,65.47,28.1,anti-PD1,0
42856,Male,0,0,Yes,none,Sarcoma,99.16,26.6,none,0
51579,Male,0,0,No,none,Non-Sarcoma,63.53,26.9,anti-PD1,0
10752,Female,0,0,Yes,none,Non-Sarcoma,78.65,36.2,anti-PD1-CTLA4,0
42133,Female,0,0,Yes,none,Sarcoma,63.78,25.9,anti-PD1,0
4842,Female,0,0,No,none,Sarcoma,77.52,40.9,anti-PD1-CTLA4,0
58138,Male,0,0,Yes,none,Non-Sarcoma,111.64,31.5,anti-PD1,0
58203,Male,0,0,No,children,Sarcoma,97.84,23.3,Unknown,0
65053,Female,0,0,Yes,none,Sarcoma,113.01,37.6,anti-PD1,0
24168,Male,1,0,Yes,none,Sarcoma,56.48,39.8,anti-PD1,0
5824,Male,0,0,Yes,none,Non-Sarcoma,204.5,35.1,anti-PD1-CTLA4,0
6965,Female,0,0,No,none,Non-Sarcoma,96.02,21.9,anti-PD1,0
8332,Female,0,0,Yes,none,Non-Sarcoma,206.25,53.4,anti-PD1-CTLA4,0
61973,Female,1,1,Yes,none,Non-Sarcoma,115.52,34.4,Unknown,0
42821,Female,0,0,No,none,Non-Sarcoma,60.69,24,none,0
18687,Male,0,0,Yes,none,Sarcoma,93.67,29.3,Unknown,0
72642,Male,0,0,Yes,mature,Sarcoma,67.79,26,anti-PD1-CTLA4,0
54782,Female,0,0,No,none,Non-Sarcoma,56.07,31.3,anti-PD1,0
55862,Male,1,1,Yes,none,Non-Sarcoma,254.63,31,anti-PD1,0
24437,Female,0,0,Yes,none,Non-Sarcoma,96.63,26.5,Unknown,0
10367,Male,0,0,No,children,Non-Sarcoma,84.3,16,Unknown,0
42550,Female,0,0,Yes,none,Non-Sarcoma,246.34,21.1,anti-PD1,0
14178,Female,0,0,Yes,none,Non-Sarcoma,195.16,42.2,Unknown,0
65429,Female,0,0,Yes,mature,Non-Sarcoma,93.34,27.7,anti-PD1,0
66530,Female,0,0,Yes,none,Sarcoma,162.3,23.6,anti-PD1,0
43146,Male,0,0,No,children,Sarcoma,106.4,18.3,Unknown,0
3509,Male,1,0,Yes,none,Sarcoma,110.25,44.3,anti-PD1,0
57497,Male,0,0,No,none,Non-Sarcoma,69.7,27.3,anti-PD1,0
15220,Female,1,0,Yes,none,Sarcoma,87.03,55.2,anti-PD1-CTLA4,0
4813,Male,0,0,No,none,Sarcoma,112.98,44.7,anti-PD1,0
31166,Female,0,0,Yes,mature,Non-Sarcoma,82.47,33.1,none,0
9051,Female,0,0,Yes,none,Sarcoma,75.88,30,anti-PD1,0
28669,Female,0,0,Yes,none,Sarcoma,84.63,40.1,Unknown,0
59894,Female,0,0,Yes,mature,Non-Sarcoma,109.56,23.1,anti-PD1,0
18684,Female,0,0,Yes,none,Non-Sarcoma,89.45,30.3,anti-PD1-CTLA4,0
35866,Female,0,0,Yes,none,Non-Sarcoma,91.65,30.5,anti-PD1,0
51907,Female,0,0,Yes,none,Sarcoma,121.14,22.8,anti-PD1,0
7250,Female,0,0,No,none,Non-Sarcoma,87.77,42,Unknown,0
16147,Female,0,0,No,none,Non-Sarcoma,106.56,29.9,anti-PD1,0
18306,Female,0,0,No,none,Non-Sarcoma,93.88,24,anti-PD1-CTLA4,0
69143,Female,0,0,No,none,Non-Sarcoma,153.76,36.7,Unknown,0
61769,Male,0,0,No,none,Sarcoma,88.65,22.2,anti-PD1,0
26134,Female,0,0,Yes,none,Sarcoma,111.22,25.5,Unknown,0
67603,Male,0,0,Yes,none,Sarcoma,223.68,34.3,anti-PD1-CTLA4,0
66772,Female,0,0,No,children,Non-Sarcoma,55.86,16,Unknown,0
41861,Female,0,0,No,none,Non-Sarcoma,63.73,25.6,none,0
954,Male,0,0,No,none,Non-Sarcoma,103.94,23.3,anti-PD1,0
37888,Male,0,0,Yes,none,Non-Sarcoma,92.49,41.6,Unknown,0
34326,Male,0,0,Yes,none,Sarcoma,229.2,35.6,anti-PD1-CTLA4,0
42329,Female,0,0,Yes,none,Non-Sarcoma,75.06,22,Unknown,0
23565,Male,0,0,Yes,none,Sarcoma,85.57,26.8,Unknown,0
27323,Female,0,0,Yes,none,Sarcoma,68.61,31.9,anti-PD1,0
57854,Male,0,0,No,children,Sarcoma,56.3,19.7,Unknown,0
18414,Female,0,0,No,none,Non-Sarcoma,193.22,N/A,none,0
72836,Female,0,0,Yes,none,Sarcoma,65.98,31.1,Unknown,0
17708,Male,0,0,Yes,mature,Non-Sarcoma,204.57,34.4,Unknown,0
66321,Male,0,0,Yes,mature,Sarcoma,64.99,33.2,anti-PD1,0
53817,Female,1,0,Yes,none,Non-Sarcoma,66.12,N/A,anti-PD1,0
66678,Female,0,0,No,none,Sarcoma,73.4,21.6,anti-PD1,0
56734,Male,0,0,Yes,mature,Sarcoma,82.83,25.4,Unknown,0
32240,Female,0,0,No,none,Sarcoma,93.55,41.6,anti-PD1,0
28127,Female,0,0,Yes,none,Non-Sarcoma,90.4,33.1,anti-PD1-CTLA4,0
20347,Female,0,0,No,none,Non-Sarcoma,98.1,21.8,anti-PD1,0
40824,Male,0,0,Yes,none,Non-Sarcoma,142.02,30,Unknown,0
38678,Female,0,0,Yes,none,Non-Sarcoma,251.46,35.2,none,0
29380,Female,1,0,Yes,none,Non-Sarcoma,89.96,35.6,anti-PD1,0
809,Male,0,0,No,children,Sarcoma,71.73,N/A,Unknown,0
65453,Female,1,0,Yes,mature,Sarcoma,82.44,27.8,none,0
9415,Female,0,0,Yes,none,Sarcoma,80.85,29.3,anti-PD1-CTLA4,0
30989,Female,0,0,Yes,none,Non-Sarcoma,220.52,37.2,none,0
65258,Male,0,0,Yes,none,Sarcoma,86.73,26.1,Unknown,0
67052,Female,0,0,Yes,none,Sarcoma,76.93,21.6,anti-PD1,0
62756,Female,0,0,Yes,none,Sarcoma,113.1,22.7,anti-PD1,0
69224,Male,0,0,No,none,Non-Sarcoma,96.84,30.2,anti-PD1-CTLA4,0
13323,Male,0,0,No,children,Sarcoma,100.91,18,Unknown,0
59940,Male,0,0,No,children,Sarcoma,116.5,27.8,Unknown,0
49042,Female,1,0,No,none,Non-Sarcoma,57.26,23.5,anti-PD1,0
66362,Female,0,0,Yes,none,Sarcoma,129.31,41.2,Unknown,0
46093,Female,0,0,Yes,none,Non-Sarcoma,56.47,22.7,anti-PD1,0
10370,Male,0,0,Yes,mature,Sarcoma,86.06,29.2,anti-PD1-CTLA4,0
156,Female,0,0,Yes,none,Non-Sarcoma,86.97,42.2,anti-PD1,0
11105,Male,0,0,Yes,none,Sarcoma,78.78,24,anti-PD1-CTLA4,0
22363,Female,0,0,Yes,none,Non-Sarcoma,195.04,45.5,anti-PD1,0
46072,Male,0,0,No,children,Non-Sarcoma,103.25,19.4,Unknown,0
65667,Female,0,0,Yes,none,Non-Sarcoma,134.59,28.2,none,0
47848,Male,0,0,No,children,Non-Sarcoma,93.74,20.1,Unknown,0
71440,Female,0,0,Yes,none,Sarcoma,90.66,27.2,Unknown,0
35231,Male,0,0,Yes,mature,Sarcoma,91.68,26.5,Unknown,0
59734,Male,0,0,No,children,Sarcoma,75.79,17.6,Unknown,0
1893,Female,0,0,Yes,none,Sarcoma,91.68,42.8,anti-PD1-CTLA4,0
32733,Female,0,0,Yes,none,Non-Sarcoma,106.68,29.3,anti-PD1,0
34728,Female,0,0,Yes,none,Non-Sarcoma,82.31,21.3,anti-PD1,0
30352,Male,0,0,Yes,none,Non-Sarcoma,90.06,29.8,Unknown,0
61338,Female,0,0,Yes,none,Non-Sarcoma,65.47,24.1,none,0
59275,Male,0,0,No,children,Non-Sarcoma,58.03,35.2,Unknown,0
45497,Female,0,0,No,none,Non-Sarcoma,83.09,18.8,anti-PD1,0
19996,Female,0,0,No,children,Sarcoma,88.6,17.4,Unknown,0
50371,Male,0,0,Yes,none,Sarcoma,63.18,31.5,Unknown,0
32687,Male,0,0,Yes,none,Non-Sarcoma,78.42,29.9,anti-PD1,0
35295,Male,0,0,Yes,none,Sarcoma,65.08,27.3,anti-PD1-CTLA4,0
15746,Female,0,0,Yes,mature,Sarcoma,79.47,28.1,anti-PD1,0
31517,Female,0,0,Yes,none,Non-Sarcoma,95.52,28.9,anti-PD1,0
43268,Female,1,0,No,none,Sarcoma,73,25.2,none,0
54540,Male,0,0,Yes,none,Non-Sarcoma,138.07,24.3,anti-PD1,0
20973,Male,0,0,Yes,mature,Non-Sarcoma,86.99,37.9,anti-PD1,0
56245,Female,0,0,No,none,Sarcoma,112.07,28.2,anti-PD1,0
9225,Male,0,0,No,children,Non-Sarcoma,105.76,18.4,Unknown,0
45955,Female,0,0,Yes,none,Sarcoma,55.67,23.1,none,0
3532,Female,0,0,Yes,none,Sarcoma,90.55,39.4,anti-PD1-CTLA4,0
41291,Female,0,0,Yes,none,Non-Sarcoma,218.65,29.5,anti-PD1,0
53943,Female,0,0,No,children,Non-Sarcoma,111.21,18.3,Unknown,0
52550,Female,0,0,Yes,mature,Sarcoma,83.56,28.7,none,0
47414,Female,1,0,Yes,none,Sarcoma,116.76,32.9,anti-PD1-CTLA4,0
38804,Male,0,0,Yes,none,Non-Sarcoma,83.5,26.7,Unknown,0
72861,Female,0,0,Yes,none,Sarcoma,69.3,20.1,anti-PD1,0
53276,Female,0,0,Yes,none,Sarcoma,67.55,17.6,anti-PD1-CTLA4,0
30944,Female,0,0,Yes,none,Non-Sarcoma,80.28,43.7,anti-PD1,0
33622,Male,1,0,Yes,none,Sarcoma,211.49,41.1,Unknown,0
26191,Female,0,0,No,none,Sarcoma,67.96,26.8,Unknown,0
69312,Female,0,0,Yes,none,Sarcoma,99.29,31.2,anti-PD1,0
39661,Male,0,0,Yes,none,Non-Sarcoma,140.52,27.4,anti-PD1,0
20162,Female,0,0,Yes,none,Non-Sarcoma,75.62,25.1,none,0
48989,Female,0,0,No,mature,Non-Sarcoma,120.06,33,anti-PD1,0
30411,Female,0,0,No,none,Non-Sarcoma,117.45,30.7,none,0
47735,Female,0,0,Yes,none,Non-Sarcoma,224.71,42.9,anti-PD1,0
51162,Female,0,0,No,children,Non-Sarcoma,122.75,14.3,Unknown,0
8598,Female,0,0,Yes,mature,Sarcoma,82.39,33.2,anti-PD1,0
57347,Female,0,0,No,mature,Non-Sarcoma,57.02,43,anti-PD1-CTLA4,0
4683,Male,0,0,No,none,Sarcoma,115.98,22.3,anti-PD1,0
55775,Female,0,0,Yes,none,Non-Sarcoma,226.11,32.8,anti-PD1-CTLA4,0
32645,Female,0,0,Yes,none,Non-Sarcoma,97.59,30.5,none,0
46643,Female,0,0,Yes,none,Non-Sarcoma,82.57,36,anti-PD1-CTLA4,0
782,Female,0,0,No,none,Sarcoma,79.34,26.5,anti-PD1-CTLA4,0
63565,Female,0,0,No,children,Non-Sarcoma,125.68,20.1,Unknown,0
13602,Male,1,0,Yes,none,Non-Sarcoma,102.06,N/A,Unknown,0
28326,Female,0,0,Yes,none,Sarcoma,65.59,28.1,anti-PD1,0
26389,Female,0,0,No,children,Sarcoma,120.85,16.2,Unknown,0
16906,Male,0,0,Yes,mature,Sarcoma,101.65,30,anti-PD1,0
35140,Male,0,0,Yes,mature,Sarcoma,210.94,31.3,anti-PD1,0
16837,Male,1,0,Yes,none,Non-Sarcoma,77.92,26.7,anti-PD1,0
2750,Male,1,1,Yes,none,Non-Sarcoma,230.68,37.7,Unknown,0
47585,Female,0,0,No,none,Sarcoma,62.68,35.8,anti-PD1,0
37404,Male,0,0,Yes,none,Sarcoma,55.22,27,anti-PD1,0
39518,Female,0,0,No,none,Non-Sarcoma,78.94,20.7,anti-PD1,0
70678,Female,0,1,No,none,Non-Sarcoma,109.69,22.2,none,0
542,Female,0,0,No,children,Sarcoma,79.63,N/A,Unknown,0
38649,Female,0,0,No,none,Non-Sarcoma,79.33,41.5,anti-PD1,0
53266,Female,0,0,Yes,none,Sarcoma,79.91,33.5,anti-PD1,0
26031,Female,0,0,No,none,Non-Sarcoma,84.46,21.8,Unknown,0
1191,Female,0,1,Yes,none,Sarcoma,68.4,22.1,anti-PD1-CTLA4,0
36820,Male,1,0,Yes,none,Non-Sarcoma,78.43,30.2,none,0
62783,Female,0,0,Yes,none,Sarcoma,198.02,38.7,Unknown,0
10133,Male,0,0,Yes,none,Sarcoma,85.35,32.1,none,0
19778,Male,0,0,No,none,Non-Sarcoma,204.17,41.3,anti-PD1-CTLA4,0
38255,Male,0,0,No,none,Sarcoma,82.71,20.1,anti-PD1-CTLA4,0
41565,Female,0,0,No,none,Sarcoma,121.19,22.1,anti-PD1,0
39423,Female,0,0,Yes,none,Non-Sarcoma,106.02,24.9,none,0
68908,Female,0,0,No,children,Sarcoma,66.36,23,Unknown,0
22440,Female,0,0,Yes,none,Sarcoma,267.76,29.3,anti-PD1-CTLA4,0
28418,Female,0,0,Yes,none,Non-Sarcoma,107.18,22.8,anti-PD1,0
22566,Male,0,0,Yes,none,Non-Sarcoma,74.58,31.6,Unknown,0
7055,Female,0,0,Yes,none,Sarcoma,80.92,19.4,Unknown,0
69177,Female,0,0,Yes,none,Non-Sarcoma,90.77,22.5,anti-PD1,0
33162,Female,0,0,No,none,Non-Sarcoma,90.84,31.6,anti-PD1,0
44764,Female,1,0,Yes,none,Non-Sarcoma,59.2,29.1,Unknown,0
32157,Male,0,0,Yes,none,Non-Sarcoma,217.71,N/A,anti-PD1-CTLA4,0
61983,Female,0,0,Yes,none,Sarcoma,133.76,43.4,none,0
72268,Male,0,0,Yes,none,Sarcoma,61.36,26.5,anti-PD1-CTLA4,0
39467,Female,0,0,No,none,Non-Sarcoma,118.62,29.7,Unknown,0
20282,Male,0,0,No,children,Non-Sarcoma,77.91,21.8,Unknown,0
51159,Female,0,0,No,mature,Sarcoma,68.98,23.4,anti-PD1-CTLA4,0
7167,Female,0,0,No,none,Non-Sarcoma,112.08,23,anti-PD1,0
59147,Male,0,0,No,none,Sarcoma,96.2,21.5,anti-PD1,0
18192,Male,0,0,No,children,Non-Sarcoma,93.11,14.6,Unknown,0
14049,Male,0,0,No,children,Non-Sarcoma,115.54,28.5,Unknown,0
35927,Male,0,0,Yes,none,Sarcoma,88.57,29,none,0
28150,Female,1,0,Yes,none,Sarcoma,180.76,26.9,Unknown,0
8727,Male,0,0,Yes,none,Sarcoma,83.12,29.6,anti-PD1-CTLA4,0
7516,Male,0,0,Yes,none,Sarcoma,94.89,28.5,anti-PD1,0
6419,Female,0,0,No,none,Non-Sarcoma,239.52,25.5,anti-PD1,0
20425,Male,0,0,Yes,none,Non-Sarcoma,99.15,30.5,anti-PD1-CTLA4,0
59878,Female,0,0,Yes,none,Sarcoma,124.16,23,anti-PD1,0
69355,Male,0,0,No,children,Non-Sarcoma,86.38,22.8,Unknown,0
5858,Male,0,0,No,none,Non-Sarcoma,93.68,31.4,anti-PD1,0
39823,Female,0,0,Yes,mature,Non-Sarcoma,229.86,35.2,none,0
37053,Male,0,0,Yes,mature,Non-Sarcoma,78.73,23.3,anti-PD1,0
2082,Male,0,0,Yes,none,Non-Sarcoma,115.92,N/A,anti-PD1-CTLA4,0
48073,Male,0,0,Yes,mature,Non-Sarcoma,93.71,31.2,anti-PD1-CTLA4,0
16449,Female,0,0,Yes,mature,Non-Sarcoma,76.66,24.8,anti-PD1,0
5447,Female,0,0,No,none,Non-Sarcoma,112.38,25.8,Unknown,0
27145,Female,0,0,No,none,Non-Sarcoma,89.3,48.4,none,0
30328,Female,1,0,Yes,mature,Non-Sarcoma,103.44,43.1,anti-PD1-CTLA4,0
739,Female,0,0,Yes,none,Non-Sarcoma,79.69,N/A,anti-PD1-CTLA4,0
44224,Male,0,0,No,none,Non-Sarcoma,61.61,27.8,anti-PD1,0
533,Female,0,0,No,children,Non-Sarcoma,94.12,21.4,Unknown,0
45554,Female,0,0,No,children,Sarcoma,62.4,22.1,Unknown,0
32884,Female,1,0,Yes,none,Sarcoma,210.96,31.8,anti-PD1,0
55744,Male,0,0,No,children,Sarcoma,76.25,20.1,Unknown,0
28414,Male,0,0,Yes,none,Sarcoma,103.48,29.1,none,0
25767,Female,0,0,No,none,Sarcoma,96.42,22.6,Unknown,0
71319,Male,0,0,No,none,Non-Sarcoma,78.59,25.1,Unknown,0
70031,Female,1,0,Yes,none,Non-Sarcoma,195.25,33.3,anti-PD1,0
23604,Male,0,0,No,children,Non-Sarcoma,103.76,15.9,Unknown,0
46576,Male,0,0,No,children,Non-Sarcoma,68.52,20.8,Unknown,0
31293,Male,0,0,No,children,Sarcoma,92.17,19.5,Unknown,0
70610,Female,0,0,Yes,none,Non-Sarcoma,81.02,39,anti-PD1,0
6044,Male,0,0,No,mature,Non-Sarcoma,94.33,23.1,anti-PD1,0
62284,Male,0,0,Yes,none,Non-Sarcoma,78.43,18.8,anti-PD1,0
5821,Female,0,0,Yes,none,Non-Sarcoma,217.39,50.6,Unknown,0
22295,Female,0,0,No,none,Sarcoma,82.77,36.3,Unknown,0
27583,Male,0,0,Yes,none,Non-Sarcoma,88.13,32.8,anti-PD1,0
9696,Male,0,0,Yes,none,Sarcoma,102.77,35.8,none,0
1164,Female,0,0,No,none,Non-Sarcoma,101.75,26.7,none,0
48781,Male,0,0,Yes,none,Non-Sarcoma,113.34,26.3,anti-PD1-CTLA4,0
50947,Male,0,0,Yes,none,Sarcoma,63.33,26.5,none,0
47844,Female,0,0,Yes,none,Sarcoma,69.34,43.7,anti-PD1,0
45209,Female,0,0,No,none,Non-Sarcoma,118.81,24.7,Unknown,0
49412,Male,0,0,Yes,mature,Sarcoma,66.13,46.2,anti-PD1,0
43088,Male,0,0,No,none,Sarcoma,67.53,49.5,anti-PD1-CTLA4,0
16355,Male,0,0,No,none,Sarcoma,96.58,43.3,anti-PD1,0
43172,Female,0,0,Yes,none,Sarcoma,57.89,30.9,anti-PD1-CTLA4,0
43155,Female,0,0,No,children,Non-Sarcoma,78.38,38.7,Unknown,0
11882,Male,0,0,No,none,Sarcoma,94.15,28.6,anti-PD1,0
45669,Male,0,0,No,none,Sarcoma,89.53,30.2,Unknown,0
65339,Female,0,0,Yes,none,Sarcoma,127.75,30.5,anti-PD1,0
60399,Male,0,0,Yes,none,Non-Sarcoma,76.79,33.9,Unknown,0
59604,Female,0,0,Yes,none,Non-Sarcoma,141.15,28.6,anti-PD1,0
22488,Female,0,0,Yes,mature,Sarcoma,88.63,24.5,anti-PD1,0
33187,Female,0,0,No,children,Sarcoma,201.25,N/A,Unknown,0
44192,Female,0,0,No,children,Sarcoma,130.15,17.2,Unknown,0
16114,Male,0,0,No,none,Sarcoma,108.03,27.2,anti-PD1,0
35293,Female,0,0,Yes,none,Non-Sarcoma,104.07,19.3,anti-PD1-CTLA4,0
728,Male,0,0,No,children,Sarcoma,88.83,18.5,Unknown,0
45788,Male,0,1,Yes,none,Non-Sarcoma,197.79,32,Unknown,0
52150,Male,1,1,Yes,none,Sarcoma,150.45,44.5,anti-PD1-CTLA4,0
26172,Male,0,0,Yes,none,Non-Sarcoma,100.39,37,anti-PD1,0
67814,Male,0,0,Yes,mature,Non-Sarcoma,79.92,30.8,anti-PD1-CTLA4,0
12618,Male,0,1,Yes,none,Sarcoma,96.79,24.7,Unknown,0
28952,Male,0,0,No,children,Non-Sarcoma,86.84,18.3,Unknown,0
39123,Male,0,0,Yes,none,Non-Sarcoma,61.27,44,Unknown,0
53967,Female,0,0,Yes,none,Non-Sarcoma,72.61,27.6,anti-PD1,0
34772,Female,0,0,Yes,none,Non-Sarcoma,82.41,45.4,none,0
43124,Female,0,0,Yes,mature,Sarcoma,74.72,28.5,anti-PD1,0
51916,Male,0,0,No,children,Non-Sarcoma,57.37,17.6,Unknown,0
68003,Male,1,0,Yes,none,Non-Sarcoma,73.72,N/A,none,0
59157,Male,1,0,Yes,none,Sarcoma,88.34,27.5,anti-PD1,0
54383,Male,0,0,Yes,none,Non-Sarcoma,101.34,32.8,anti-PD1,0
6928,Male,0,0,Yes,none,Non-Sarcoma,119.01,29.5,anti-PD1,0
321,Female,0,0,No,none,Non-Sarcoma,71.98,36.4,anti-PD1,0
21857,Female,0,0,No,children,Sarcoma,84.91,26.1,Unknown,0
33526,Female,0,0,Yes,none,Non-Sarcoma,91.63,35.3,Unknown,0
37327,Female,0,0,Yes,none,Sarcoma,214.77,N/A,Unknown,0
55976,Male,0,0,No,children,Non-Sarcoma,145.71,18.1,Unknown,0
56090,Female,0,0,Yes,none,Non-Sarcoma,167.31,27.1,anti-PD1,0
38350,Female,0,0,Yes,none,Sarcoma,63.65,23,Unknown,0
6040,Female,0,0,No,none,Non-Sarcoma,79.63,55,Unknown,0
17639,Male,0,0,Yes,mature,Non-Sarcoma,87.49,26.6,anti-PD1,0
1678,Female,1,0,Yes,none,Non-Sarcoma,98.74,N/A,anti-PD1,0
27572,Female,0,0,No,none,Non-Sarcoma,92.82,24.1,anti-PD1,0
57668,Male,0,0,Yes,mature,Sarcoma,72.2,30.3,anti-PD1-CTLA4,0
22001,Male,0,1,Yes,mature,Non-Sarcoma,181.23,32.2,anti-PD1-CTLA4,0
54184,Female,0,0,No,none,Sarcoma,63.37,26.5,anti-PD1,0
27966,Female,0,0,Yes,none,Sarcoma,74.82,30.6,anti-PD1,0
4702,Female,0,0,No,children,Non-Sarcoma,97.6,25.8,Unknown,0
38123,Male,0,0,Yes,none,Non-Sarcoma,93.04,41.9,none,0
47345,Male,0,0,Yes,none,Non-Sarcoma,97.12,29.2,anti-PD1,0
17222,Male,1,0,Yes,none,Non-Sarcoma,82.81,44.3,anti-PD1,0
45048,Female,0,0,No,none,Sarcoma,134.45,29.1,anti-PD1,0
30084,Male,0,0,No,children,Non-Sarcoma,98.67,17.5,Unknown,0
7195,Male,0,1,No,none,Sarcoma,85.82,31.9,anti-PD1,0
16260,Male,0,1,Yes,none,Non-Sarcoma,189.45,32.2,anti-PD1,0
52457,Female,0,1,Yes,none,Non-Sarcoma,144.16,26,none,0
50650,Male,0,0,No,none,Non-Sarcoma,82.56,25.4,anti-PD1-CTLA4,0
35913,Female,1,0,Yes,none,Sarcoma,206.4,54.8,anti-PD1,0
52306,Male,0,0,Yes,none,Sarcoma,67.97,27.9,anti-PD1,0
132,Female,0,0,Yes,mature,Sarcoma,84.86,N/A,Unknown,0
8951,Female,1,0,Yes,none,Sarcoma,71.7,32.8,anti-PD1,0
64752,Female,0,0,No,none,Sarcoma,72.02,34,anti-PD1-CTLA4,0
51285,Female,0,0,Yes,none,Sarcoma,61.81,25.5,Unknown,0
14349,Female,0,0,Yes,none,Sarcoma,103.09,35.6,Unknown,0
40571,Male,0,0,No,none,Sarcoma,73.75,28.3,anti-PD1,0
40624,Female,0,0,Yes,none,Non-Sarcoma,156.7,36.9,anti-PD1,0
13072,Female,0,0,Yes,none,Sarcoma,70.87,22.1,anti-PD1-CTLA4,0
66310,Male,0,0,Yes,none,Non-Sarcoma,138.47,31.5,anti-PD1,0
58101,Female,0,1,Yes,none,Non-Sarcoma,64.66,26.7,anti-PD1-CTLA4,0
22969,Female,0,0,Yes,none,Non-Sarcoma,91.88,24.9,anti-PD1-CTLA4,0
28904,Female,0,0,Yes,none,Non-Sarcoma,74.79,32.4,anti-PD1,0
6563,Female,0,0,No,none,Non-Sarcoma,78.18,32.2,anti-PD1,0
55315,Male,0,0,Yes,none,Non-Sarcoma,77.82,30.3,Unknown,0
47537,Female,0,0,No,none,Non-Sarcoma,112.23,28.7,anti-PD1,0
45945,Male,0,1,Yes,none,Sarcoma,178.76,24.1,anti-PD1,0
65849,Female,0,0,Yes,none,Non-Sarcoma,121.43,25.3,anti-PD1,0
31125,Female,0,0,Yes,none,Non-Sarcoma,94.22,24.8,anti-PD1,0
5103,Female,0,0,Yes,none,Non-Sarcoma,67.27,N/A,anti-PD1-CTLA4,0
54526,Male,1,0,Yes,none,Non-Sarcoma,197.58,34.8,anti-PD1-CTLA4,0
67309,Male,0,0,Yes,none,Non-Sarcoma,86.37,39.2,none,0
2275,Female,0,0,Yes,none,Sarcoma,112.09,24.7,none,0
29869,Male,0,0,Yes,none,Sarcoma,199.96,28.6,anti-PD1,0
15757,Male,0,0,Yes,none,Sarcoma,85.33,27.7,anti-PD1,0
38523,Female,0,0,No,none,Non-Sarcoma,86.33,33.1,anti-PD1,0
65388,Female,0,0,No,none,Sarcoma,80.47,27.3,none,0
60816,Female,1,0,Yes,none,Sarcoma,62.46,20.3,anti-PD1-CTLA4,0
67350,Female,0,0,Yes,mature,Non-Sarcoma,78.85,33.9,anti-PD1,0
40124,Male,0,0,Yes,none,Non-Sarcoma,72.09,N/A,none,0
20370,Female,0,0,Yes,none,Non-Sarcoma,103.81,28.3,anti-PD1,0
35188,Female,0,0,No,none,Sarcoma,78.04,32.4,none,0
28716,Female,0,0,Yes,none,Non-Sarcoma,94.67,19.7,Unknown,0
56166,Female,0,0,Yes,mature,Non-Sarcoma,62.25,33.7,anti-PD1,0
47159,Male,0,0,Yes,none,Sarcoma,155.17,35.5,anti-PD1,0
26242,Male,0,0,No,children,Sarcoma,83.28,20,Unknown,0
36226,Male,0,0,No,children,Sarcoma,132.41,16.3,Unknown,0
47357,Female,0,0,Yes,none,Non-Sarcoma,62.78,36.4,Unknown,0
33167,Female,0,0,Yes,none,Sarcoma,89.96,28.1,Unknown,0
21042,Female,0,0,Yes,none,Non-Sarcoma,103.25,26.9,anti-PD1-CTLA4,0
71062,Female,0,0,Yes,none,Non-Sarcoma,126.99,29.4,anti-PD1-CTLA4,0
32723,Female,0,0,No,children,Non-Sarcoma,102.27,17.2,anti-PD1,0
49646,Male,0,1,Yes,none,Non-Sarcoma,113.63,26.5,Unknown,0
35737,Male,0,0,No,children,Sarcoma,86.09,19.5,Unknown,0
24256,Male,0,0,Yes,none,Non-Sarcoma,108.08,30.6,anti-PD1-CTLA4,0
62340,Male,0,0,Yes,none,Sarcoma,108.34,31.9,anti-PD1,0
39927,Male,0,0,Yes,none,Non-Sarcoma,56.07,26.6,anti-PD1,0
30677,Female,0,0,No,children,Sarcoma,82.91,19.9,Unknown,0
50453,Male,0,0,No,children,Sarcoma,94.75,18,Unknown,0
17398,Male,0,0,Yes,none,Non-Sarcoma,101.79,26.7,Unknown,0
20938,Female,0,0,Yes,none,Non-Sarcoma,88.41,25.3,anti-PD1-CTLA4,0
21850,Male,0,0,Yes,mature,Sarcoma,101.05,31.4,Unknown,0
14241,Male,0,0,No,none,Sarcoma,85.07,21.1,anti-PD1,0
43905,Female,0,0,No,mature,Non-Sarcoma,108.1,17.9,anti-PD1,0
40144,Female,0,0,No,none,Non-Sarcoma,93.17,27.5,none,0
7806,Female,0,0,Yes,none,Sarcoma,158.89,37.6,none,0
63984,Male,0,0,Yes,none,Non-Sarcoma,205.77,24.1,anti-PD1,0
13504,Female,0,0,No,children,Sarcoma,112.34,18.1,Unknown,0
62272,Female,0,0,Yes,none,Sarcoma,119.03,31,anti-PD1,0
5878,Female,0,0,Yes,none,Sarcoma,237.21,26.6,none,0
62767,Female,0,0,Yes,none,Sarcoma,89.68,38.7,anti-PD1,0
239,Male,1,1,Yes,none,Non-Sarcoma,246.53,27.2,anti-PD1-CTLA4,0
3184,Female,0,0,Yes,none,Sarcoma,89.05,27.8,anti-PD1-CTLA4,0
51959,Male,0,0,No,children,Non-Sarcoma,81.74,28.3,Unknown,0
2092,Female,0,0,Yes,none,Non-Sarcoma,98.12,27.5,anti-PD1,0
69239,Female,0,0,Yes,none,Non-Sarcoma,105.59,43.3,none,0
68235,Male,0,0,No,children,Non-Sarcoma,86,20.1,anti-PD1-CTLA4,0
3956,Male,0,0,No,children,Sarcoma,65.51,25.9,Unknown,0
42703,Male,0,0,Yes,none,Sarcoma,61.78,25.8,Unknown,0
34436,Female,0,0,No,children,Non-Sarcoma,109.56,16.4,Unknown,0
39258,Female,0,0,Yes,none,Sarcoma,65.82,29.4,anti-PD1,0
40513,Female,0,0,No,none,Sarcoma,90.16,28.9,none,0
48648,Female,0,0,Yes,none,Sarcoma,64.45,26.7,anti-PD1,0
48836,Female,0,0,No,children,Sarcoma,91.85,27.8,anti-PD1,0
71444,Female,0,0,Yes,none,Non-Sarcoma,97.89,38.7,anti-PD1-CTLA4,0
33983,Male,0,0,Yes,mature,Non-Sarcoma,206.33,26.8,anti-PD1,0
35372,Male,0,0,Yes,mature,Non-Sarcoma,74.29,36.1,anti-PD1,0
31849,Female,0,0,Yes,none,Non-Sarcoma,107.4,26.7,none,0
2772,Male,0,0,Yes,none,Sarcoma,87.72,27,Unknown,0
11148,Male,0,0,Yes,none,Non-Sarcoma,85.99,21.2,Unknown,0
62387,Female,0,0,Yes,none,Sarcoma,100.84,21,anti-PD1,0
50775,Male,0,0,No,none,Sarcoma,124.61,37.4,Unknown,0
3807,Female,0,0,No,children,Sarcoma,86.55,26.5,Unknown,0
51339,Male,0,0,No,children,Non-Sarcoma,90.42,28.9,Unknown,0
69259,Female,0,0,Yes,none,Non-Sarcoma,100.85,29.5,none,0
32826,Male,0,0,No,children,Sarcoma,87.74,17.7,Unknown,0
12414,Male,1,0,Yes,none,Non-Sarcoma,80.15,34.9,anti-PD1-CTLA4,0
21381,Female,0,0,Yes,none,Sarcoma,107.29,28.1,anti-PD1,0
29375,Male,0,0,Yes,none,Sarcoma,206.98,36.8,none,0
62452,Male,1,0,Yes,none,Non-Sarcoma,227.28,33.3,anti-PD1,0
68650,Male,0,1,Yes,none,Non-Sarcoma,80.43,29.2,Unknown,0
47622,Male,0,1,Yes,none,Sarcoma,228.7,34,Unknown,0
57124,Male,0,0,Yes,none,Sarcoma,120.07,33.9,none,0
19382,Female,0,0,Yes,none,Non-Sarcoma,93.47,28.7,anti-PD1,0
44179,Female,0,0,Yes,none,Sarcoma,80.77,21.1,anti-PD1,0
50098,Male,0,0,Yes,none,Non-Sarcoma,150.27,38.2,none,0
24674,Male,0,0,Yes,none,Sarcoma,81.94,27.7,none,0
72361,Female,0,0,Yes,none,Sarcoma,70.75,35.8,Unknown,0
14563,Male,0,0,No,children,Sarcoma,83.83,27.1,Unknown,0
40237,Female,0,0,No,children,Sarcoma,73.66,20.5,anti-PD1,0
36523,Male,1,0,Yes,none,Sarcoma,102.37,35.6,anti-PD1,0
65970,Female,0,0,No,children,Non-Sarcoma,77.83,15.6,Unknown,0
1577,Female,0,0,No,none,Sarcoma,70.01,43,Unknown,0
51109,Female,0,0,No,children,Non-Sarcoma,119.88,17.8,Unknown,0
5984,Male,0,0,Yes,none,Non-Sarcoma,78.29,N/A,none,0
46373,Female,0,0,Yes,none,Non-Sarcoma,169.97,25.8,anti-PD1,0
13062,Male,0,0,No,none,Non-Sarcoma,123.79,20.5,Unknown,0
47770,Male,0,0,No,children,Sarcoma,80.98,19.9,Unknown,0
32459,Female,0,0,Yes,mature,Non-Sarcoma,84.21,24.4,anti-PD1,0
12687,Male,0,0,No,children,Sarcoma,101.31,18.3,Unknown,0
7725,Male,0,0,Yes,none,Sarcoma,86.26,35.1,anti-PD1-CTLA4,0
67217,Female,0,0,Yes,none,Sarcoma,92.86,35.1,anti-PD1-CTLA4,0
49976,Female,0,1,Yes,none,Sarcoma,140.28,37.1,anti-PD1-CTLA4,0
71318,Male,0,0,Yes,mature,Non-Sarcoma,244.28,29.4,anti-PD1-CTLA4,0
42201,Male,0,0,Yes,none,Sarcoma,124.16,31.7,anti-PD1,0
11232,Male,0,0,Yes,none,Non-Sarcoma,93.55,31.4,anti-PD1,0
14709,Male,0,0,Yes,none,Sarcoma,99.34,33.1,anti-PD1,0
57137,Male,0,0,Yes,none,Sarcoma,59.87,28.5,none,0
36858,Female,0,0,Yes,none,Non-Sarcoma,72.76,24,anti-PD1-CTLA4,0
50373,Female,0,0,No,children,Non-Sarcoma,68.34,18,Unknown,0
51124,Male,0,0,Yes,none,Sarcoma,61.1,27.6,none,0
13191,Female,0,0,No,none,Non-Sarcoma,120.77,16.9,anti-PD1,0
47330,Male,0,0,No,children,Non-Sarcoma,60.39,16.4,Unknown,0
42191,Female,0,0,Yes,mature,Sarcoma,126.34,35.1,anti-PD1,0
35332,Female,0,0,Yes,none,Non-Sarcoma,93.24,28.8,anti-PD1,0
49341,Female,0,0,Yes,none,Non-Sarcoma,154.75,17.6,anti-PD1,0
64750,Female,0,0,No,none,Non-Sarcoma,62.81,21.3,anti-PD1,0
70259,Female,0,0,No,children,Non-Sarcoma,65.96,19.7,Unknown,0
36960,Female,0,0,Yes,none,Non-Sarcoma,79.53,37.3,anti-PD1,0
12992,Female,0,0,Yes,none,Non-Sarcoma,96.85,35.5,anti-PD1,0
4692,Female,0,0,Yes,mature,Sarcoma,251.99,25.5,anti-PD1,0
62460,Male,0,0,Yes,none,Non-Sarcoma,115.13,30,none,0
72132,Male,0,0,No,children,Sarcoma,102.3,21.9,Unknown,0
41402,Male,0,0,Yes,none,Sarcoma,78.99,45.5,anti-PD1,0
40253,Male,0,0,No,none,Non-Sarcoma,191.79,N/A,none,0
63577,Female,1,0,Yes,none,Non-Sarcoma,68.8,34.9,anti-PD1,0
11726,Female,0,0,Yes,mature,Non-Sarcoma,83.84,19.3,anti-PD1-CTLA4,0
13736,Male,0,0,Yes,none,Sarcoma,94.66,32.1,anti-PD1-CTLA4,0
43913,Female,0,0,No,none,Non-Sarcoma,107.98,26.9,anti-PD1,0
41870,Male,0,0,No,Never_worked,Non-Sarcoma,61.01,32.5,Unknown,0
37907,Female,0,0,No,none,Sarcoma,135.64,19.5,anti-PD1,0
15987,Male,0,0,No,children,Sarcoma,92.65,31.7,anti-PD1,0
57166,Female,0,0,No,none,Non-Sarcoma,121.11,21,Unknown,0
44950,Male,1,0,Yes,none,Non-Sarcoma,163.56,N/A,anti-PD1-CTLA4,0
47627,Male,0,0,No,children,Sarcoma,107.69,20.3,Unknown,0
42460,Male,0,0,Yes,none,Non-Sarcoma,216.88,N/A,none,0
8723,Female,0,0,No,none,Non-Sarcoma,70.15,21.5,Unknown,0
52559,Male,0,0,No,none,Sarcoma,83.02,40.4,Unknown,0
937,Male,0,0,No,children,Sarcoma,87.94,N/A,Unknown,0
41271,Male,1,0,Yes,mature,Sarcoma,222.29,30.1,anti-PD1,0
66893,Male,1,0,Yes,mature,Sarcoma,139.43,40.2,anti-PD1-CTLA4,0
21491,Female,0,0,Yes,none,Sarcoma,213.11,34.7,anti-PD1,0
51806,Male,0,0,Yes,none,Non-Sarcoma,77.23,25.9,none,0
59412,Female,0,0,Yes,none,Sarcoma,58.48,23.7,anti-PD1,0
742,Female,0,0,No,mature,Non-Sarcoma,87.33,34.3,anti-PD1,0
42902,Male,0,0,Yes,none,Non-Sarcoma,102.34,34.3,anti-PD1,0
43059,Female,0,0,Yes,none,Non-Sarcoma,151.3,26.3,anti-PD1,0
61512,Female,0,0,Yes,none,Sarcoma,144.23,22.1,anti-PD1-CTLA4,0
10943,Female,0,0,Yes,mature,Non-Sarcoma,110.6,33.3,anti-PD1-CTLA4,0
11447,Female,0,0,Yes,mature,Sarcoma,80.28,37.3,anti-PD1,0
29233,Male,0,0,No,children,Non-Sarcoma,111.02,20.5,Unknown,0
17762,Female,0,0,No,children,Non-Sarcoma,114.88,19.1,Unknown,0
46284,Male,1,0,Yes,none,Sarcoma,227.51,34.7,anti-PD1-CTLA4,0
1405,Male,0,0,No,children,Sarcoma,111.65,16.3,Unknown,0
38493,Male,1,1,Yes,none,Sarcoma,201.01,28,anti-PD1,0
57953,Female,0,0,No,children,Sarcoma,129.01,17.2,Unknown,0
30746,Female,0,0,Yes,none,Non-Sarcoma,124.08,41.1,Unknown,0
16949,Female,1,0,Yes,mature,Non-Sarcoma,107.91,25,Unknown,0
45297,Male,1,0,Yes,none,Non-Sarcoma,95.4,27.5,anti-PD1,0
40251,Female,0,0,No,none,Non-Sarcoma,65.9,21.5,anti-PD1,0
27013,Male,0,0,No,children,Sarcoma,78.98,15.1,Unknown,0
7586,Male,0,0,No,none,Non-Sarcoma,111.33,29.6,anti-PD1-CTLA4,0
26452,Female,0,0,Yes,none,Non-Sarcoma,104.36,30.2,anti-PD1,0
16378,Female,0,0,Yes,mature,Sarcoma,123.87,34.9,Unknown,0
5137,Male,0,0,Yes,none,Non-Sarcoma,210,30.7,anti-PD1-CTLA4,0
4559,Male,0,0,No,none,Non-Sarcoma,86.86,36.5,Unknown,0
45357,Female,0,0,No,children,Non-Sarcoma,113.96,21.5,Unknown,0
45257,Female,0,0,Yes,none,Non-Sarcoma,81.28,33.2,none,0
34386,Female,0,0,Yes,none,Non-Sarcoma,102.5,50.2,anti-PD1,0
15219,Female,0,0,No,none,Non-Sarcoma,78.05,22.3,anti-PD1,0
39202,Female,1,1,Yes,none,Sarcoma,237.58,N/A,anti-PD1-CTLA4,0
9076,Male,0,0,Yes,none,Sarcoma,86.07,27.3,Unknown,0
72824,Male,0,0,Yes,none,Non-Sarcoma,59.05,28.3,anti-PD1-CTLA4,0
64132,Male,0,1,Yes,none,Non-Sarcoma,95.88,31.9,Unknown,0
52987,Female,0,0,Yes,mature,Non-Sarcoma,70.18,24.9,Unknown,0
17827,Male,0,0,Yes,none,Non-Sarcoma,111.13,32.7,anti-PD1-CTLA4,0
29378,Female,0,0,Yes,none,Sarcoma,79.3,26.4,Unknown,0
29327,Female,0,0,No,none,Sarcoma,65.84,24.8,none,0
48609,Female,0,1,Yes,none,Non-Sarcoma,123.49,30.7,none,0
4833,Female,0,0,No,children,Non-Sarcoma,207.45,25.4,none,0
8085,Male,0,0,No,none,Non-Sarcoma,143.45,32,none,0
41820,Female,0,0,Yes,mature,Non-Sarcoma,89.11,24.4,anti-PD1,0
72474,Female,0,0,Yes,mature,Non-Sarcoma,58.3,20.4,anti-PD1,0
32094,Male,1,0,Yes,none,Sarcoma,78.68,29.5,anti-PD1,0
66818,Male,0,0,Yes,mature,Sarcoma,98.91,24.4,anti-PD1,0
49057,Female,0,0,No,none,Non-Sarcoma,67.92,22.8,none,0
18070,Female,0,0,No,none,Non-Sarcoma,73,20,anti-PD1,0
17860,Male,0,0,Yes,none,Non-Sarcoma,97.5,36.3,anti-PD1-CTLA4,0
17078,Male,0,0,Yes,none,Sarcoma,108.43,32.8,none,0
23836,Male,0,0,Yes,none,Sarcoma,90.43,34.4,anti-PD1-CTLA4,0
5296,Female,0,0,No,none,Sarcoma,76.3,30.5,anti-PD1,0
48184,Male,0,0,Yes,none,Non-Sarcoma,121.27,29.7,none,0
9511,Male,0,0,No,none,Sarcoma,119.67,36.9,Unknown,0
19389,Female,0,1,Yes,mature,Sarcoma,226.93,34.2,none,0
25559,Female,0,1,Yes,mature,Non-Sarcoma,76.11,37,Unknown,0
11770,Female,0,0,Yes,mature,Sarcoma,93.23,N/A,none,0
34496,Female,0,0,Yes,none,Sarcoma,253.16,47.5,Unknown,0
8096,Female,0,0,Yes,none,Sarcoma,101.02,24.2,none,0
49709,Female,1,0,Yes,none,Non-Sarcoma,238.53,30.6,anti-PD1,0
19735,Female,0,0,Yes,none,Non-Sarcoma,79.18,52.8,anti-PD1-CTLA4,0
31415,Female,0,0,Yes,none,Sarcoma,207.79,38.6,anti-PD1,0
71322,Female,0,0,Yes,none,Non-Sarcoma,196.2,32.8,anti-PD1,0
72337,Female,0,0,Yes,none,Sarcoma,231.76,42.9,anti-PD1,0
25454,Female,0,0,No,children,Non-Sarcoma,93.3,25.9,Unknown,0
15310,Female,0,0,Yes,none,Sarcoma,110.47,24.7,none,0
10245,Female,0,0,Yes,none,Non-Sarcoma,77.52,35.8,anti-PD1,0
29224,Male,0,0,Yes,none,Sarcoma,91.23,N/A,none,0
7550,Female,0,0,Yes,none,Non-Sarcoma,216.92,31.2,Unknown,0
57917,Female,0,0,Yes,none,Sarcoma,157.01,26.1,none,0
24219,Male,0,0,Yes,none,Sarcoma,93.51,30.8,anti-PD1,0
49023,Male,1,0,Yes,none,Non-Sarcoma,102.54,40.5,anti-PD1,0
51020,Female,0,0,Yes,none,Non-Sarcoma,87.78,25.2,anti-PD1-CTLA4,0
52089,Female,0,0,No,none,Sarcoma,126.67,28.7,none,0
29095,Male,1,0,Yes,none,Non-Sarcoma,93.6,N/A,anti-PD1,0
41424,Male,0,1,Yes,none,Non-Sarcoma,194.98,30.4,Unknown,0
7297,Male,0,0,No,children,Non-Sarcoma,99.96,15.2,Unknown,0
68994,Male,0,0,Yes,none,Sarcoma,58.87,36.6,anti-PD1,0
25935,Female,0,0,No,none,Sarcoma,77.67,34.5,Unknown,0
29910,Male,0,0,Yes,none,Sarcoma,83.14,23.7,anti-PD1,0
24567,Male,0,0,Yes,none,Sarcoma,69.18,35.7,none,0
54858,Male,0,0,Yes,mature,Non-Sarcoma,218.54,38.9,none,0
36679,Female,1,0,No,none,Sarcoma,71.22,40,anti-PD1,0
59339,Male,0,0,No,children,Sarcoma,82.41,18.4,Unknown,0
18754,Male,0,0,No,none,Non-Sarcoma,82.07,29,anti-PD1,0
34312,Female,0,0,Yes,none,Sarcoma,73,20.6,anti-PD1,0
57798,Male,0,0,No,children,Non-Sarcoma,127.25,28.2,Unknown,0
37759,Female,0,0,Yes,none,Non-Sarcoma,72.63,66.8,Unknown,0
11605,Female,0,0,No,none,Non-Sarcoma,108.2,26.2,anti-PD1,0
47558,Male,1,1,Yes,none,Sarcoma,123.95,34.8,anti-PD1-CTLA4,0
54264,Female,1,0,Yes,none,Sarcoma,58.71,34.5,anti-PD1,0
47893,Male,0,0,Yes,none,Non-Sarcoma,98.46,30.6,anti-PD1,0
3178,Female,0,0,Yes,none,Non-Sarcoma,68.78,55.1,anti-PD1-CTLA4,0
61924,Male,0,0,No,children,Non-Sarcoma,133.63,18.8,Unknown,0
18141,Male,0,1,Yes,none,Non-Sarcoma,101.43,29.1,Unknown,0
58015,Female,0,0,No,none,Non-Sarcoma,65.3,22.1,none,0
354,Female,0,0,Yes,none,Sarcoma,72.49,28.9,none,0
5777,Female,0,0,Yes,none,Sarcoma,65.49,34.7,Unknown,0
43271,Female,0,0,No,mature,Sarcoma,63.4,20.3,none,0
46210,Female,0,0,Yes,none,Non-Sarcoma,105.29,25.1,anti-PD1-CTLA4,0
39714,Male,0,0,No,children,Sarcoma,64.08,18.2,Unknown,0
21785,Female,0,0,No,none,Sarcoma,78.34,25.5,anti-PD1,0
36620,Female,0,0,Yes,none,Non-Sarcoma,66.32,34.4,anti-PD1-CTLA4,0
49495,Female,0,0,No,none,Non-Sarcoma,168.15,48.5,anti-PD1,0
21720,Female,0,0,Yes,none,Non-Sarcoma,93.48,25.2,anti-PD1-CTLA4,0
6304,Male,1,0,Yes,none,Sarcoma,79.2,32.5,anti-PD1,0
18887,Male,0,0,Yes,none,Non-Sarcoma,107.45,42.1,anti-PD1-CTLA4,0
30214,Male,0,0,No,none,Non-Sarcoma,83.86,19.5,anti-PD1,0
66419,Male,0,0,Yes,none,Non-Sarcoma,119.96,27.7,anti-PD1,0
57468,Female,0,0,Yes,none,Non-Sarcoma,70.58,25.1,anti-PD1,0
24218,Female,0,0,No,none,Non-Sarcoma,87.7,29.6,anti-PD1,0
69792,Female,0,0,Yes,mature,Sarcoma,65.29,32.9,anti-PD1,0
6372,Female,0,0,Yes,none,Sarcoma,97.14,55.9,anti-PD1,0
34664,Male,0,0,Yes,none,Sarcoma,110.68,25.1,anti-PD1-CTLA4,0
40931,Female,0,0,Yes,mature,Sarcoma,91.93,24.7,none,0
28559,Male,0,0,No,children,Sarcoma,88.54,17.5,Unknown,0
15166,Female,1,0,Yes,none,Sarcoma,183,20.8,Unknown,0
49815,Female,0,0,No,mature,Non-Sarcoma,115.93,23.3,anti-PD1,0
1625,Female,0,0,No,children,Sarcoma,99.13,22.8,Unknown,0
56309,Female,0,0,Yes,none,Non-Sarcoma,69.24,26.6,anti-PD1,0
30116,Female,0,0,Yes,none,Non-Sarcoma,102.28,25.5,anti-PD1,0
52034,Male,0,0,Yes,none,Sarcoma,71.31,25.8,anti-PD1,0
35584,Male,0,0,Yes,none,Non-Sarcoma,89.75,25.4,anti-PD1,0
2898,Male,0,0,Yes,none,Sarcoma,87.66,57.3,anti-PD1,0
16593,Male,0,0,No,none,Non-Sarcoma,237.17,N/A,Unknown,0
17175,Female,0,0,No,children,Sarcoma,81.11,20.2,Unknown,0
63663,Male,0,0,Yes,none,Sarcoma,178.33,27.7,anti-PD1,0
10603,Female,0,0,Yes,none,Non-Sarcoma,81.38,23.1,Unknown,0
40544,Male,0,0,No,children,Sarcoma,109.56,14.3,Unknown,0
49152,Female,0,0,No,none,Non-Sarcoma,70.45,23.3,none,0
1231,Female,0,0,Yes,mature,Non-Sarcoma,73.44,23.4,Unknown,0
43672,Female,0,0,Yes,none,Sarcoma,146.44,22.8,anti-PD1-CTLA4,0
25107,Female,0,0,Yes,none,Sarcoma,65.04,30.9,anti-PD1,0
39286,Female,0,0,Yes,none,Non-Sarcoma,151.25,28.4,Unknown,0
32766,Male,0,0,No,none,Non-Sarcoma,106.41,41.9,none,0
15988,Male,1,0,Yes,none,Sarcoma,197.09,34.3,Unknown,0
9011,Male,0,0,Yes,none,Sarcoma,93.58,25.1,none,0
38043,Female,0,0,No,children,Non-Sarcoma,122.04,10.3,Unknown,0
71721,Female,0,0,No,none,Non-Sarcoma,80.06,31.8,Unknown,0
14832,Female,0,1,Yes,none,Sarcoma,84.93,31.8,Unknown,0
38094,Male,0,0,No,none,Sarcoma,68.4,23,anti-PD1,0
49789,Female,0,0,No,mature,Sarcoma,62.99,25.4,anti-PD1-CTLA4,0
47350,Female,0,0,No,children,Sarcoma,139.67,14.1,Unknown,0
33525,Male,0,0,Yes,mature,Sarcoma,113.4,35.1,none,0
12318,Male,0,0,Yes,none,Sarcoma,101.92,26.9,Unknown,0
54553,Male,1,0,Yes,none,Sarcoma,65.98,33,anti-PD1-CTLA4,0
45976,Male,0,0,Yes,none,Sarcoma,84.3,22.1,Unknown,0
43675,Female,0,0,No,children,Sarcoma,61.42,20.8,Unknown,0
12915,Female,0,0,Yes,mature,Non-Sarcoma,85.52,30,anti-PD1,0
4542,Female,0,0,Yes,mature,Sarcoma,83.79,44,Unknown,0
65801,Female,0,0,No,none,Sarcoma,73.83,16.6,Unknown,0
59953,Female,0,0,No,none,Non-Sarcoma,69.38,28.4,anti-PD1,0
60973,Male,0,0,Yes,none,Sarcoma,66.11,26.3,anti-PD1,0
68739,Male,0,0,Yes,none,Sarcoma,149.62,39.4,anti-PD1-CTLA4,0
35829,Female,0,0,Yes,none,Sarcoma,242.84,15.7,none,0
53909,Female,1,0,Yes,none,Sarcoma,202.66,34.1,none,0
5799,Male,0,1,Yes,none,Non-Sarcoma,216.9,29.8,anti-PD1-CTLA4,0
43772,Female,0,0,No,none,Sarcoma,103.78,23.6,Unknown,0
3154,Female,0,0,Yes,none,Non-Sarcoma,114.88,18.3,anti-PD1-CTLA4,0
45754,Female,0,0,No,none,Sarcoma,75.94,28.3,anti-PD1,0
57485,Female,0,0,No,children,Non-Sarcoma,55.51,18.5,Unknown,0
6128,Male,0,0,No,children,Non-Sarcoma,93.74,18.4,Unknown,0
22623,Male,0,0,Yes,none,Sarcoma,71.44,24.1,none,0
37082,Female,0,0,Yes,mature,Sarcoma,58.29,25.5,anti-PD1-CTLA4,0
64541,Male,0,0,Yes,none,Sarcoma,115.83,25.3,anti-PD1,0
47037,Female,0,0,Yes,none,Sarcoma,102.71,39.9,anti-PD1-CTLA4,0
48614,Male,0,0,Yes,mature,Sarcoma,99.69,28.8,none,0
15969,Female,0,0,Yes,none,Non-Sarcoma,102.89,37.2,anti-PD1-CTLA4,0
17752,Male,0,1,Yes,none,Sarcoma,79.05,N/A,Unknown,0
50889,Female,0,0,No,mature,Non-Sarcoma,56.63,49.8,anti-PD1,0
56459,Male,0,0,Yes,none,Non-Sarcoma,87.34,34.3,anti-PD1-CTLA4,0
34163,Male,0,0,Yes,none,Non-Sarcoma,109.51,29,anti-PD1,0
4538,Female,0,0,No,none,Sarcoma,81.43,N/A,anti-PD1-CTLA4,0
14222,Female,0,0,No,none,Sarcoma,78.59,37.2,anti-PD1,0
31461,Female,0,1,Yes,none,Sarcoma,101.22,N/A,anti-PD1-CTLA4,0
34001,Female,0,0,No,children,Sarcoma,78.26,19.4,Unknown,0
48964,Male,0,0,No,none,Non-Sarcoma,105.47,26.2,anti-PD1,0
40393,Female,0,0,No,none,Sarcoma,68.19,21.1,anti-PD1,0
16488,Female,1,0,Yes,none,Sarcoma,210,N/A,anti-PD1,0
47947,Female,0,0,Yes,none,Non-Sarcoma,114.47,31.6,none,0
51149,Male,0,0,Yes,none,Sarcoma,66.85,29.3,Unknown,0
17079,Male,0,0,Yes,none,Non-Sarcoma,94.71,28.4,none,0
44781,Female,0,1,Yes,none,Sarcoma,208.05,35.3,none,0
29385,Female,0,0,Yes,none,Non-Sarcoma,222.6,40.1,none,0
53610,Male,0,0,Yes,none,Sarcoma,80.81,39,anti-PD1-CTLA4,0
48210,Male,0,0,Yes,none,Non-Sarcoma,64.51,31.5,anti-PD1,0
48072,Female,1,0,Yes,none,Sarcoma,151.56,28.5,Unknown,0
32776,Male,0,0,Yes,none,Sarcoma,199.14,28.5,anti-PD1,0
8960,Female,0,0,No,none,Non-Sarcoma,73.41,56,none,0
63491,Female,0,0,Yes,none,Sarcoma,109.65,28.6,anti-PD1-CTLA4,0
51883,Female,0,0,Yes,mature,Non-Sarcoma,69.11,35.2,anti-PD1,0
20460,Female,0,0,Yes,none,Sarcoma,114.41,32.5,anti-PD1,0
47181,Female,0,0,Yes,none,Sarcoma,103.46,35.9,anti-PD1,0
35432,Female,0,0,Yes,none,Non-Sarcoma,95.36,25.1,anti-PD1,0
44010,Female,0,0,No,children,Sarcoma,57.33,16.8,Unknown,0
50841,Female,0,0,Yes,none,Non-Sarcoma,191.48,27.9,none,0
71044,Female,0,0,No,children,Non-Sarcoma,71.63,16.3,Unknown,0
1842,Male,0,0,Yes,none,Sarcoma,94,N/A,Unknown,0
34720,Male,0,1,Yes,none,Non-Sarcoma,93.77,N/A,Unknown,0
9489,Female,0,0,Yes,none,Sarcoma,84.75,21.4,Unknown,0
28725,Female,0,0,No,none,Non-Sarcoma,89.24,32.7,anti-PD1-CTLA4,0
30290,Female,0,0,Yes,none,Sarcoma,70.13,23.6,anti-PD1,0
13723,Female,0,0,Yes,none,Sarcoma,82.26,19.8,anti-PD1-CTLA4,0
26328,Male,1,0,Yes,none,Sarcoma,200.16,33.1,anti-PD1,0
60104,Male,0,0,Yes,none,Sarcoma,80.73,28.1,none,0
48722,Female,0,0,Yes,none,Sarcoma,75.09,38.9,anti-PD1-CTLA4,0
14481,Female,0,0,Yes,none,Sarcoma,80.57,23.8,anti-PD1,0
67963,Female,1,0,No,none,Non-Sarcoma,77.04,33.8,anti-PD1-CTLA4,0
70752,Male,0,0,Yes,none,Sarcoma,145.26,26.7,Unknown,0
52419,Male,0,0,Yes,none,Sarcoma,190.4,N/A,anti-PD1-CTLA4,0
14711,Male,0,0,Yes,none,Sarcoma,82.08,32.2,anti-PD1-CTLA4,0
26366,Female,0,0,No,none,Non-Sarcoma,103.35,28.1,anti-PD1-CTLA4,0
12436,Male,0,0,No,children,Sarcoma,97.46,21.3,Unknown,0
36722,Female,0,0,Yes,none,Sarcoma,123.65,44,none,0
37698,Female,0,0,No,children,Sarcoma,87.96,21.5,anti-PD1-CTLA4,0
55235,Female,0,0,Yes,none,Sarcoma,85.92,37.3,none,0
20468,Female,0,0,Yes,none,Sarcoma,80.8,44.8,anti-PD1,0
14677,Female,0,0,Yes,none,Non-Sarcoma,99.3,21.4,anti-PD1,0
44171,Male,0,0,Yes,none,Non-Sarcoma,62.56,32.3,anti-PD1,0
70344,Male,0,0,Yes,none,Sarcoma,144.2,35.4,none,0
8470,Female,0,0,Yes,none,Sarcoma,71.38,19.7,anti-PD1,0
42743,Female,0,0,No,none,Sarcoma,95.5,31.3,Unknown,0
13949,Female,0,0,Yes,mature,Sarcoma,67.06,35.5,anti-PD1,0
61096,Male,0,0,Yes,none,Non-Sarcoma,70.16,25.8,anti-PD1-CTLA4,0
19239,Female,0,0,Yes,mature,Sarcoma,104.24,32.8,Unknown,0
70447,Male,0,0,Yes,none,Non-Sarcoma,122.48,35.9,none,0
6879,Female,0,0,No,mature,Sarcoma,215.9,41.8,none,0
37451,Female,0,0,Yes,mature,Non-Sarcoma,108.56,27.3,anti-PD1-CTLA4,0
5686,Male,0,0,Yes,none,Sarcoma,69.88,27.7,Unknown,0
4789,Male,0,0,No,children,Non-Sarcoma,91.54,13.4,Unknown,0
897,Male,0,0,No,children,Non-Sarcoma,65.85,17,Unknown,0
69553,Female,0,0,Yes,none,Non-Sarcoma,60.74,20,anti-PD1,0
58438,Male,0,0,No,none,Non-Sarcoma,233.52,40.9,anti-PD1,0
29104,Female,0,0,No,none,Sarcoma,110.7,38.5,anti-PD1,0
26862,Female,0,0,Yes,mature,Non-Sarcoma,78.93,30.9,anti-PD1-CTLA4,0
38036,Female,0,0,No,none,Sarcoma,124.5,33.4,Unknown,0
36666,Male,0,0,No,children,Sarcoma,57.95,17.1,Unknown,0
16316,Male,0,0,Yes,none,Non-Sarcoma,92.82,28.6,Unknown,0
61365,Male,0,0,Yes,none,Non-Sarcoma,58.25,24,none,0
12512,Female,1,0,Yes,none,Non-Sarcoma,213.54,32,anti-PD1,0
31835,Male,0,0,No,none,Sarcoma,74.86,28.4,anti-PD1,0
4099,Female,0,0,No,none,Sarcoma,78.35,20.3,Unknown,0
26893,Male,0,0,No,children,Sarcoma,101.26,33.8,Unknown,0
35143,Female,0,0,Yes,none,Sarcoma,86.87,43.2,Unknown,0
1486,Female,0,0,Yes,none,Non-Sarcoma,124.01,22.7,Unknown,0
5043,Female,0,0,Yes,none,Sarcoma,83.41,29.9,anti-PD1,0
2513,Male,0,1,Yes,mature,Sarcoma,188.69,N/A,anti-PD1-CTLA4,0
5451,Male,0,0,Yes,none,Non-Sarcoma,86.51,N/A,anti-PD1-CTLA4,0
3640,Female,0,0,No,none,Non-Sarcoma,70.65,29.9,Unknown,0
17835,Female,0,0,No,none,Non-Sarcoma,92.4,22.7,Unknown,0
26826,Female,0,0,Yes,none,Sarcoma,73.36,16.1,anti-PD1,0
45713,Female,0,0,Yes,mature,Sarcoma,219.5,33.8,anti-PD1-CTLA4,0
37660,Male,0,0,No,children,Non-Sarcoma,105.73,22.6,anti-PD1,0
24782,Male,0,0,Yes,none,Non-Sarcoma,83.79,25.5,none,0
63416,Female,0,0,No,none,Sarcoma,58.02,22.5,Unknown,0
16953,Female,0,0,Yes,mature,Non-Sarcoma,61.94,27.9,anti-PD1-CTLA4,0
42082,Male,0,0,No,children,Non-Sarcoma,99.71,23.5,Unknown,0
51660,Female,0,0,Yes,none,Non-Sarcoma,63.19,32.2,anti-PD1,0
27135,Male,1,0,Yes,none,Non-Sarcoma,107.11,N/A,none,0
54058,Female,0,0,No,none,Sarcoma,56.84,29.9,none,0
24272,Male,0,0,Yes,mature,Non-Sarcoma,217.66,28.7,anti-PD1-CTLA4,0
16028,Female,0,0,Yes,none,Non-Sarcoma,77.19,37.2,none,0
49645,Male,0,0,No,none,Non-Sarcoma,76.22,22.2,anti-PD1-CTLA4,0
54347,Male,0,0,Yes,none,Non-Sarcoma,155.32,26.6,anti-PD1-CTLA4,0
4861,Female,0,0,Yes,none,Sarcoma,70.67,24.6,none,0
54353,Female,1,1,Yes,none,Sarcoma,227.16,41.7,anti-PD1,0
71016,Female,0,0,Yes,none,Non-Sarcoma,58.69,26.2,anti-PD1-CTLA4,0
33768,Female,0,0,No,none,Sarcoma,88.85,27.1,Unknown,0
62681,Female,1,0,Yes,none,Sarcoma,137.94,41.8,anti-PD1,0
41007,Female,0,0,Yes,none,Sarcoma,60.6,34.2,anti-PD1,0
35450,Female,0,0,Yes,none,Non-Sarcoma,93.67,19.2,anti-PD1,0
62793,Male,0,0,Yes,none,Sarcoma,79.56,25.2,anti-PD1,0
66592,Male,0,0,No,none,Non-Sarcoma,122.46,18.7,anti-PD1,0
33462,Male,0,0,Yes,none,Sarcoma,92.32,43,anti-PD1,0
29804,Male,1,0,Yes,none,Non-Sarcoma,80.63,28.2,none,0
33906,Male,0,0,Yes,mature,Sarcoma,92.32,34.7,none,0
43510,Female,1,0,Yes,mature,Sarcoma,59.89,25.5,anti-PD1,0
21202,Female,0,0,Yes,none,Sarcoma,80.57,39.8,none,0
7222,Female,0,0,Yes,none,Sarcoma,88.52,20.8,anti-PD1-CTLA4,0
13561,Female,0,0,Yes,none,Sarcoma,88.82,28.2,anti-PD1-CTLA4,0
29179,Female,1,1,Yes,none,Non-Sarcoma,102.08,31,none,0
5511,Male,0,0,Yes,none,Sarcoma,71.38,N/A,anti-PD1-CTLA4,0
20825,Female,0,0,Yes,mature,Non-Sarcoma,84.9,21.6,anti-PD1,0
67144,Female,0,0,Yes,none,Sarcoma,82.21,26.2,Unknown,0
15515,Female,0,0,Yes,none,Non-Sarcoma,209.9,N/A,none,0
3753,Male,0,0,Yes,none,Sarcoma,74.05,26,Unknown,0
27279,Male,0,0,No,children,Sarcoma,90.46,22.5,Unknown,0
48759,Female,0,0,Yes,none,Non-Sarcoma,176.48,24,anti-PD1-CTLA4,0
69524,Male,0,0,Yes,none,Sarcoma,94.07,31.5,anti-PD1,0
28443,Male,0,0,Yes,none,Sarcoma,85.12,36.3,anti-PD1-CTLA4,0
38578,Female,0,0,No,none,Sarcoma,71.81,25.4,Unknown,0
66502,Male,0,0,No,none,Non-Sarcoma,111.93,32.2,anti-PD1,0
50978,Female,0,0,Yes,mature,Sarcoma,94.4,39.8,Unknown,0
9034,Male,0,0,No,children,Sarcoma,70,18.6,Unknown,0
16582,Male,0,0,Yes,none,Non-Sarcoma,95.57,30.7,none,0
28500,Male,0,0,No,children,Sarcoma,91.98,16.4,Unknown,0
70241,Female,0,0,No,none,Sarcoma,66.29,20.5,none,0
32452,Female,0,1,Yes,none,Non-Sarcoma,211.88,28.7,anti-PD1,0
45573,Female,0,0,Yes,none,Non-Sarcoma,76.55,29,none,0
64412,Female,0,0,Yes,none,Sarcoma,56.67,24.4,anti-PD1,0
66647,Male,0,0,Yes,none,Non-Sarcoma,100.52,29.9,Unknown,0
39450,Male,0,0,No,none,Non-Sarcoma,58.96,25.3,Unknown,0
57109,Female,0,0,No,children,Non-Sarcoma,81.66,23.5,anti-PD1-CTLA4,0
3591,Female,1,0,Yes,none,Non-Sarcoma,96.77,20.5,anti-PD1,0
25138,Female,1,0,Yes,none,Non-Sarcoma,91.63,33.5,none,0
17277,Male,0,0,No,children,Sarcoma,97.51,22,Unknown,0
35333,Male,1,0,Yes,none,Non-Sarcoma,225.6,29,anti-PD1,0
18861,Male,0,0,No,none,Non-Sarcoma,95.58,N/A,none,0
15120,Female,1,0,Yes,none,Non-Sarcoma,210.23,30.7,anti-PD1,0
29221,Female,0,0,Yes,none,Sarcoma,92.82,37.4,anti-PD1,0
11412,Female,0,0,Yes,none,Non-Sarcoma,234.82,51.8,anti-PD1,0
38858,Male,0,0,No,children,Non-Sarcoma,65.67,16.6,Unknown,0
6802,Female,0,0,Yes,none,Sarcoma,74.51,29.5,Unknown,0
8644,Female,0,1,Yes,none,Non-Sarcoma,81.99,27.3,anti-PD1-CTLA4,0
54579,Female,0,0,Yes,none,Sarcoma,87.69,27.5,anti-PD1-CTLA4,0
41935,Male,0,0,No,none,Non-Sarcoma,125.29,33.9,anti-PD1,0
17926,Female,0,0,Yes,mature,Non-Sarcoma,111.64,27.9,Unknown,0
13862,Female,0,0,No,Never_worked,Sarcoma,70.93,22.9,anti-PD1,0
64523,Male,1,0,Yes,none,Sarcoma,89.93,32.1,anti-PD1,0
66065,Male,0,0,No,children,Non-Sarcoma,137.45,18.2,Unknown,0
71869,Female,0,0,No,none,Non-Sarcoma,72.06,30.2,anti-PD1-CTLA4,0
11024,Female,0,0,Yes,none,Non-Sarcoma,97.9,31.3,anti-PD1-CTLA4,0
46035,Male,0,0,No,children,Sarcoma,84.85,20.3,Unknown,0
24630,Male,0,0,Yes,none,Non-Sarcoma,230.59,23.2,anti-PD1-CTLA4,0
11238,Male,0,0,Yes,none,Non-Sarcoma,92.81,30.8,Unknown,0
54946,Female,0,0,No,none,Sarcoma,168.15,22.9,anti-PD1,0
24229,Female,0,0,Yes,none,Sarcoma,224.63,42.8,anti-PD1,0
29934,Male,0,0,Yes,none,Sarcoma,108.12,22.2,Unknown,0
28998,Male,0,0,No,none,Non-Sarcoma,85.17,28.7,none,0
19805,Male,0,0,No,none,Sarcoma,84.14,32.3,anti-PD1,0
63668,Male,0,0,No,none,Non-Sarcoma,85.57,24.2,anti-PD1-CTLA4,0
24876,Male,0,0,Yes,none,Sarcoma,82.81,23.9,anti-PD1,0
34719,Male,1,0,No,none,Sarcoma,110.53,34.2,anti-PD1,0
48769,Female,0,0,Yes,none,Non-Sarcoma,61.88,29,Unknown,0
22536,Female,0,0,No,children,Sarcoma,85.04,29.9,anti-PD1,0
8760,Female,0,0,No,none,Sarcoma,140.4,23,none,0
53126,Female,0,0,No,children,Sarcoma,62.27,17.3,Unknown,0
18179,Male,0,0,No,none,Non-Sarcoma,99.44,21,anti-PD1,0
38242,Female,0,1,Yes,none,Non-Sarcoma,88.9,34.3,Unknown,0
68708,Female,0,0,No,none,Sarcoma,64.1,19.8,Unknown,0
12366,Female,0,0,No,none,Sarcoma,97.58,24.3,Unknown,0
42465,Female,1,0,Yes,none,Non-Sarcoma,58.66,16.4,anti-PD1,0
24638,Male,0,0,Yes,mature,Sarcoma,88.24,32.6,Unknown,0
58587,Male,0,0,Yes,none,Sarcoma,61.32,23.7,none,0
9170,Male,0,0,Yes,none,Sarcoma,185.71,N/A,Unknown,0
36545,Male,0,0,Yes,none,Non-Sarcoma,62.99,27,anti-PD1-CTLA4,0
19467,Male,1,0,Yes,none,Sarcoma,86.04,25.6,none,0
16868,Female,0,0,Yes,none,Non-Sarcoma,83.3,34,anti-PD1-CTLA4,0
47608,Female,0,0,No,none,Sarcoma,208.17,24.9,anti-PD1,0
38440,Male,0,0,No,none,Non-Sarcoma,133.2,26.3,Unknown,0
23543,Female,0,0,No,none,Non-Sarcoma,81.54,43.1,Unknown,0
65396,Female,0,0,Yes,none,Non-Sarcoma,146.61,39.6,anti-PD1,0
34621,Female,0,0,No,children,Sarcoma,79.33,15.2,Unknown,0
23561,Female,0,0,Yes,none,Non-Sarcoma,84.56,41.8,anti-PD1,0
16091,Male,0,0,No,none,Non-Sarcoma,103.44,20.1,anti-PD1,0
63597,Female,0,0,Yes,none,Sarcoma,185.31,39.3,anti-PD1,0
57533,Male,1,0,Yes,none,Sarcoma,102.53,28.3,anti-PD1-CTLA4,0
59370,Female,0,0,Yes,none,Sarcoma,65.78,27.5,Unknown,0
57285,Male,0,0,No,none,Non-Sarcoma,62.6,33.9,anti-PD1,0
17515,Female,0,0,No,children,Non-Sarcoma,81.18,20,Unknown,0
23988,Female,0,0,Yes,none,Non-Sarcoma,76.68,34.8,none,0
34958,Male,0,0,No,children,Sarcoma,92.86,20.7,anti-PD1-CTLA4,0
30620,Male,0,0,No,none,Sarcoma,90.95,24.6,none,0
31811,Female,0,1,Yes,none,Sarcoma,85.66,39.4,anti-PD1,0
1818,Female,0,0,No,mature,Sarcoma,88.2,N/A,none,0
5478,Female,0,0,Yes,none,Sarcoma,203.04,N/A,none,0
26830,Female,0,0,Yes,none,Non-Sarcoma,68.37,29.4,none,0
25883,Female,1,0,Yes,none,Sarcoma,77.32,24.8,Unknown,0
43657,Male,0,0,Yes,mature,Non-Sarcoma,187.87,32.3,anti-PD1,0
71917,Male,0,0,No,children,Non-Sarcoma,213.87,25.3,anti-PD1,0
61299,Female,1,0,Yes,none,Non-Sarcoma,119.62,39,Unknown,0
24603,Male,0,0,Yes,none,Sarcoma,222.85,29.4,anti-PD1-CTLA4,0
70654,Female,0,0,No,none,Non-Sarcoma,100.82,31.9,Unknown,0
49485,Female,0,0,No,none,Non-Sarcoma,136.1,26.4,Unknown,0
61641,Male,0,0,No,children,Non-Sarcoma,149.42,20.6,Unknown,0
12600,Female,0,0,Yes,none,Non-Sarcoma,79.99,26.3,anti-PD1,0
11566,Male,0,0,Yes,none,Non-Sarcoma,118.21,23.6,Unknown,0
72108,Male,0,0,No,children,Non-Sarcoma,56.3,18,Unknown,0
35117,Female,0,0,Yes,none,Non-Sarcoma,84.49,26.4,anti-PD1,0
22967,Male,0,0,No,none,Non-Sarcoma,89.61,22,anti-PD1,0
28913,Male,0,0,Yes,none,Non-Sarcoma,100.09,30.5,Unknown,0
70857,Female,0,0,Yes,mature,Sarcoma,198.36,29.1,none,0
42229,Female,0,0,Yes,none,Non-Sarcoma,93.61,24.9,anti-PD1,0
23459,Female,0,0,Yes,none,Non-Sarcoma,75.43,36.4,none,0
2209,Female,0,0,Yes,mature,Sarcoma,100.31,31.2,none,0
38673,Female,0,0,Yes,none,Non-Sarcoma,105.63,32.8,anti-PD1,0
42184,Male,0,0,Yes,none,Non-Sarcoma,82.84,31.6,anti-PD1,0
59250,Female,0,0,Yes,mature,Sarcoma,58.88,35.8,Unknown,0
29525,Male,0,0,Yes,none,Sarcoma,92.27,35.2,anti-PD1-CTLA4,0
42713,Female,0,0,Yes,none,Sarcoma,115.23,28,anti-PD1,0
16066,Female,1,1,Yes,none,Sarcoma,196.25,24.9,none,0
33692,Female,0,0,No,children,Non-Sarcoma,85.97,35.7,Unknown,0
29232,Female,0,0,Yes,none,Sarcoma,114.33,30.7,none,0
70122,Female,0,0,Yes,none,Non-Sarcoma,72.52,33.9,anti-PD1,0
25305,Male,0,0,No,children,Non-Sarcoma,99.87,N/A,anti-PD1-CTLA4,0
66110,Female,0,0,Yes,none,Non-Sarcoma,63.47,27.8,Unknown,0
69461,Female,0,0,Yes,mature,Sarcoma,90.58,23.2,Unknown,0
7885,Female,0,0,No,none,Non-Sarcoma,92.26,17.1,Unknown,0
60050,Female,0,0,Yes,none,Sarcoma,113.74,31.6,none,0
21608,Male,1,0,Yes,mature,Sarcoma,72.79,23.8,none,0
32150,Female,0,0,Yes,none,Non-Sarcoma,94.71,29.6,none,0
48069,Female,0,0,Yes,none,Non-Sarcoma,194.53,45,anti-PD1,0
24066,Female,0,0,Yes,none,Sarcoma,72.65,25.6,Unknown,0
39242,Male,1,1,Yes,none,Sarcoma,86.68,27.7,anti-PD1-CTLA4,0
57618,Female,0,0,Yes,none,Non-Sarcoma,140.39,25.5,anti-PD1,0
14599,Female,0,0,No,children,Non-Sarcoma,77.87,18.3,Unknown,0
27479,Male,0,0,Yes,none,Non-Sarcoma,104.7,21,anti-PD1-CTLA4,0
10238,Female,1,0,Yes,none,Sarcoma,95.82,28.6,anti-PD1,0
49014,Female,0,0,Yes,mature,Sarcoma,204.05,23.5,anti-PD1,0
67063,Male,0,0,Yes,none,Sarcoma,130.56,36.1,Unknown,0
38488,Female,0,0,Yes,none,Sarcoma,67.78,29.2,none,0
33298,Female,0,0,Yes,none,Sarcoma,105.29,27.6,anti-PD1-CTLA4,0
48739,Male,0,0,Yes,none,Sarcoma,135.19,36,none,0
52428,Male,0,0,No,none,Sarcoma,116.12,20.4,none,0
61171,Female,0,0,No,none,Non-Sarcoma,59.63,19.9,anti-PD1,0
40878,Male,0,0,Yes,none,Non-Sarcoma,56.43,29.2,anti-PD1-CTLA4,0
61247,Female,0,0,No,none,Non-Sarcoma,199.18,27.9,anti-PD1,0
27799,Male,0,0,Yes,none,Non-Sarcoma,209.26,38.1,anti-PD1-CTLA4,0
2824,Female,0,0,Yes,mature,Sarcoma,91.21,24.1,anti-PD1,0
12376,Male,0,0,Yes,mature,Sarcoma,95.16,37.8,anti-PD1-CTLA4,0
72435,Female,0,0,Yes,none,Sarcoma,217.11,29.1,anti-PD1,0
46864,Male,0,1,Yes,mature,Sarcoma,222.46,35.7,anti-PD1,0
2019,Male,0,0,No,none,Non-Sarcoma,70.96,N/A,Unknown,0
26154,Male,0,0,Yes,none,Non-Sarcoma,82.44,34.5,anti-PD1,0
47972,Female,0,0,No,mature,Non-Sarcoma,74.11,34.1,none,0
47751,Female,0,0,No,none,Sarcoma,131.23,21.1,Unknown,0
25405,Male,0,0,Yes,mature,Sarcoma,187.52,57.7,anti-PD1,0
34525,Female,0,0,No,none,Non-Sarcoma,83.26,22.2,anti-PD1,0
13755,Male,0,0,No,children,Non-Sarcoma,99.07,20.5,Unknown,0
56019,Female,0,0,No,none,Sarcoma,76.63,26.2,anti-PD1,0
67942,Male,0,0,No,none,Non-Sarcoma,65.09,23.5,anti-PD1,0
43806,Male,0,0,Yes,none,Sarcoma,142.31,29.1,none,0
39849,Male,1,0,No,none,Sarcoma,80.99,39.8,Unknown,0
7344,Male,0,0,Yes,mature,Non-Sarcoma,237.74,21.2,anti-PD1,0
1741,Male,0,0,Yes,none,Sarcoma,74.26,N/A,anti-PD1-CTLA4,0
52220,Female,0,0,No,none,Non-Sarcoma,154.08,20.2,anti-PD1-CTLA4,0
20129,Male,0,0,Yes,none,Non-Sarcoma,78.29,30.8,anti-PD1,0
61178,Male,0,0,Yes,none,Sarcoma,164.67,33.8,Unknown,0
48226,Female,0,0,No,children,Non-Sarcoma,59.61,17.1,Unknown,0
1151,Female,0,0,Yes,none,Sarcoma,67.75,21.3,anti-PD1-CTLA4,0
6672,Male,0,0,Yes,none,Sarcoma,92.73,N/A,anti-PD1,0
10333,Female,0,0,Yes,none,Sarcoma,90.35,22.3,anti-PD1,0
11134,Male,0,0,Yes,none,Non-Sarcoma,77.86,28.9,anti-PD1,0
25199,Female,0,0,Yes,none,Non-Sarcoma,71.88,26.7,anti-PD1,0
66490,Male,1,0,Yes,mature,Sarcoma,118.82,41,none,0
10390,Female,0,0,No,children,Sarcoma,67.33,16.7,Unknown,0
33144,Female,0,0,No,mature,Sarcoma,121.66,29.1,none,0
72497,Female,0,0,No,children,Non-Sarcoma,111.92,23.6,Unknown,0
16783,Male,0,1,Yes,none,Sarcoma,92.82,27.8,anti-PD1-CTLA4,0
727,Male,0,0,Yes,none,Non-Sarcoma,95.46,31.4,none,0
51935,Male,0,0,No,Never_worked,Sarcoma,59.99,28.2,anti-PD1,0
44177,Female,0,0,Yes,none,Non-Sarcoma,68.96,30.8,Unknown,0
2421,Female,0,0,Yes,none,Sarcoma,90.26,36.1,anti-PD1,0
48693,Female,0,0,Yes,none,Non-Sarcoma,91.9,32.7,anti-PD1-CTLA4,0
5723,Female,0,0,Yes,none,Sarcoma,91.08,26.4,anti-PD1,0
29470,Female,0,0,No,children,Non-Sarcoma,118.55,20.7,Unknown,0
71590,Female,0,0,No,children,Non-Sarcoma,102.04,18.5,Unknown,0
16600,Male,0,0,No,children,Non-Sarcoma,65.52,33.5,Unknown,0
28309,Female,0,0,Yes,none,Sarcoma,82.09,14.1,anti-PD1,0
41911,Female,0,0,Yes,none,Non-Sarcoma,149.9,23.4,Unknown,0
3390,Female,0,0,Yes,none,Non-Sarcoma,100.33,23.2,anti-PD1,0
31806,Female,0,0,Yes,none,Sarcoma,91.25,36,Unknown,0
68750,Male,0,0,Yes,none,Non-Sarcoma,89.81,35.6,anti-PD1,0
32840,Female,0,0,Yes,none,Sarcoma,97.32,21.8,none,0
49797,Female,0,0,No,none,Non-Sarcoma,75.53,34.9,anti-PD1,0
72096,Female,0,0,Yes,none,Non-Sarcoma,121.44,20.4,anti-PD1,0
13503,Male,0,0,Yes,none,Sarcoma,83.52,25,anti-PD1,0
41536,Female,0,0,Yes,mature,Non-Sarcoma,57.92,22.3,Unknown,0
17441,Female,0,0,No,none,Non-Sarcoma,75.27,27.3,anti-PD1,0
62238,Female,0,0,No,none,Sarcoma,80.24,28.9,anti-PD1,0
737,Male,0,0,No,children,Sarcoma,88.69,30.4,Unknown,0
4627,Male,0,0,No,none,Sarcoma,69.09,36.9,anti-PD1-CTLA4,0
47208,Female,0,0,Yes,none,Non-Sarcoma,62.67,27.7,anti-PD1,0
6844,Male,0,0,Yes,none,Sarcoma,98.74,44.4,anti-PD1,0
60001,Female,0,0,Yes,none,Non-Sarcoma,56.51,28.2,none,0
44503,Female,0,0,No,none,Non-Sarcoma,65.95,35,anti-PD1,0
44938,Female,0,0,No,children,Sarcoma,129.07,20.6,Unknown,0
40371,Female,0,0,Yes,none,Sarcoma,62.47,26.5,anti-PD1,0
39011,Female,0,0,No,children,Sarcoma,69.82,25.1,anti-PD1,0
1460,Female,0,0,Yes,none,Sarcoma,99.68,22.2,Unknown,0
48364,Male,0,0,Yes,mature,Sarcoma,223.35,27.3,anti-PD1-CTLA4,0
30285,Male,0,1,Yes,none,Non-Sarcoma,74.36,27.3,anti-PD1,0
21472,Male,0,1,Yes,none,Non-Sarcoma,102.97,41.9,anti-PD1-CTLA4,0
71182,Female,1,0,Yes,mature,Sarcoma,153.38,38.8,anti-PD1,0
33412,Female,0,0,No,none,Non-Sarcoma,87.1,18.3,anti-PD1,0
16061,Female,0,0,No,children,Sarcoma,113.4,19.5,Unknown,0
60266,Male,0,0,No,children,Non-Sarcoma,94.88,17.2,Unknown,0
70965,Male,0,0,No,children,Sarcoma,82.73,20.8,Unknown,0
56736,Male,0,0,No,none,Non-Sarcoma,67.8,23.8,Unknown,0
6537,Female,0,0,Yes,none,Sarcoma,84.85,24.7,anti-PD1,0
41827,Male,0,0,Yes,none,Non-Sarcoma,135.89,23.1,anti-PD1-CTLA4,0
49480,Female,0,0,No,none,Sarcoma,106.13,22.4,anti-PD1,0
36704,Female,0,0,Yes,none,Non-Sarcoma,74.33,29.9,none,0
8884,Female,0,0,No,children,Non-Sarcoma,109.4,20,Unknown,0
49775,Male,0,0,Yes,none,Non-Sarcoma,75.4,28.7,Unknown,0
25777,Male,0,0,Yes,none,Non-Sarcoma,87.69,26.2,anti-PD1-CTLA4,0
2070,Male,0,0,Yes,none,Sarcoma,95.85,29.6,none,0
15752,Male,0,0,Yes,none,Sarcoma,90.36,30.8,anti-PD1-CTLA4,0
45915,Female,0,0,No,none,Non-Sarcoma,63.45,32.7,anti-PD1-CTLA4,0
48775,Female,1,0,Yes,none,Non-Sarcoma,201.07,21.8,Unknown,0
65697,Female,0,0,Yes,none,Sarcoma,122.91,35.7,anti-PD1,0
65229,Female,0,0,No,none,Non-Sarcoma,55.41,25.4,Unknown,0
56889,Male,1,0,Yes,none,Sarcoma,60.99,32.8,Unknown,0
6596,Male,0,0,No,children,Non-Sarcoma,111.77,21.1,Unknown,0
46577,Female,0,0,No,none,Sarcoma,77.63,31.7,anti-PD1,0
63455,Male,0,0,Yes,none,Sarcoma,70.61,20,anti-PD1,0
21724,Female,0,0,Yes,none,Sarcoma,124.34,34.7,anti-PD1-CTLA4,0
29863,Male,0,0,No,none,Sarcoma,103.44,28,anti-PD1,0
69249,Female,0,0,No,children,Sarcoma,124.5,16.4,Unknown,0
8968,Female,0,0,Yes,none,Sarcoma,208.06,N/A,none,0
20310,Male,0,0,No,mature,Sarcoma,75.5,24.6,anti-PD1,0
11450,Female,0,0,Yes,none,Sarcoma,98.85,24.6,anti-PD1,0
31999,Male,0,1,Yes,none,Non-Sarcoma,96.06,30.3,Unknown,0
34133,Female,0,0,No,none,Non-Sarcoma,93.74,23.7,Unknown,0
44202,Female,0,0,Yes,none,Sarcoma,65.6,33.5,anti-PD1,0
72311,Male,0,0,No,none,Sarcoma,113.24,24.9,Unknown,0
18704,Female,0,0,Yes,none,Non-Sarcoma,94.77,48.9,Unknown,0
36518,Female,0,0,Yes,none,Sarcoma,145.22,31.4,Unknown,0
35651,Male,0,0,No,children,Sarcoma,112.92,18.4,Unknown,0
13749,Female,0,0,Yes,none,Non-Sarcoma,84.79,24.2,anti-PD1-CTLA4,0
21521,Male,0,1,Yes,none,Sarcoma,103.28,34.3,none,0
27163,Female,1,0,Yes,none,Sarcoma,109,N/A,Unknown,0
8882,Male,0,0,No,mature,Non-Sarcoma,96.18,25.1,anti-PD1,0
32016,Male,1,0,Yes,none,Non-Sarcoma,186.95,33.3,anti-PD1,0
14287,Female,0,0,Yes,none,Sarcoma,68.66,22.6,Unknown,0
60139,Female,0,0,Yes,none,Non-Sarcoma,128.72,26.3,none,0
2447,Female,0,0,Yes,none,Sarcoma,85.04,29.7,anti-PD1-CTLA4,0
42500,Male,0,0,No,children,Non-Sarcoma,146.97,18.5,Unknown,0
44391,Male,0,0,Yes,none,Sarcoma,65.69,21.4,anti-PD1,0
12741,Female,0,0,Yes,none,Non-Sarcoma,97.52,45.5,anti-PD1-CTLA4,0
15418,Female,0,0,Yes,none,Non-Sarcoma,90.43,34.2,anti-PD1,0
69482,Female,0,0,Yes,mature,Sarcoma,81.71,32.7,Unknown,0
32270,Male,0,0,Yes,none,Non-Sarcoma,198.24,38.1,anti-PD1,0
50983,Male,0,0,Yes,none,Non-Sarcoma,90.51,26.7,anti-PD1,0
6493,Male,0,0,No,none,Sarcoma,97.78,22.6,none,0
45399,Male,0,0,Yes,none,Sarcoma,80.74,27.7,Unknown,0
67099,Male,0,0,No,children,Non-Sarcoma,57.02,20.7,Unknown,0
19585,Female,0,0,No,none,Non-Sarcoma,93,25.7,anti-PD1,0
26247,Female,0,0,Yes,none,Non-Sarcoma,95.37,17.3,Unknown,0
25818,Male,0,0,Yes,mature,Non-Sarcoma,96.25,23.3,anti-PD1-CTLA4,0
34261,Male,0,0,No,children,Non-Sarcoma,86.74,16.2,Unknown,0
64128,Male,0,0,No,children,Sarcoma,63.08,20.5,none,0
62817,Male,0,0,Yes,none,Sarcoma,129.16,33.6,none,0
69339,Male,0,0,No,children,Sarcoma,99.79,20.2,Unknown,0
25919,Male,1,0,Yes,none,Sarcoma,83.34,49.3,anti-PD1,0
71978,Female,0,0,Yes,none,Sarcoma,95.01,26.2,anti-PD1-CTLA4,0
1473,Male,1,0,Yes,none,Sarcoma,229.21,30.1,none,0
66546,Female,0,0,No,none,Sarcoma,80.08,25.1,anti-PD1,0
56584,Female,0,0,No,none,Non-Sarcoma,62,32.7,none,0
38316,Male,0,0,Yes,none,Non-Sarcoma,118.69,26.4,Unknown,0
15647,Female,0,0,No,none,Non-Sarcoma,77.57,21,Unknown,0
59933,Female,0,0,No,none,Non-Sarcoma,108.75,24.1,Unknown,0
3429,Female,0,0,No,mature,Sarcoma,108.23,20.4,Unknown,0
60963,Female,0,0,Yes,none,Non-Sarcoma,151.33,30.9,anti-PD1-CTLA4,0
67689,Male,0,0,Yes,none,Non-Sarcoma,82.43,39.1,Unknown,0
31689,Female,0,0,Yes,none,Non-Sarcoma,107.17,27.7,Unknown,0
23240,Female,0,0,Yes,none,Non-Sarcoma,91.46,29.5,anti-PD1,0
30850,Male,0,0,Yes,none,Sarcoma,81.05,30.3,Unknown,0
38920,Male,0,0,No,children,Sarcoma,73.02,N/A,Unknown,0
66080,Female,0,0,No,none,Sarcoma,114.37,37.8,Unknown,0
57263,Female,0,0,Yes,none,Sarcoma,100.29,30.2,anti-PD1,0
60126,Female,0,0,Yes,none,Sarcoma,68.37,24.2,none,0
64393,Male,0,0,No,none,Non-Sarcoma,87.95,25.2,anti-PD1,0
69285,Female,0,0,Yes,none,Sarcoma,73.27,22.2,none,0
24428,Male,0,0,No,children,Non-Sarcoma,131.43,17.7,Unknown,0
59642,Female,0,0,Yes,none,Sarcoma,107.29,29.6,anti-PD1,0
12064,Male,0,0,Yes,none,Non-Sarcoma,68.24,32.2,Unknown,0
59737,Female,0,0,Yes,none,Sarcoma,74.01,28.7,none,0
19352,Female,0,0,Yes,none,Sarcoma,95.4,19.5,Unknown,0
61903,Male,0,0,No,mature,Non-Sarcoma,95.75,38.5,none,0
47701,Male,0,0,No,children,Sarcoma,104.51,20.6,Unknown,0
15225,Male,0,0,No,none,Non-Sarcoma,108.87,21.5,Unknown,0
66431,Male,0,0,Yes,none,Sarcoma,209.06,43.8,Unknown,0
57236,Male,0,0,No,children,Non-Sarcoma,86.57,18,Unknown,0
48453,Female,0,0,Yes,none,Sarcoma,120.25,28.2,Unknown,0
8031,Female,0,0,Yes,none,Non-Sarcoma,85.51,26.6,none,0
39139,Female,0,0,Yes,none,Non-Sarcoma,84.18,35.5,anti-PD1,0
4838,Female,0,0,Yes,mature,Sarcoma,82.37,30.7,anti-PD1,0
22689,Male,0,0,No,children,Non-Sarcoma,96.15,18.7,Unknown,0
37752,Female,0,0,Yes,none,Non-Sarcoma,74.55,22.4,anti-PD1,0
32320,Female,0,0,Yes,none,Sarcoma,114.45,25.2,none,0
14889,Male,0,0,Yes,mature,Non-Sarcoma,113.68,24.2,anti-PD1,0
13964,Female,0,0,Yes,none,Non-Sarcoma,107.91,20.5,anti-PD1,0
31746,Female,0,0,Yes,none,Non-Sarcoma,83.85,24.5,anti-PD1,0
17492,Female,0,0,No,children,Sarcoma,101.3,24.8,Unknown,0
1499,Female,0,0,Yes,mature,Non-Sarcoma,72.13,42.6,anti-PD1,0
34396,Female,1,0,Yes,none,Sarcoma,94.98,23.8,anti-PD1,0
36750,Male,1,0,Yes,none,Non-Sarcoma,228.42,42.3,anti-PD1-CTLA4,0
68816,Male,0,0,Yes,none,Non-Sarcoma,93.9,42.2,anti-PD1,0
16129,Female,0,0,Yes,none,Sarcoma,93.13,26.1,Unknown,0
64006,Female,0,0,No,none,Sarcoma,121.6,22.8,anti-PD1,0
51845,Male,0,0,Yes,mature,Non-Sarcoma,84.4,42.3,anti-PD1-CTLA4,0
30692,Male,0,0,Yes,none,Non-Sarcoma,82.13,28.5,anti-PD1,0
65712,Male,0,0,No,none,Sarcoma,73.33,23,anti-PD1,0
42161,Female,0,0,Yes,none,Sarcoma,75.88,32.8,Unknown,0
16938,Female,0,0,Yes,none,Non-Sarcoma,212.97,49.8,anti-PD1-CTLA4,0
16113,Female,0,0,Yes,mature,Non-Sarcoma,100.41,23.8,anti-PD1,0
29388,Female,0,0,Yes,none,Sarcoma,202.05,31.7,none,0
65109,Male,0,0,Yes,none,Sarcoma,71.42,34.9,none,0
61242,Female,1,0,Yes,mature,Non-Sarcoma,107.5,54,anti-PD1,0
65252,Female,0,0,Yes,mature,Non-Sarcoma,55.57,26.8,anti-PD1-CTLA4,0
49615,Female,0,0,No,children,Sarcoma,58.14,21.3,anti-PD1,0
63511,Male,0,0,No,children,Non-Sarcoma,78.53,19.8,Unknown,0
14089,Female,0,0,Yes,none,Sarcoma,78.79,42.4,none,0
16987,Female,0,0,No,children,Sarcoma,96.62,16.4,Unknown,0
53399,Male,0,0,Yes,none,Non-Sarcoma,65.28,28.2,anti-PD1,0
36946,Male,0,0,Yes,none,Non-Sarcoma,92.67,26.3,anti-PD1-CTLA4,0
55522,Female,0,0,No,children,Non-Sarcoma,206.25,17,Unknown,0
27954,Female,0,0,No,none,Sarcoma,114.18,23.3,anti-PD1,0
5355,Male,0,0,Yes,mature,Non-Sarcoma,231.69,56.1,anti-PD1-CTLA4,0
69069,Female,0,1,No,none,Non-Sarcoma,101.89,25.1,none,0
11539,Female,1,0,No,none,Sarcoma,107.22,35.3,none,0
16847,Male,0,0,No,none,Non-Sarcoma,101.99,36.3,anti-PD1,0
15873,Male,0,0,Yes,none,Non-Sarcoma,72.56,30.4,anti-PD1-CTLA4,0
15415,Male,1,1,Yes,none,Sarcoma,94.47,43.9,anti-PD1,0
22891,Female,0,0,Yes,none,Sarcoma,98.76,26.4,none,0
7394,Female,1,0,No,none,Non-Sarcoma,116.93,28.3,anti-PD1,0
29915,Female,0,0,No,none,Non-Sarcoma,219.96,42.3,anti-PD1,0
62607,Male,0,0,No,none,Sarcoma,75.77,38,anti-PD1,0
24404,Male,0,0,No,children,Sarcoma,124.35,32.7,Unknown,0
69666,Female,0,0,Yes,none,Sarcoma,88.97,28.8,anti-PD1,0
54997,Female,0,0,Yes,none,Non-Sarcoma,72.49,38.5,anti-PD1,0
6199,Female,0,0,Yes,mature,Non-Sarcoma,107.27,30.1,Unknown,0
4635,Female,0,0,Yes,none,Non-Sarcoma,97.96,31.3,anti-PD1,0
3305,Male,0,0,Yes,none,Sarcoma,197.69,28.4,none,0
24342,Female,0,0,No,none,Non-Sarcoma,112.3,26.6,Unknown,0
65093,Female,0,0,Yes,none,Sarcoma,75.77,20.4,anti-PD1-CTLA4,0
46261,Male,0,0,Yes,none,Sarcoma,76.51,34.7,Unknown,0
42624,Female,0,0,Yes,none,Sarcoma,93.14,32.5,anti-PD1,0
24735,Female,0,0,No,none,Non-Sarcoma,80.84,30.7,Unknown,0
50671,Male,1,1,Yes,none,Non-Sarcoma,199.88,29.6,anti-PD1-CTLA4,0
1679,Male,0,0,Yes,none,Non-Sarcoma,77.48,N/A,anti-PD1-CTLA4,0
66680,Female,1,0,Yes,none,Non-Sarcoma,65.34,39.4,anti-PD1,0
34248,Male,1,0,No,none,Sarcoma,81.96,N/A,anti-PD1-CTLA4,0
65336,Female,0,0,Yes,none,Sarcoma,98.71,26.1,anti-PD1-CTLA4,0
68333,Female,1,0,No,none,Non-Sarcoma,170.22,27.2,anti-PD1-CTLA4,0
60210,Female,0,0,No,none,Sarcoma,73.5,41.3,none,0
11573,Female,0,0,No,none,Non-Sarcoma,72.39,N/A,none,0
67890,Male,0,1,Yes,none,Sarcoma,102.96,20.9,anti-PD1-CTLA4,0
49254,Male,1,0,Yes,none,Sarcoma,80.72,41.5,anti-PD1-CTLA4,0
9199,Male,0,0,No,none,Sarcoma,74.19,31.1,anti-PD1-CTLA4,0
35402,Male,0,0,No,none,Sarcoma,77.12,24.5,anti-PD1-CTLA4,0
25996,Female,0,0,Yes,none,Sarcoma,81.2,23,Unknown,0
8345,Female,0,0,Yes,none,Non-Sarcoma,114.76,24.7,anti-PD1,0
63219,Male,0,0,No,children,Sarcoma,109.97,19.3,Unknown,0
8770,Male,0,0,No,none,Sarcoma,92.87,37,anti-PD1,0
22370,Male,1,0,No,mature,Sarcoma,113.05,31,none,0
25930,Male,0,0,Yes,none,Sarcoma,68.24,33.1,anti-PD1-CTLA4,0
33478,Female,0,0,No,none,Non-Sarcoma,74.35,26.6,none,0
23009,Male,0,0,Yes,none,Sarcoma,91.08,27.7,anti-PD1,0
24885,Male,0,1,Yes,none,Sarcoma,88.83,40.3,none,0
58591,Female,0,0,No,none,Non-Sarcoma,134.33,19.5,Unknown,0
44777,Male,0,0,Yes,none,Non-Sarcoma,208.78,26.7,Unknown,0
46363,Male,0,0,Yes,none,Non-Sarcoma,66.17,26.1,anti-PD1,0
36377,Female,0,0,Yes,none,Non-Sarcoma,222.29,38.2,anti-PD1,0
15440,Female,0,0,Yes,none,Non-Sarcoma,114.16,21.3,none,0
56420,Male,1,0,No,none,Non-Sarcoma,61.67,97.6,Unknown,0
39531,Male,1,0,Yes,none,Non-Sarcoma,220.36,40.9,anti-PD1-CTLA4,0
55220,Male,0,0,Yes,none,Sarcoma,76.03,27.3,anti-PD1,0
30731,Female,0,0,No,none,Sarcoma,73.06,20.9,anti-PD1,0
14479,Female,0,1,Yes,none,Sarcoma,187.88,29.2,anti-PD1-CTLA4,0
40471,Female,0,0,No,none,Sarcoma,79.89,17.9,Unknown,0
7384,Male,0,0,No,none,Non-Sarcoma,79.02,38,Unknown,0
53422,Male,0,0,Yes,none,Non-Sarcoma,191.66,26.1,none,0
59745,Female,0,0,Yes,none,Sarcoma,76.74,53.9,Unknown,0
24721,Male,0,0,No,none,Sarcoma,72.29,22.2,Unknown,0
9644,Male,0,0,Yes,none,Sarcoma,92.59,24.6,anti-PD1-CTLA4,0
50837,Male,0,0,Yes,none,Non-Sarcoma,80.42,33.4,anti-PD1-CTLA4,0
67941,Female,0,0,No,none,Non-Sarcoma,62.47,34.4,anti-PD1-CTLA4,0
43590,Female,0,0,Yes,none,Non-Sarcoma,63.94,17.6,anti-PD1,0
29014,Female,0,0,Yes,none,Non-Sarcoma,77.73,19.2,anti-PD1,0
66051,Male,0,0,Yes,none,Non-Sarcoma,115.79,31.8,Unknown,0
70783,Female,0,0,Yes,none,Sarcoma,96.3,28.1,none,0
10716,Female,0,0,Yes,none,Non-Sarcoma,107.46,32.1,anti-PD1,0
7868,Male,0,0,No,children,Non-Sarcoma,108.33,17.4,anti-PD1,0
58350,Female,0,0,No,mature,Non-Sarcoma,89.37,20.2,anti-PD1,0
18927,Female,0,0,No,children,Sarcoma,93.64,23.4,Unknown,0
19550,Male,0,0,Yes,none,Sarcoma,217.75,39.5,anti-PD1,0
31372,Female,0,0,Yes,none,Non-Sarcoma,83.44,21.5,Unknown,0
55262,Male,0,0,Yes,none,Non-Sarcoma,93.88,24.3,none,0
50238,Male,0,0,No,children,Sarcoma,55.34,15.3,Unknown,0
2868,Female,0,0,Yes,mature,Non-Sarcoma,102.61,32.4,Unknown,0
51343,Male,0,0,No,children,Non-Sarcoma,62.08,16.1,Unknown,0
56324,Female,0,0,Yes,none,Non-Sarcoma,81.76,34.3,anti-PD1-CTLA4,0
42047,Female,0,0,Yes,none,Sarcoma,59.2,43.8,anti-PD1,0
36486,Male,0,0,No,children,Sarcoma,55.61,19.6,Unknown,0
62456,Female,0,0,Yes,none,Sarcoma,226.88,36.7,anti-PD1-CTLA4,0
64980,Female,0,0,Yes,mature,Sarcoma,65.66,33.7,anti-PD1,0
65962,Male,0,0,Yes,none,Sarcoma,58.7,38.9,none,0
47521,Female,1,0,Yes,mature,Sarcoma,186.4,28,anti-PD1,0
41501,Female,0,0,Yes,mature,Sarcoma,122.32,23.9,Unknown,0
47582,Male,0,0,No,children,Sarcoma,59.05,16.6,Unknown,0
63938,Female,0,0,Yes,none,Sarcoma,149.13,42.9,none,0
49627,Female,0,0,No,children,Sarcoma,82.39,17.1,anti-PD1,0
61291,Male,0,0,Yes,none,Non-Sarcoma,169.49,27.2,Unknown,0
53032,Male,0,0,Yes,none,Non-Sarcoma,80.25,30.3,anti-PD1-CTLA4,0
45040,Male,0,0,Yes,none,Sarcoma,203.81,33.9,anti-PD1-CTLA4,0
56791,Male,0,0,No,children,Sarcoma,170.76,20,Unknown,0
37320,Female,0,0,Yes,none,Non-Sarcoma,80.85,19.4,Unknown,0
72514,Male,0,0,No,none,Non-Sarcoma,120.58,21.5,anti-PD1,0
3842,Male,0,0,Yes,none,Non-Sarcoma,86.57,28.5,anti-PD1-CTLA4,0
38143,Female,1,0,Yes,none,Sarcoma,90.01,34.4,none,0
54296,Male,0,0,Yes,none,Non-Sarcoma,68.84,43.7,anti-PD1-CTLA4,0
48435,Female,0,0,No,children,Non-Sarcoma,155.14,13.7,Unknown,0
42212,Female,0,0,Yes,none,Sarcoma,158.48,33.7,anti-PD1-CTLA4,0
47607,Male,0,0,No,children,Non-Sarcoma,92.56,18,Unknown,0
16535,Female,0,0,No,none,Non-Sarcoma,90.15,27.9,anti-PD1-CTLA4,0
66677,Male,0,0,Yes,none,Non-Sarcoma,80.09,21.8,anti-PD1,0
57270,Female,0,0,Yes,none,Non-Sarcoma,189.44,35.8,anti-PD1,0
22414,Female,0,0,No,none,Non-Sarcoma,70.03,23.1,none,0
63401,Female,0,0,Yes,none,Non-Sarcoma,249.29,30.3,none,0
32252,Female,0,0,No,none,Non-Sarcoma,72.52,32,Unknown,0
17950,Male,0,0,Yes,none,Sarcoma,96.93,25,none,0
53990,Male,0,1,Yes,none,Sarcoma,211.35,30.7,anti-PD1-CTLA4,0
20565,Male,0,0,No,children,Non-Sarcoma,85.87,24.3,Unknown,0
59993,Male,0,0,Yes,none,Non-Sarcoma,60.96,11.5,anti-PD1,0
42830,Male,0,1,Yes,none,Sarcoma,120.09,30.7,anti-PD1,0
34721,Female,1,0,Yes,mature,Sarcoma,92.13,33.7,anti-PD1,0
5157,Male,1,0,Yes,none,Sarcoma,83.07,26.5,none,0
48851,Female,0,0,No,children,Non-Sarcoma,77.67,17.6,Unknown,0
26084,Female,1,0,Yes,none,Sarcoma,109.51,N/A,anti-PD1,0
23413,Female,0,0,No,none,Sarcoma,97.24,22.5,anti-PD1,0
49970,Male,0,0,No,children,Non-Sarcoma,127.29,18.5,Unknown,0
72414,Male,0,0,No,none,Sarcoma,134.8,22.4,anti-PD1,0
21374,Female,0,0,Yes,none,Sarcoma,74.65,25.3,anti-PD1-CTLA4,0
69623,Male,0,0,Yes,none,Sarcoma,85.84,37.3,anti-PD1,0
40378,Male,1,0,Yes,none,Sarcoma,90.43,39.7,none,0
4671,Female,0,0,No,none,Sarcoma,74.35,28,anti-PD1,0
17295,Female,0,0,Yes,none,Sarcoma,206.59,41.4,none,0
55466,Female,0,1,Yes,none,Sarcoma,196.33,25.3,anti-PD1,0
65419,Male,0,1,Yes,mature,Non-Sarcoma,70.23,28.1,anti-PD1,0
34448,Female,0,0,Yes,none,Sarcoma,242.94,41.2,anti-PD1,0
14406,Female,0,1,Yes,none,Non-Sarcoma,103.06,28.8,anti-PD1,0
924,Female,0,0,Yes,mature,Sarcoma,80.86,31,none,0
71339,Female,0,0,Yes,mature,Sarcoma,114.32,28.3,none,0
31443,Female,0,0,Yes,mature,Sarcoma,83.91,23.9,Unknown,0
49672,Female,0,0,Yes,mature,Non-Sarcoma,152.02,44.2,anti-PD1-CTLA4,0
394,Male,1,0,Yes,none,Non-Sarcoma,75.19,27.6,anti-PD1,0
63362,Female,0,0,Yes,none,Sarcoma,60.61,35.7,anti-PD1-CTLA4,0
59928,Female,0,0,Yes,none,Non-Sarcoma,89.14,37.4,anti-PD1-CTLA4,0
62289,Female,0,0,Yes,none,Sarcoma,97.23,27.5,Unknown,0
59464,Female,0,0,No,none,Non-Sarcoma,135.19,23.4,anti-PD1,0
18680,Male,0,0,Yes,none,Sarcoma,78.48,25.8,anti-PD1-CTLA4,0
19439,Male,0,1,Yes,none,Non-Sarcoma,97.24,N/A,Unknown,0
27017,Male,0,0,No,none,Sarcoma,75.92,22.8,anti-PD1,0
8277,Female,0,0,No,children,Sarcoma,93.3,19.5,Unknown,0
14099,Female,0,0,Yes,mature,Sarcoma,97.39,38,Unknown,0
37128,Male,0,0,Yes,none,Non-Sarcoma,134.61,23.4,anti-PD1,0
57774,Male,0,0,Yes,none,Non-Sarcoma,104.02,29.5,anti-PD1,0
64033,Male,0,1,No,none,Sarcoma,56.9,28.2,anti-PD1,0
72701,Male,0,0,No,children,Non-Sarcoma,112.66,14.2,Unknown,0
59130,Female,0,0,No,none,Non-Sarcoma,226.75,28.9,Unknown,0
48472,Male,0,0,Yes,none,Non-Sarcoma,76.28,31.4,anti-PD1-CTLA4,0
67956,Female,0,0,Yes,none,Sarcoma,90.01,32.4,anti-PD1-CTLA4,0
35602,Female,0,0,Yes,mature,Non-Sarcoma,107.84,22,anti-PD1-CTLA4,0
13818,Female,0,0,Yes,none,Non-Sarcoma,71.06,26.4,anti-PD1,0
34661,Male,1,0,Yes,none,Sarcoma,185,26.1,anti-PD1,0
64895,Male,1,0,Yes,none,Non-Sarcoma,104.42,37.6,none,0
21969,Male,0,0,No,children,Sarcoma,89.57,18.8,Unknown,0
38320,Male,1,0,Yes,none,Non-Sarcoma,136.2,23.8,Unknown,0
42040,Female,0,0,Yes,mature,Sarcoma,128.23,49.4,anti-PD1,0
31857,Female,0,0,Yes,none,Non-Sarcoma,104.23,23.8,none,0
64494,Female,0,0,Yes,none,Sarcoma,133.82,20.4,anti-PD1,0
34764,Female,0,0,Yes,none,Non-Sarcoma,80.82,40.3,anti-PD1,0
20673,Male,0,0,Yes,none,Non-Sarcoma,102.35,23.6,anti-PD1,0
64817,Male,0,0,Yes,none,Non-Sarcoma,88.48,34.3,anti-PD1,0
72450,Male,0,0,Yes,none,Non-Sarcoma,88.81,32.7,Unknown,0
13988,Female,0,0,Yes,none,Non-Sarcoma,75.09,28.7,anti-PD1,0
54985,Female,0,0,No,children,Sarcoma,199.83,24.5,Unknown,0
6049,Female,0,0,No,children,Non-Sarcoma,73.69,24.8,Unknown,0
13380,Male,0,0,No,children,Sarcoma,111.27,23.2,Unknown,0
64371,Female,0,0,Yes,none,Non-Sarcoma,68.44,23,none,0
50295,Female,0,0,Yes,none,Sarcoma,65.36,39.3,anti-PD1,0
14404,Female,0,0,No,children,Sarcoma,94.12,20.1,anti-PD1,0
58645,Female,0,0,Yes,none,Non-Sarcoma,96.24,25.4,anti-PD1,0
19419,Male,0,0,No,children,Non-Sarcoma,91.25,23.8,Unknown,0
24518,Female,0,0,No,none,Non-Sarcoma,77.29,28.4,anti-PD1,0
53494,Female,0,0,No,children,Non-Sarcoma,125.09,15.4,Unknown,0
42599,Female,0,1,Yes,none,Sarcoma,107.18,28.2,anti-PD1,0
68370,Male,0,0,Yes,none,Sarcoma,130.07,26,anti-PD1,0
57813,Female,0,0,Yes,none,Sarcoma,57.3,41.5,anti-PD1,0
1329,Female,0,0,No,mature,Non-Sarcoma,101.35,32.2,anti-PD1,0
15255,Female,0,0,No,none,Non-Sarcoma,94.03,25.7,anti-PD1,0
65680,Male,0,1,Yes,none,Sarcoma,227.81,33,anti-PD1-CTLA4,0
32974,Male,0,0,Yes,mature,Sarcoma,66.67,35,none,0
5863,Female,0,0,Yes,none,Sarcoma,240.81,27.4,anti-PD1,0
10584,Male,0,0,No,children,Sarcoma,88.02,16.4,Unknown,0
38675,Female,0,0,No,none,Sarcoma,152.87,31.5,Unknown,0
47600,Female,0,0,Yes,none,Sarcoma,96.04,29.2,Unknown,0
48246,Male,0,0,Yes,none,Sarcoma,60.35,25.9,anti-PD1-CTLA4,0
61743,Male,0,0,No,mature,Sarcoma,118.66,32.3,anti-PD1,0
3879,Female,0,0,No,none,Sarcoma,89.03,N/A,none,0
58086,Male,0,0,Yes,none,Sarcoma,58.51,30.4,anti-PD1-CTLA4,0
53957,Male,0,0,Yes,none,Sarcoma,96.04,45.1,anti-PD1-CTLA4,0
40137,Female,0,0,Yes,none,Non-Sarcoma,110.92,25.9,Unknown,0
70500,Female,0,0,No,none,Non-Sarcoma,92.72,36.6,anti-PD1,0
35085,Female,0,0,No,children,Non-Sarcoma,108.23,18.6,Unknown,0
43872,Female,0,0,Yes,none,Non-Sarcoma,56.34,27.5,Unknown,0
62951,Female,0,0,Yes,none,Non-Sarcoma,61.83,31.3,anti-PD1,0
43244,Female,0,0,Yes,none,Non-Sarcoma,131.99,37.5,anti-PD1,0
31198,Female,0,0,Yes,none,Non-Sarcoma,136.81,23.1,none,0
23223,Male,0,0,Yes,none,Non-Sarcoma,239.28,35,anti-PD1,0
38474,Male,0,0,Yes,mature,Sarcoma,131.3,27,anti-PD1,0
4591,Female,0,0,Yes,none,Non-Sarcoma,117.75,29.8,anti-PD1,0
1451,Female,0,0,No,none,Sarcoma,78.46,23.5,Unknown,0
37150,Female,0,0,Yes,none,Non-Sarcoma,83.53,48.5,anti-PD1-CTLA4,0
65632,Male,0,0,Yes,none,Non-Sarcoma,145.5,31.8,anti-PD1-CTLA4,0
62834,Female,0,0,Yes,none,Sarcoma,88.33,20,Unknown,0
21826,Male,0,0,Yes,none,Non-Sarcoma,101.25,29.4,anti-PD1-CTLA4,0
21036,Female,0,0,Yes,none,Sarcoma,131.43,24.3,anti-PD1,0
55566,Female,0,0,Yes,none,Non-Sarcoma,231.5,45.4,anti-PD1,0
46923,Male,0,1,Yes,none,Non-Sarcoma,82.89,29.5,anti-PD1,0
63990,Male,1,0,Yes,none,Non-Sarcoma,192.37,49.2,anti-PD1,0
2265,Male,0,0,Yes,none,Non-Sarcoma,79.64,N/A,none,0
2860,Male,0,0,Yes,none,Non-Sarcoma,82.88,29.4,Unknown,0
15964,Female,1,0,Yes,none,Non-Sarcoma,99.4,29.1,anti-PD1,0
46483,Male,0,0,No,none,Sarcoma,77.75,38.8,none,0
33284,Male,0,0,No,none,Non-Sarcoma,75.03,23.4,anti-PD1,0
61895,Female,0,0,Yes,none,Non-Sarcoma,220.47,48.7,anti-PD1,0
48875,Male,0,0,No,children,Non-Sarcoma,196.91,19.7,Unknown,0
36589,Female,0,0,Yes,none,Sarcoma,180.8,20.3,anti-PD1,0
28651,Male,0,0,Yes,none,Sarcoma,247.48,33.5,none,0
45033,Male,0,0,Yes,mature,Sarcoma,216,36.7,none,0
32166,Male,1,0,Yes,none,Sarcoma,75.64,24.4,anti-PD1,0
34188,Female,0,0,Yes,mature,Sarcoma,95.07,38.8,anti-PD1-CTLA4,0
58359,Female,1,0,Yes,none,Sarcoma,129.97,44.2,none,0
59347,Male,0,0,Yes,none,Sarcoma,124.26,33.4,anti-PD1,0
12849,Female,0,0,Yes,none,Sarcoma,87.92,32.5,Unknown,0
6104,Female,0,0,No,children,Non-Sarcoma,85.15,15.1,Unknown,0
29694,Female,0,0,Yes,none,Non-Sarcoma,95.36,21.5,none,0
30806,Male,0,0,Yes,none,Sarcoma,87.16,30.4,anti-PD1-CTLA4,0
20316,Female,0,0,Yes,mature,Non-Sarcoma,219.39,33.4,none,0
58253,Male,0,0,No,children,Sarcoma,71.92,18.2,Unknown,0
57679,Male,0,0,No,children,Sarcoma,167.66,18.7,Unknown,0
39956,Female,0,0,No,none,Non-Sarcoma,87.21,38.4,Unknown,0
7683,Male,0,0,Yes,none,Non-Sarcoma,220.47,36.4,none,0
9197,Female,0,0,No,children,Sarcoma,80.47,20.6,Unknown,0
58543,Female,0,0,Yes,mature,Sarcoma,89.95,48.9,anti-PD1-CTLA4,0
6968,Male,0,0,No,children,Non-Sarcoma,111.32,18.2,Unknown,0
35838,Female,0,0,No,children,Sarcoma,65.01,17,Unknown,0
57549,Female,0,0,Yes,none,Sarcoma,110.07,31.8,anti-PD1,0
59200,Male,0,0,No,none,Sarcoma,60.56,33,anti-PD1,0
24289,Male,0,0,Yes,none,Sarcoma,89.83,24.7,none,0
6206,Female,0,0,Yes,none,Non-Sarcoma,90.35,28.1,Unknown,0
28227,Female,0,0,Yes,none,Sarcoma,71.5,40.3,none,0
35229,Male,0,0,Yes,mature,Sarcoma,71.71,35.2,none,0
23176,Female,1,0,Yes,none,Sarcoma,173.96,31.2,anti-PD1-CTLA4,0
3045,Male,1,0,Yes,none,Sarcoma,96.06,37.6,anti-PD1,0
22386,Female,0,0,Yes,none,Sarcoma,113.2,38.7,none,0
1077,Male,0,1,Yes,mature,Non-Sarcoma,106.03,N/A,Unknown,0
57903,Female,1,0,Yes,none,Non-Sarcoma,111.38,N/A,none,0
22108,Female,0,0,No,none,Non-Sarcoma,73.29,28.1,none,0
55982,Female,0,0,Yes,none,Sarcoma,65.71,29.2,none,0
55465,Female,0,0,Yes,none,Non-Sarcoma,60.41,31.1,Unknown,0
29258,Female,0,0,No,none,Sarcoma,89.11,24.1,anti-PD1,0
38432,Female,0,0,Yes,none,Sarcoma,63.32,18.7,anti-PD1-CTLA4,0
49666,Male,0,0,Yes,none,Sarcoma,85.68,39.6,anti-PD1,0
59904,Female,0,0,No,children,Sarcoma,162.93,15.7,Unknown,0
32365,Male,0,0,Yes,none,Non-Sarcoma,89.22,53.8,Unknown,0
15351,Male,0,0,Yes,none,Non-Sarcoma,91.68,32.4,anti-PD1-CTLA4,0
61000,Female,0,1,No,none,Sarcoma,198.33,42.7,none,0
77,Female,0,0,No,children,Non-Sarcoma,85.81,18.6,Unknown,0
17466,Male,0,0,No,mature,Non-Sarcoma,79.59,31.4,none,0
57569,Male,0,0,Yes,none,Non-Sarcoma,106.74,33.7,anti-PD1-CTLA4,0
9026,Female,1,0,Yes,none,Sarcoma,191.33,24.5,anti-PD1,0
54590,Female,0,0,No,none,Non-Sarcoma,59.52,33.7,anti-PD1,0
54301,Male,0,0,Yes,none,Non-Sarcoma,206.52,35.4,none,0
170,Male,0,0,Yes,mature,Non-Sarcoma,80.07,N/A,anti-PD1,0
52554,Male,0,0,No,none,Non-Sarcoma,64.92,22.5,Unknown,0
10649,Female,0,0,Yes,none,Sarcoma,80,33.6,anti-PD1,0
28258,Female,0,0,Yes,none,Sarcoma,75.06,29.7,Unknown,0
22269,Female,1,0,Yes,mature,Sarcoma,112.2,N/A,anti-PD1,0
12557,Female,0,0,No,none,Sarcoma,91.18,25.7,anti-PD1,0
2846,Female,0,0,Yes,none,Non-Sarcoma,85.81,20.2,anti-PD1-CTLA4,0
61219,Female,0,0,No,Never_worked,Sarcoma,148.37,22.7,anti-PD1,0
65321,Male,0,0,No,children,Non-Sarcoma,64.55,17.4,Unknown,0
23946,Female,0,0,No,children,Non-Sarcoma,97.31,22.2,Unknown,0
56312,Male,0,0,No,none,Non-Sarcoma,111.15,23.8,anti-PD1,0
20256,Male,0,0,Yes,none,Sarcoma,80.97,28.7,anti-PD1,0
26993,Female,0,0,Yes,none,Non-Sarcoma,89.88,33.1,anti-PD1-CTLA4,0
58599,Female,0,0,Yes,none,Non-Sarcoma,62.66,28,anti-PD1-CTLA4,0
27849,Female,0,0,No,children,Sarcoma,122.25,16.7,Unknown,0
33367,Male,0,0,No,none,Non-Sarcoma,87.08,27.1,anti-PD1,0
61764,Female,0,0,Yes,none,Non-Sarcoma,85,26.4,none,0
13620,Female,0,0,Yes,none,Sarcoma,100.49,23.7,none,0
39308,Male,0,0,Yes,none,Sarcoma,145.37,33.3,Unknown,0
1275,Male,0,0,No,children,Sarcoma,112.19,18.9,Unknown,0
34336,Male,1,0,Yes,mature,Non-Sarcoma,79.73,25.5,none,0
1505,Male,0,1,Yes,none,Non-Sarcoma,101.13,35.9,anti-PD1-CTLA4,0
31887,Female,0,0,Yes,none,Sarcoma,101.98,23.2,Unknown,0
60258,Female,0,1,Yes,none,Non-Sarcoma,98.39,22.2,none,0
63450,Female,0,0,Yes,none,Non-Sarcoma,128.04,34,none,0
35178,Male,0,0,No,children,Sarcoma,98.12,20.4,Unknown,0
3099,Female,0,0,No,none,Sarcoma,216.96,34.5,Unknown,0
43903,Male,0,0,Yes,none,Non-Sarcoma,94.92,31.9,Unknown,0
9013,Female,0,0,Yes,none,Non-Sarcoma,83.27,19.8,anti-PD1-CTLA4,0
60158,Female,0,0,No,none,Non-Sarcoma,96.86,29,Unknown,0
15579,Male,0,0,Yes,none,Non-Sarcoma,99.73,36.7,anti-PD1-CTLA4,0
8563,Female,0,0,No,children,Non-Sarcoma,91.71,21.3,Unknown,0
61573,Male,0,0,No,none,Non-Sarcoma,65.77,23.7,none,0
43827,Female,0,0,Yes,none,Sarcoma,161.57,25.7,none,0
43090,Female,1,0,Yes,none,Non-Sarcoma,74.32,34,anti-PD1,0
46068,Male,0,0,No,none,Non-Sarcoma,170.93,30.7,Unknown,0
12469,Female,0,0,Yes,none,Sarcoma,74.43,44.8,anti-PD1,0
58820,Male,0,0,Yes,none,Non-Sarcoma,86.36,27.7,anti-PD1-CTLA4,0
31893,Female,0,0,Yes,none,Non-Sarcoma,97.06,23.2,Unknown,0
45259,Male,0,0,Yes,none,Non-Sarcoma,110.38,30.1,Unknown,0
63779,Female,0,0,No,none,Non-Sarcoma,79.03,29.3,Unknown,0
71250,Female,0,0,Yes,none,Non-Sarcoma,62.48,29.5,anti-PD1,0
55051,Male,0,0,Yes,none,Non-Sarcoma,55.62,25.8,anti-PD1,0
2520,Female,0,0,Yes,none,Non-Sarcoma,84.9,26.2,anti-PD1,0
3715,Male,0,0,Yes,none,Non-Sarcoma,232.81,28.8,Unknown,0
21206,Female,0,0,No,none,Non-Sarcoma,86.55,29.8,none,0
60159,Female,0,0,No,mature,Non-Sarcoma,118.61,26.5,anti-PD1,0
3113,Female,0,0,No,none,Non-Sarcoma,80.21,27.8,anti-PD1-CTLA4,0
62126,Female,1,0,No,none,Non-Sarcoma,65.96,29,anti-PD1,0
51275,Female,0,0,No,children,Sarcoma,61.34,19.1,Unknown,0
3115,Female,0,0,No,children,Sarcoma,116.6,17.1,Unknown,0
9986,Female,0,0,Yes,none,Sarcoma,85.13,24.6,Unknown,0
35974,Female,0,0,No,none,Non-Sarcoma,86.32,18.3,Unknown,0
46488,Male,0,0,Yes,none,Non-Sarcoma,69.22,42.8,anti-PD1,0
54172,Female,0,0,Yes,none,Sarcoma,140.93,46.5,Unknown,0
21804,Female,0,0,No,none,Sarcoma,83.43,38.4,Unknown,0
50402,Female,0,0,Yes,none,Sarcoma,207.95,26,anti-PD1-CTLA4,0
36317,Female,0,0,Yes,none,Non-Sarcoma,134.29,26.8,none,0
44676,Male,0,0,No,children,Sarcoma,115.12,21.1,Unknown,0
3724,Female,0,0,Yes,mature,Sarcoma,86.25,29,anti-PD1,0
69668,Female,0,0,Yes,none,Non-Sarcoma,112.94,43,anti-PD1,0
59274,Female,0,0,Yes,mature,Non-Sarcoma,73.54,36.6,none,0
29676,Male,0,0,No,none,Sarcoma,80.86,27.5,Unknown,0
37655,Male,0,0,Yes,none,Non-Sarcoma,83.91,40.2,Unknown,0
16980,Female,0,0,No,none,Non-Sarcoma,69.91,37.1,anti-PD1,0
40213,Male,0,0,No,none,Non-Sarcoma,95.62,32,none,0
47831,Male,1,0,No,none,Sarcoma,63.95,32.2,anti-PD1,0
40977,Male,0,0,Yes,none,Non-Sarcoma,122.5,20.6,Unknown,0
39129,Male,0,0,Yes,mature,Non-Sarcoma,86,24.1,anti-PD1,0
40837,Male,0,0,Yes,mature,Sarcoma,120.27,25,anti-PD1,0
59000,Female,0,0,Yes,mature,Sarcoma,56.71,25.2,Unknown,0
44510,Female,0,0,Yes,none,Non-Sarcoma,131.63,27.6,anti-PD1,0
3793,Male,0,0,No,none,Sarcoma,79.36,48.8,anti-PD1,0
32215,Female,0,0,No,none,Sarcoma,120.77,27.6,anti-PD1,0
35296,Female,0,0,Yes,none,Non-Sarcoma,100.42,39.5,none,0
69502,Female,1,0,Yes,none,Sarcoma,155.86,27.2,none,0
67620,Male,0,0,Yes,mature,Non-Sarcoma,66.01,26.3,none,0
27664,Female,0,0,Yes,none,Sarcoma,86.99,28.9,none,0
49555,Female,0,0,Yes,mature,Sarcoma,90.55,30,anti-PD1,0
16812,Female,0,1,Yes,none,Non-Sarcoma,229.58,23.7,Unknown,0
63665,Female,0,0,Yes,none,Sarcoma,60.06,25.5,none,0
68141,Female,0,0,Yes,none,Non-Sarcoma,65.66,24.6,anti-PD1-CTLA4,0
33674,Female,0,0,Yes,none,Sarcoma,104.7,20.7,none,0
30432,Male,1,0,Yes,none,Sarcoma,113.86,36.4,anti-PD1,0
10886,Female,0,0,No,children,Non-Sarcoma,99.49,23.4,Unknown,0
62629,Male,1,0,Yes,none,Sarcoma,165.99,32.3,anti-PD1,0
67758,Male,0,0,No,children,Sarcoma,114.99,18.8,Unknown,0
41244,Female,0,0,No,children,Sarcoma,79.58,15.5,Unknown,0
50309,Female,0,0,No,mature,Non-Sarcoma,77.37,21.4,anti-PD1,0
6480,Male,0,0,No,mature,Sarcoma,93.55,31.7,anti-PD1,0
27007,Male,0,0,No,none,Sarcoma,187.22,29.7,Unknown,0
63912,Female,0,0,Yes,mature,Non-Sarcoma,167.59,34.3,anti-PD1-CTLA4,0
37483,Male,0,0,Yes,none,Sarcoma,98.03,22.1,none,0
29855,Female,0,0,No,children,Sarcoma,88.79,21.5,Unknown,0
22136,Male,1,1,No,none,Sarcoma,92.9,30.4,none,0
66637,Female,0,0,Yes,mature,Sarcoma,117.34,21.6,anti-PD1,0
2244,Male,0,0,Yes,none,Sarcoma,80.75,30.9,anti-PD1,0
22259,Male,0,0,No,children,Non-Sarcoma,77.51,21.9,Unknown,0
19088,Male,0,0,No,children,Sarcoma,105.63,19.2,Unknown,0
61010,Female,0,0,Yes,none,Sarcoma,114.34,30.3,none,0
49574,Female,0,0,Yes,none,Non-Sarcoma,227.04,23,none,0
12336,Female,0,0,Yes,none,Sarcoma,87.56,24.1,anti-PD1,0
3668,Female,0,0,Yes,mature,Sarcoma,84.47,52.7,none,0
6034,Female,0,0,Yes,none,Non-Sarcoma,96.26,27.6,Unknown,0
61418,Male,0,0,No,children,Non-Sarcoma,116.64,23.9,Unknown,0
68725,Female,0,0,Yes,none,Sarcoma,79.57,26.9,anti-PD1,0
464,Male,0,0,Yes,none,Non-Sarcoma,78.44,23.9,anti-PD1,0
42225,Female,0,0,Yes,none,Sarcoma,64.15,40.5,anti-PD1,0
51254,Female,0,0,No,none,Sarcoma,74.5,32,anti-PD1,0
59164,Female,0,0,No,none,Sarcoma,70.32,20.5,Unknown,0
70429,Female,0,0,Yes,none,Sarcoma,84.48,44.5,anti-PD1,0
54253,Male,0,0,No,children,Sarcoma,144.08,16.2,anti-PD1-CTLA4,0
47937,Female,0,0,Yes,none,Non-Sarcoma,78.14,35.8,anti-PD1,0
66882,Female,0,0,No,mature,Sarcoma,133.58,24,anti-PD1,0
7411,Male,0,0,Yes,none,Sarcoma,214.42,33.9,anti-PD1-CTLA4,0
39593,Female,0,0,Yes,none,Sarcoma,80.63,36,none,0
6239,Female,0,0,No,none,Non-Sarcoma,233.71,22.9,anti-PD1,0
35378,Female,1,0,No,none,Sarcoma,96,44.5,none,0
54012,Female,0,0,No,children,Sarcoma,74.52,17.5,Unknown,0
69835,Female,0,0,Yes,none,Non-Sarcoma,131.4,32.3,anti-PD1,0
44591,Male,0,0,Yes,none,Sarcoma,216.4,30.3,anti-PD1,0
4709,Female,0,0,Yes,none,Non-Sarcoma,108.8,33.5,Unknown,0
20393,Female,1,0,Yes,none,Sarcoma,97.06,30.9,anti-PD1,0
27626,Female,0,0,No,mature,Non-Sarcoma,266.59,25.5,anti-PD1,0
45864,Female,0,0,No,none,Non-Sarcoma,55.58,30,anti-PD1,0
68685,Male,0,0,Yes,mature,Sarcoma,65.87,32.2,anti-PD1-CTLA4,0
28711,Female,0,0,No,none,Sarcoma,89.28,21.7,none,0
44962,Male,0,0,Yes,mature,Sarcoma,56.12,24.7,Unknown,0
7892,Male,0,0,Yes,none,Sarcoma,74.7,28.8,anti-PD1-CTLA4,0
11744,Male,0,0,Yes,none,Sarcoma,83.06,27,Unknown,0
12279,Male,0,0,Yes,none,Sarcoma,227.94,26,Unknown,0
20740,Female,0,0,Yes,none,Non-Sarcoma,84.88,27.1,anti-PD1,0
58257,Male,0,0,No,children,Sarcoma,64.2,18.5,Unknown,0
36547,Male,0,0,No,children,Non-Sarcoma,137.22,18.8,Unknown,0
559,Female,0,0,Yes,none,Sarcoma,81.44,31.5,anti-PD1-CTLA4,0
13728,Male,0,0,No,children,Non-Sarcoma,90.26,18.1,Unknown,0
4400,Female,0,0,Yes,none,Sarcoma,68.48,24.3,anti-PD1,0
68524,Female,0,0,Yes,none,Sarcoma,100.02,28,anti-PD1,0
24096,Female,1,0,Yes,none,Sarcoma,100.61,N/A,Unknown,0
65643,Female,0,0,No,children,Sarcoma,156.82,17.3,Unknown,0
30186,Female,0,0,No,children,Sarcoma,81.66,17.2,Unknown,0
11904,Male,0,0,No,children,Non-Sarcoma,112.22,26.9,Unknown,0
20257,Male,0,0,No,children,Sarcoma,90.62,22.4,Unknown,0
2822,Female,0,0,Yes,none,Non-Sarcoma,72.49,25.8,anti-PD1,0
18072,Female,0,0,Yes,mature,Sarcoma,107.47,21.3,Unknown,0
34896,Female,0,0,No,none,Non-Sarcoma,92.11,43,anti-PD1,0
53328,Female,0,0,No,none,Non-Sarcoma,70.54,24.4,anti-PD1-CTLA4,0
28303,Female,0,0,Yes,none,Non-Sarcoma,205,30.1,anti-PD1,0
44325,Male,0,0,Yes,none,Non-Sarcoma,126.39,21.3,none,0
8579,Female,0,0,No,children,Non-Sarcoma,89.72,17.8,Unknown,0
29229,Male,0,0,Yes,none,Sarcoma,92.08,28.4,none,0
48406,Male,0,0,No,children,Sarcoma,85.38,23.4,Unknown,0
3761,Female,0,0,Yes,none,Non-Sarcoma,95.25,24.3,anti-PD1,0
65324,Female,0,0,Yes,mature,Non-Sarcoma,75.91,27.8,Unknown,0
7658,Male,0,0,Yes,mature,Non-Sarcoma,203.44,30.5,anti-PD1-CTLA4,0
35997,Male,0,1,Yes,none,Sarcoma,243.73,N/A,none,0
34383,Male,0,0,Yes,none,Sarcoma,88.23,25.8,Unknown,0
8646,Female,0,0,Yes,none,Non-Sarcoma,97.47,26.7,anti-PD1,0
46653,Female,1,1,Yes,none,Non-Sarcoma,59.28,28.1,anti-PD1,0
1099,Female,0,0,No,children,Non-Sarcoma,101.15,22.2,Unknown,0
61676,Male,0,0,Yes,none,Sarcoma,68.38,25.1,Unknown,0
38131,Female,0,0,Yes,none,Non-Sarcoma,55.46,20.9,anti-PD1,0
61848,Female,0,0,Yes,none,Sarcoma,113.87,28.9,anti-PD1,0
56228,Male,0,1,Yes,none,Sarcoma,67.03,N/A,anti-PD1,0
4949,Male,0,0,Yes,none,Non-Sarcoma,96.35,35.9,anti-PD1,0
46688,Female,0,0,No,none,Sarcoma,127.21,29.8,none,0
30491,Female,0,0,Yes,none,Sarcoma,78.9,26.7,anti-PD1,0
43478,Male,0,0,Yes,none,Sarcoma,59.91,28.4,anti-PD1-CTLA4,0
25443,Male,0,0,No,none,Sarcoma,160.94,26.7,none,0
52519,Male,0,0,Yes,none,Non-Sarcoma,59.61,32.5,Unknown,0
24361,Female,0,0,Yes,none,Sarcoma,87.94,43.8,anti-PD1,0
29514,Female,0,0,Yes,none,Non-Sarcoma,97.55,28.3,anti-PD1-CTLA4,0
35893,Male,0,0,No,none,Sarcoma,116.02,36.6,anti-PD1-CTLA4,0
58568,Female,0,0,Yes,none,Non-Sarcoma,127.32,33.1,none,0
63303,Male,0,0,No,none,Sarcoma,75.5,27,none,0
70625,Male,0,0,No,none,Sarcoma,79.35,23.6,Unknown,0
54807,Male,1,1,Yes,none,Non-Sarcoma,176.25,N/A,anti-PD1,0
18820,Male,0,0,No,none,Non-Sarcoma,108.56,21.8,anti-PD1,0
64029,Male,1,0,Yes,none,Sarcoma,168.06,23.5,none,0
72703,Female,0,0,Yes,none,Sarcoma,75.52,28.7,anti-PD1-CTLA4,0
11394,Male,0,1,Yes,none,Non-Sarcoma,82.15,31.6,anti-PD1-CTLA4,0
12298,Male,0,0,No,none,Sarcoma,200.28,31.9,anti-PD1-CTLA4,0
70845,Male,0,1,Yes,none,Non-Sarcoma,62.44,25.2,none,0
44494,Female,0,0,Yes,none,Non-Sarcoma,84.31,25.9,none,0
30953,Male,1,1,Yes,none,Non-Sarcoma,221.43,32.5,Unknown,0
47861,Male,0,0,Yes,none,Sarcoma,165.47,28.1,Unknown,0
13465,Female,0,0,No,none,Non-Sarcoma,96.69,27.4,none,0
62454,Female,0,0,No,children,Sarcoma,63.98,21.2,anti-PD1-CTLA4,0
52593,Male,0,1,Yes,none,Sarcoma,145.03,26.8,anti-PD1-CTLA4,0
91,Female,0,0,No,none,Sarcoma,98.53,18.5,anti-PD1,0
22056,Female,1,0,Yes,none,Sarcoma,105.55,N/A,none,0
45469,Male,0,0,No,children,Non-Sarcoma,134.23,30.6,Unknown,0
41284,Male,0,0,No,children,Non-Sarcoma,62.48,19.9,Unknown,0
20112,Male,0,1,Yes,none,Sarcoma,213.38,N/A,Unknown,0
45627,Male,0,0,Yes,none,Non-Sarcoma,70.52,26.5,anti-PD1-CTLA4,0
4174,Female,1,0,Yes,none,Sarcoma,93.21,43.8,anti-PD1,0
31660,Male,0,0,No,none,Non-Sarcoma,82.39,31.8,Unknown,0
36196,Male,0,0,No,none,Non-Sarcoma,88.29,36.6,none,0
19769,Female,0,0,Yes,none,Non-Sarcoma,80.18,22.9,anti-PD1-CTLA4,0
8341,Male,0,0,No,children,Non-Sarcoma,84.02,18.7,anti-PD1,0
42172,Female,0,0,Yes,none,Non-Sarcoma,69.72,29.6,anti-PD1,0
14372,Male,0,0,Yes,none,Sarcoma,192.16,43.6,anti-PD1,0
61252,Male,0,1,Yes,none,Non-Sarcoma,82.27,N/A,anti-PD1,0
15251,Male,0,0,No,children,Sarcoma,101.87,20.3,anti-PD1,0
67800,Female,0,0,No,children,Non-Sarcoma,77.55,21.3,Unknown,0
10416,Male,0,1,Yes,none,Sarcoma,215.72,39.2,none,0
19504,Female,0,0,Yes,none,Non-Sarcoma,87.84,52.8,Unknown,0
7476,Male,0,0,No,mature,Non-Sarcoma,91.93,30.2,anti-PD1,0
55526,Male,0,0,Yes,mature,Sarcoma,58.63,35.3,anti-PD1,0
452,Male,1,0,Yes,none,Sarcoma,173.14,37,none,0
55790,Female,0,0,Yes,none,Sarcoma,106.83,32.1,anti-PD1-CTLA4,0
38541,Male,0,0,Yes,none,Sarcoma,84.44,30.5,anti-PD1-CTLA4,0
23748,Female,0,0,Yes,none,Sarcoma,92.16,22.8,anti-PD1,0
18790,Male,0,0,No,none,Sarcoma,85.96,34.5,anti-PD1-CTLA4,0
45751,Male,1,0,Yes,none,Non-Sarcoma,202.57,37.4,anti-PD1,0
72369,Female,0,0,No,children,Non-Sarcoma,65.41,19.5,Unknown,0
7171,Female,0,0,Yes,mature,Sarcoma,102.51,55.7,Unknown,0
52826,Male,0,0,Yes,none,Non-Sarcoma,62.6,30.4,Unknown,0
42556,Male,0,0,Yes,none,Sarcoma,150.1,25.3,anti-PD1,0
507,Female,0,0,Yes,none,Non-Sarcoma,94.15,23.1,none,0
56746,Male,1,0,Yes,none,Sarcoma,65.5,30.7,anti-PD1,0
54072,Female,0,0,No,children,Sarcoma,81.31,18.8,anti-PD1,0
49760,Female,0,0,Yes,none,Non-Sarcoma,78.96,28.6,anti-PD1,0
61821,Female,0,0,Yes,none,Non-Sarcoma,123.47,27.5,Unknown,0
65481,Male,0,0,Yes,none,Sarcoma,90.4,26.5,anti-PD1,0
6174,Female,0,0,No,none,Sarcoma,71.59,40.3,anti-PD1,0
68224,Male,0,0,Yes,none,Non-Sarcoma,209.5,37.9,anti-PD1-CTLA4,0
61559,Male,0,0,No,children,Sarcoma,86.6,17.1,Unknown,0
65564,Female,0,0,Yes,none,Sarcoma,57.43,53.5,anti-PD1-CTLA4,0
18890,Male,1,0,Yes,none,Non-Sarcoma,87.93,33.6,anti-PD1,0
58936,Male,0,0,Yes,none,Non-Sarcoma,203.16,43.4,Unknown,0
67667,Female,1,0,Yes,none,Non-Sarcoma,112.12,30.5,anti-PD1,0
68138,Male,0,0,Yes,none,Sarcoma,92.02,38.1,anti-PD1,0
50363,Female,1,0,Yes,none,Non-Sarcoma,60.98,29.9,anti-PD1-CTLA4,0
4740,Female,0,0,No,none,Sarcoma,86.35,32.7,anti-PD1,0
39683,Male,0,0,No,none,Non-Sarcoma,71.26,28.6,Unknown,0
49903,Male,0,0,No,none,Sarcoma,72.61,38.5,anti-PD1,0
63457,Female,0,1,No,none,Sarcoma,110.78,22.9,anti-PD1,0
18595,Female,0,0,Yes,none,Sarcoma,99.78,38,anti-PD1,0
64912,Female,0,0,Yes,none,Non-Sarcoma,201.45,43.8,none,0
68382,Male,0,0,No,children,Sarcoma,127.78,20.8,Unknown,0
69510,Male,0,0,Yes,none,Non-Sarcoma,121.32,26.8,anti-PD1,0
29872,Female,0,0,Yes,none,Sarcoma,83.89,25.5,anti-PD1,0
1924,Male,0,0,Yes,none,Non-Sarcoma,74.06,N/A,anti-PD1,0
67243,Female,0,1,Yes,none,Sarcoma,206.15,25.4,anti-PD1,0
3494,Female,0,0,Yes,none,Non-Sarcoma,102.9,26.7,Unknown,0
37307,Female,0,0,Yes,none,Sarcoma,65.48,50.5,anti-PD1,0
41175,Female,0,0,No,mature,Sarcoma,123.23,21.3,Unknown,0
48303,Male,0,0,Yes,none,Non-Sarcoma,71.3,34.7,anti-PD1,0
31473,Male,0,0,No,children,Non-Sarcoma,79.05,17.9,Unknown,0
31402,Female,0,0,Yes,none,Non-Sarcoma,102.21,36.3,anti-PD1,0
18996,Female,0,0,No,children,Sarcoma,105.22,18.4,Unknown,0
2573,Male,0,0,Yes,mature,Non-Sarcoma,84.58,34.5,Unknown,0
60683,Male,0,1,Yes,mature,Sarcoma,77.3,33.4,anti-PD1,0
70537,Male,0,0,No,children,Non-Sarcoma,74.79,19.4,Unknown,0
63193,Female,0,0,Yes,none,Non-Sarcoma,88.75,25.6,Unknown,0
12228,Male,0,0,No,children,Non-Sarcoma,97.97,24.5,anti-PD1,0
58107,Female,0,0,Yes,none,Non-Sarcoma,79.18,30,Unknown,0
28647,Female,0,0,Yes,none,Sarcoma,81.33,28.9,anti-PD1,0
57086,Female,0,0,Yes,none,Sarcoma,126.68,28.1,anti-PD1,0
5505,Female,0,0,Yes,none,Sarcoma,196.61,23,anti-PD1,0
44112,Female,0,0,Yes,none,Sarcoma,219.92,33.5,anti-PD1-CTLA4,0
56645,Female,0,0,Yes,mature,Non-Sarcoma,79.16,34.8,anti-PD1-CTLA4,0
16652,Female,0,0,Yes,none,Sarcoma,99.68,17.6,anti-PD1-CTLA4,0
32445,Female,0,0,Yes,none,Sarcoma,79.55,21.1,anti-PD1-CTLA4,0
18752,Male,0,0,Yes,none,Non-Sarcoma,87.86,29,anti-PD1-CTLA4,0
35152,Male,0,0,No,children,Sarcoma,76.92,15.8,Unknown,0
70081,Male,1,0,Yes,none,Non-Sarcoma,77.24,41.2,Unknown,0
72340,Male,0,0,No,none,Sarcoma,120.94,29.7,anti-PD1-CTLA4,0
67112,Female,0,0,Yes,none,Non-Sarcoma,77.66,40.8,anti-PD1,0
42323,Male,0,0,Yes,mature,Non-Sarcoma,231.95,33.2,anti-PD1,0
35022,Female,0,0,Yes,none,Sarcoma,111.48,37,none,0
21625,Female,0,0,Yes,none,Sarcoma,84.25,24.5,Unknown,0
49972,Male,0,0,Yes,none,Non-Sarcoma,216.38,34.5,anti-PD1,0
44142,Male,0,0,No,none,Non-Sarcoma,95.01,28,anti-PD1,0
364,Female,0,0,Yes,none,Sarcoma,105.74,26.8,anti-PD1-CTLA4,0
59669,Female,0,0,Yes,none,Non-Sarcoma,58.41,21,Unknown,0
69900,Female,0,0,Yes,mature,Sarcoma,56.89,23.8,none,0
12753,Male,0,0,Yes,none,Sarcoma,86.25,29.3,anti-PD1,0
10273,Female,0,0,Yes,none,Non-Sarcoma,86.49,24.4,Unknown,0
30824,Male,0,0,No,children,Non-Sarcoma,115.47,22.6,Unknown,0
587,Female,0,0,No,children,Non-Sarcoma,92.22,22.8,Unknown,0
55856,Female,0,0,Yes,none,Non-Sarcoma,83.16,29.7,none,0
47196,Male,0,0,Yes,none,Non-Sarcoma,110.68,32.4,anti-PD1-CTLA4,0
67724,Female,0,0,Yes,none,Non-Sarcoma,70.06,35.8,Unknown,0
23488,Male,1,0,Yes,none,Sarcoma,213.33,31.1,anti-PD1-CTLA4,0
2849,Male,0,0,Yes,none,Sarcoma,93.52,31.9,Unknown,0
12134,Female,0,0,Yes,mature,Non-Sarcoma,87.62,33.7,none,0
24058,Female,0,0,Yes,mature,Non-Sarcoma,77.67,25.6,anti-PD1,0
15117,Female,0,0,No,none,Non-Sarcoma,95.66,19.9,none,0
72915,Female,0,0,Yes,none,Sarcoma,172.33,45.3,anti-PD1-CTLA4,0
61836,Female,0,0,No,children,Sarcoma,106.59,15.5,Unknown,0
13116,Male,0,0,Yes,none,Sarcoma,87.06,28.3,anti-PD1,0
48146,Male,0,1,Yes,none,Non-Sarcoma,93.02,40.2,anti-PD1-CTLA4,0
72819,Female,0,0,Yes,none,Sarcoma,243.59,24.3,anti-PD1,0
20070,Male,0,0,No,none,Sarcoma,86.7,24.6,Unknown,0
8778,Female,0,0,Yes,none,Non-Sarcoma,97.81,26.6,anti-PD1-CTLA4,0
13764,Female,0,0,Yes,none,Sarcoma,116.04,30.9,anti-PD1,0
2005,Male,0,1,Yes,none,Sarcoma,169.43,23.5,anti-PD1-CTLA4,0
8616,Female,0,0,Yes,none,Non-Sarcoma,68.41,23.9,none,0
51524,Female,0,0,Yes,none,Non-Sarcoma,94.44,34.2,Unknown,0
50541,Male,0,0,Yes,mature,Sarcoma,73.48,34.9,none,0
21971,Female,0,0,Yes,mature,Non-Sarcoma,183.87,26.2,anti-PD1,0
32183,Female,0,0,Yes,none,Non-Sarcoma,66.08,36.2,anti-PD1,0
30145,Female,0,0,Yes,none,Non-Sarcoma,72.19,22.4,Unknown,0
30482,Female,0,0,No,none,Non-Sarcoma,101.09,19.3,none,0
30790,Female,1,0,Yes,mature,Sarcoma,88.83,41.7,anti-PD1,0
63337,Female,0,0,Yes,none,Non-Sarcoma,69.99,46,none,0
66264,Male,0,0,Yes,mature,Sarcoma,102.4,26.9,none,0
641,Male,0,0,Yes,mature,Non-Sarcoma,87.26,40.1,none,0
42412,Female,0,0,No,none,Sarcoma,146.59,27.7,Unknown,0
65693,Male,0,0,Yes,mature,Non-Sarcoma,59,29.5,Unknown,0
3746,Female,0,0,Yes,none,Sarcoma,76.83,26,anti-PD1,0
71304,Male,0,0,No,children,Sarcoma,101.83,22.7,Unknown,0
34935,Female,0,0,No,mature,Sarcoma,90.92,16,anti-PD1,0
29173,Male,0,0,Yes,mature,Sarcoma,67.5,27.7,none,0
26474,Female,0,0,Yes,mature,Sarcoma,97.16,33.1,Unknown,0
56857,Male,1,0,Yes,mature,Sarcoma,85.62,33.1,anti-PD1-CTLA4,0
13529,Female,0,0,Yes,mature,Non-Sarcoma,129.43,29.7,anti-PD1,0
61979,Female,0,0,Yes,mature,Sarcoma,106.01,34,none,0
70886,Female,0,0,No,children,Non-Sarcoma,114.82,33.3,Unknown,0
27693,Female,0,0,No,children,Sarcoma,121.39,27,Unknown,0
59762,Male,0,0,Yes,none,Sarcoma,227.98,14.2,Unknown,0
57308,Male,0,0,No,none,Sarcoma,78.97,19.4,anti-PD1,0
3701,Female,0,0,No,children,Sarcoma,84.12,15.3,Unknown,0
61339,Male,0,0,Yes,none,Sarcoma,95.04,28.7,anti-PD1,0
24965,Female,0,0,No,mature,Non-Sarcoma,103.15,21,none,0
33952,Male,1,0,Yes,none,Sarcoma,82.91,28.9,anti-PD1-CTLA4,0
39042,Male,0,0,No,children,Sarcoma,70.93,20.3,Unknown,0
43039,Female,0,0,Yes,none,Non-Sarcoma,153.6,28,anti-PD1-CTLA4,0
59915,Female,0,0,No,none,Sarcoma,129.43,29.6,anti-PD1,0
4727,Female,0,0,Yes,mature,Non-Sarcoma,81,30.2,anti-PD1-CTLA4,0
16481,Female,0,0,No,mature,Non-Sarcoma,71.81,22.2,Unknown,0
15018,Female,0,0,No,mature,Sarcoma,84.46,28.4,anti-PD1-CTLA4,0
49702,Female,0,0,Yes,none,Non-Sarcoma,101.32,29.6,anti-PD1-CTLA4,0
48017,Male,0,0,Yes,none,Sarcoma,62.56,28.6,anti-PD1,0
15313,Female,1,0,Yes,mature,Sarcoma,208.2,32.6,anti-PD1-CTLA4,0
22231,Male,0,0,Yes,none,Sarcoma,199.42,29,anti-PD1,0
45461,Female,0,0,Yes,none,Sarcoma,91.28,30.1,Unknown,0
30678,Female,0,0,Yes,none,Sarcoma,77.99,31.2,anti-PD1-CTLA4,0
57904,Male,0,0,No,none,Sarcoma,190.13,20.7,anti-PD1,0
67483,Male,1,0,Yes,none,Sarcoma,149.68,45.1,anti-PD1,0
5646,Female,0,0,No,children,Non-Sarcoma,92.3,14.8,Unknown,0
67911,Male,0,0,No,none,Non-Sarcoma,235.54,37.4,anti-PD1-CTLA4,0
16856,Female,0,0,Yes,none,Non-Sarcoma,84.46,19.9,Unknown,0
37972,Female,0,0,Yes,none,Non-Sarcoma,68.7,16,Unknown,0
62414,Male,1,0,Yes,none,Sarcoma,178.89,27.4,Unknown,0
50485,Male,0,0,Yes,none,Non-Sarcoma,227.74,33.4,none,0
47405,Female,0,0,No,children,Non-Sarcoma,100.66,18.5,Unknown,0
70928,Male,0,0,Yes,mature,Sarcoma,73.62,33.4,Unknown,0
4679,Female,0,0,Yes,none,Non-Sarcoma,100.05,20.8,none,0
15070,Male,0,1,Yes,none,Non-Sarcoma,213.8,22,anti-PD1,0
25625,Female,0,0,No,none,Non-Sarcoma,103.94,32.5,none,0
35123,Female,0,0,No,children,Sarcoma,84.2,19.2,Unknown,0
20165,Female,0,0,Yes,none,Sarcoma,250.8,32.9,anti-PD1,0
41730,Female,0,0,No,mature,Non-Sarcoma,112.29,23.5,Unknown,0
38761,Female,0,0,Yes,none,Sarcoma,65.98,21.7,anti-PD1,0
4797,Female,0,0,Yes,none,Sarcoma,99.1,29.1,Unknown,0
19199,Female,1,0,Yes,none,Non-Sarcoma,217.84,N/A,anti-PD1,0
30402,Male,0,0,Yes,none,Sarcoma,104.34,30.3,Unknown,0
25088,Female,0,0,No,none,Non-Sarcoma,217,29.4,anti-PD1-CTLA4,0
54756,Female,0,0,Yes,none,Non-Sarcoma,57.47,30.1,anti-PD1-CTLA4,0
19590,Male,0,0,Yes,mature,Sarcoma,78.24,32.9,anti-PD1,0
23332,Female,0,0,Yes,none,Non-Sarcoma,94.38,34,anti-PD1,0
16971,Female,0,0,No,none,Sarcoma,100.31,38.6,anti-PD1,0
11727,Male,0,0,Yes,none,Sarcoma,74.29,29.3,none,0
60255,Female,0,0,No,none,Non-Sarcoma,103.43,43.6,none,0
38796,Female,0,0,Yes,none,Sarcoma,99.83,22.7,anti-PD1-CTLA4,0
46498,Female,0,0,Yes,none,Sarcoma,217.4,36.6,anti-PD1,0
41042,Female,0,0,No,children,Sarcoma,71.81,22.6,Unknown,0
35069,Female,1,1,No,mature,Sarcoma,79.79,25.6,none,0
61103,Female,1,0,Yes,none,Sarcoma,190.92,31.4,anti-PD1,0
25095,Male,0,0,Yes,mature,Sarcoma,94.76,26,anti-PD1-CTLA4,0
55607,Male,0,0,Yes,none,Sarcoma,101.43,27,anti-PD1-CTLA4,0
63029,Male,0,0,Yes,none,Non-Sarcoma,115.86,33.3,anti-PD1,0
2919,Male,0,0,No,none,Non-Sarcoma,95.27,17.3,Unknown,0
60003,Male,0,0,Yes,mature,Non-Sarcoma,89.02,26.9,anti-PD1,0
46256,Male,0,0,No,none,Sarcoma,77.55,24.8,Unknown,0
23659,Female,0,0,No,children,Sarcoma,75.86,20,Unknown,0
2952,Male,1,1,Yes,none,Non-Sarcoma,93.62,35.8,anti-PD1,0
49229,Male,0,0,No,mature,Non-Sarcoma,72.71,36.9,anti-PD1-CTLA4,0
2457,Female,0,1,Yes,none,Non-Sarcoma,94.45,29.6,anti-PD1-CTLA4,0
23508,Female,0,0,No,Never_worked,Non-Sarcoma,88.57,31.1,anti-PD1,0
28364,Male,0,0,Yes,none,Sarcoma,84.12,25.1,anti-PD1-CTLA4,0
31360,Female,0,0,No,none,Sarcoma,89.11,51.9,none,0
19335,Male,0,0,Yes,none,Non-Sarcoma,99.83,36.3,none,0
40390,Female,0,0,No,children,Non-Sarcoma,150.03,28.2,anti-PD1,0
63936,Female,0,0,No,none,Sarcoma,69.67,35.8,anti-PD1-CTLA4,0
24832,Female,0,0,Yes,none,Sarcoma,77.46,30.9,anti-PD1-CTLA4,0
25219,Female,0,0,No,none,Sarcoma,100.54,22.1,none,0
42393,Male,0,0,No,children,Non-Sarcoma,142.38,17.6,anti-PD1,0
17951,Male,0,0,No,none,Non-Sarcoma,110.87,29.5,none,0
17443,Female,0,0,Yes,none,Sarcoma,73.6,27,anti-PD1,0
52242,Female,1,0,Yes,mature,Non-Sarcoma,59.52,33.2,anti-PD1,0
45931,Male,0,0,No,children,Sarcoma,142.68,24.4,Unknown,0
7828,Male,1,0,Yes,none,Sarcoma,182.9,34.4,none,0
21547,Female,0,0,Yes,mature,Sarcoma,75.28,36.7,anti-PD1-CTLA4,0
42305,Female,0,0,No,none,Non-Sarcoma,100.75,27.2,anti-PD1,0
9442,Male,0,0,Yes,none,Non-Sarcoma,163.82,27.5,anti-PD1,0
57047,Female,0,0,Yes,none,Sarcoma,110.42,32.6,none,0
2538,Female,0,0,No,children,Non-Sarcoma,105.18,N/A,Unknown,0
28461,Male,0,0,No,Never_worked,Non-Sarcoma,79.59,28.4,Unknown,0
16433,Female,0,0,Yes,none,Non-Sarcoma,107.99,25.5,anti-PD1,0
50681,Female,0,0,Yes,none,Non-Sarcoma,90.22,28.7,anti-PD1-CTLA4,0
71327,Female,0,0,No,none,Non-Sarcoma,143.45,23.8,anti-PD1,0
46699,Female,0,0,No,none,Non-Sarcoma,78.57,34.4,Unknown,0
25248,Male,0,0,No,none,Non-Sarcoma,79.82,26.1,Unknown,0
35315,Male,0,0,Yes,none,Sarcoma,95.88,28.5,anti-PD1,0
63144,Male,0,0,No,mature,Sarcoma,123.04,29.6,anti-PD1,0
21517,Male,0,0,Yes,none,Sarcoma,92.34,29.4,none,0
29789,Female,0,0,Yes,none,Non-Sarcoma,116.84,28.2,anti-PD1,0
52207,Female,0,0,Yes,none,Sarcoma,90.04,28.7,anti-PD1-CTLA4,0
19209,Female,0,0,Yes,mature,Non-Sarcoma,255.17,38.1,anti-PD1-CTLA4,0
42041,Female,0,0,Yes,none,Non-Sarcoma,217.55,N/A,none,0
58153,Female,0,0,No,none,Sarcoma,123.66,22.2,anti-PD1,0
27717,Female,0,0,Yes,none,Sarcoma,112.16,25.7,Unknown,0
35106,Male,0,0,No,children,Sarcoma,88.43,17.7,Unknown,0
47730,Female,0,0,No,none,Sarcoma,86.03,26.4,anti-PD1,0
20657,Female,0,0,Yes,none,Sarcoma,227.96,32.8,Unknown,0
63411,Female,0,0,Yes,none,Non-Sarcoma,85.6,34.5,Unknown,0
18671,Female,0,0,Yes,mature,Non-Sarcoma,111.68,39.5,anti-PD1,0
3843,Female,0,0,No,none,Sarcoma,73.49,23.5,anti-PD1,0
1225,Male,0,0,Yes,none,Sarcoma,87.82,38.8,anti-PD1-CTLA4,0
40264,Female,0,0,No,none,Non-Sarcoma,99.29,21.2,Unknown,0
72451,Female,0,0,Yes,none,Non-Sarcoma,63.73,32,Unknown,0
20292,Female,0,0,Yes,none,Sarcoma,85.55,63.3,anti-PD1,0
31201,Female,0,0,No,none,Sarcoma,79.2,32.6,anti-PD1,0
59359,Male,0,0,Yes,none,Sarcoma,105.93,25.2,anti-PD1,0
57985,Female,0,0,Yes,none,Sarcoma,94.19,27.4,anti-PD1-CTLA4,0
2885,Male,1,0,Yes,none,Non-Sarcoma,231.71,N/A,Unknown,0
59743,Male,0,1,Yes,none,Non-Sarcoma,69.28,38.6,anti-PD1-CTLA4,0
11544,Female,0,0,Yes,none,Sarcoma,71.37,32.9,anti-PD1,0
11969,Female,0,0,Yes,none,Sarcoma,110.18,26,anti-PD1-CTLA4,0
42929,Female,0,0,Yes,none,Non-Sarcoma,59.68,29.2,anti-PD1-CTLA4,0
72776,Male,0,0,Yes,mature,Sarcoma,94.24,29.2,anti-PD1-CTLA4,0
21438,Female,0,0,Yes,none,Non-Sarcoma,82.1,26.4,Unknown,0
51084,Female,0,0,Yes,none,Sarcoma,62.62,23.1,anti-PD1-CTLA4,0
13440,Male,0,0,No,children,Sarcoma,107.83,21.2,Unknown,0
15533,Male,0,0,No,none,Sarcoma,107.59,26.2,anti-PD1-CTLA4,0
50903,Female,0,0,Yes,none,Sarcoma,116.98,23.4,anti-PD1,0
35276,Female,0,0,No,children,Non-Sarcoma,84.1,19.8,Unknown,0
44472,Male,0,0,Yes,none,Sarcoma,160.64,20.4,none,0
23587,Female,0,0,No,Never_worked,Sarcoma,84.4,25.9,anti-PD1,0
66794,Female,0,0,Yes,mature,Non-Sarcoma,81.13,34.1,anti-PD1,0
35854,Female,0,0,No,none,Sarcoma,88.19,18.3,anti-PD1,0
60907,Male,0,0,Yes,none,Non-Sarcoma,127.13,35,Unknown,0
12449,Female,0,0,Yes,none,Non-Sarcoma,119.61,26.4,Unknown,0
54371,Male,0,0,Yes,mature,Sarcoma,143.47,27.6,anti-PD1-CTLA4,0
8106,Female,0,0,Yes,none,Non-Sarcoma,84.6,27,none,0
2013,Male,0,0,No,none,Non-Sarcoma,110.72,N/A,anti-PD1,0
61785,Female,0,0,No,none,Non-Sarcoma,158.93,31.3,none,0
2707,Male,0,0,No,children,Non-Sarcoma,68.94,18,Unknown,0
49120,Female,0,0,Yes,mature,Non-Sarcoma,69.38,22.1,Unknown,0
30752,Female,0,0,No,none,Sarcoma,72,34.4,anti-PD1,0
64972,Male,0,0,Yes,none,Non-Sarcoma,57.76,33.2,none,0
49537,Male,0,0,No,none,Non-Sarcoma,108.65,23.1,anti-PD1,0
315,Male,0,0,Yes,none,Non-Sarcoma,65.42,39.7,anti-PD1,0
62814,Male,0,0,No,none,Non-Sarcoma,78.93,40.7,anti-PD1-CTLA4,0
7665,Female,0,0,Yes,none,Non-Sarcoma,98.34,30.9,Unknown,0
28108,Female,0,0,Yes,none,Non-Sarcoma,82.57,27.5,Unknown,0
50536,Female,0,1,Yes,mature,Sarcoma,124.37,28.3,anti-PD1,0
8655,Female,0,1,Yes,none,Sarcoma,100.96,33.4,anti-PD1,0
760,Male,0,0,No,children,Sarcoma,75.22,33.1,Unknown,0
47501,Female,0,0,Yes,none,Sarcoma,59.85,41.5,anti-PD1,0
16863,Female,0,0,No,children,Non-Sarcoma,104.75,17.1,Unknown,0
51342,Female,0,0,Yes,mature,Non-Sarcoma,70.98,30,Unknown,0
35759,Female,0,0,No,none,Non-Sarcoma,92.77,24.9,Unknown,0
17270,Female,0,0,Yes,none,Sarcoma,82.12,32.5,none,0
53862,Female,0,0,Yes,mature,Non-Sarcoma,106.35,26.1,anti-PD1,0
40951,Female,0,0,No,children,Non-Sarcoma,77.33,19.2,Unknown,0
56976,Female,0,0,Yes,none,Sarcoma,96.01,38.7,Unknown,0
37299,Male,0,0,Yes,none,Sarcoma,107.49,29.5,anti-PD1,0
33247,Male,0,0,No,none,Non-Sarcoma,88.47,28.1,none,0
32560,Female,0,0,No,children,Non-Sarcoma,87.92,14.1,Unknown,0
10973,Male,0,0,Yes,none,Sarcoma,91.13,33.9,anti-PD1,0
3816,Male,0,0,Yes,none,Non-Sarcoma,80.72,26,anti-PD1-CTLA4,0
50215,Male,0,0,No,mature,Non-Sarcoma,59.83,52.8,anti-PD1,0
10351,Male,0,0,Yes,none,Sarcoma,67.02,N/A,anti-PD1-CTLA4,0
69665,Female,0,0,Yes,none,Non-Sarcoma,60.22,29.2,anti-PD1,0
14976,Male,0,1,Yes,none,Non-Sarcoma,82.41,26.3,none,0
28183,Female,0,0,No,children,Sarcoma,75.78,23.6,Unknown,0
33085,Female,0,0,No,none,Non-Sarcoma,102.42,18.6,anti-PD1,0
13386,Female,0,1,Yes,none,Non-Sarcoma,98.45,29.7,Unknown,0
15601,Female,0,0,Yes,none,Sarcoma,93.51,30.9,none,0
22254,Female,0,0,Yes,none,Non-Sarcoma,113.68,22.8,Unknown,0
15539,Female,0,0,Yes,none,Non-Sarcoma,97.41,25.5,anti-PD1,0
58235,Male,0,0,Yes,none,Sarcoma,58.65,25.6,none,0
21162,Female,0,0,Yes,none,Non-Sarcoma,81.68,23,Unknown,0
67880,Male,0,0,No,children,Sarcoma,148.52,20.6,Unknown,0
42545,Male,1,0,Yes,none,Sarcoma,77.55,N/A,anti-PD1-CTLA4,0
48359,Female,0,0,Yes,none,Non-Sarcoma,142.12,28.4,none,0
54815,Female,0,0,Yes,none,Sarcoma,125.3,29.7,anti-PD1-CTLA4,0
6233,Male,1,0,Yes,none,Non-Sarcoma,118.81,26,none,0
52225,Male,0,0,No,none,Sarcoma,84.16,37.5,none,0
50463,Female,0,0,Yes,none,Sarcoma,78.74,42.3,none,0
49084,Male,0,0,No,none,Sarcoma,57.51,21.4,Unknown,0
61889,Male,0,0,Yes,none,Sarcoma,61.11,29.3,anti-PD1,0
25525,Male,0,0,Yes,none,Sarcoma,78.3,31,Unknown,0
9730,Male,0,0,Yes,none,Sarcoma,76.19,22,anti-PD1,0
30622,Female,0,0,Yes,mature,Non-Sarcoma,115.99,20.9,anti-PD1,0
26480,Male,0,0,No,none,Non-Sarcoma,100.8,45.9,anti-PD1,0
65895,Female,0,0,Yes,none,Sarcoma,98.27,61.2,Unknown,0
4913,Female,0,0,Yes,none,Non-Sarcoma,93.85,29.1,anti-PD1,0
20676,Male,0,0,No,none,Non-Sarcoma,94.69,28.4,none,0
52410,Female,0,0,No,none,Sarcoma,136.23,22.6,Unknown,0
57944,Female,0,0,Yes,mature,Non-Sarcoma,56.12,24.2,none,0
20290,Female,0,0,No,children,Non-Sarcoma,93.03,16.3,Unknown,0
10875,Male,0,0,Yes,none,Non-Sarcoma,196.81,35.9,anti-PD1,0
2393,Male,1,0,Yes,none,Non-Sarcoma,87.81,29.8,anti-PD1-CTLA4,0
66464,Male,0,0,Yes,none,Sarcoma,222.66,37,anti-PD1-CTLA4,0
40548,Male,0,0,Yes,none,Non-Sarcoma,223.58,35.8,anti-PD1,0
19699,Female,0,0,No,none,Sarcoma,85.77,21.1,anti-PD1,0
205,Female,0,0,Yes,none,Non-Sarcoma,88.23,37.6,Unknown,0
54805,Female,0,0,No,none,Sarcoma,73.65,24.8,Unknown,0
53195,Male,0,0,No,none,Sarcoma,141.8,31.9,anti-PD1,0
9107,Female,0,0,No,children,Non-Sarcoma,92.65,17.5,Unknown,0
65196,Male,1,0,Yes,none,Non-Sarcoma,198.79,N/A,none,0
58833,Male,0,0,No,none,Non-Sarcoma,61.04,17.6,Unknown,0
4309,Female,0,0,Yes,none,Non-Sarcoma,102.88,38.9,Unknown,0
55462,Male,0,0,No,children,Sarcoma,123.39,15.2,Unknown,0
51746,Female,0,0,Yes,mature,Non-Sarcoma,67.07,27.4,anti-PD1,0
59335,Male,0,0,Yes,mature,Non-Sarcoma,69.88,27.9,none,0
65644,Male,0,0,No,children,Sarcoma,57.02,16.1,Unknown,0
52790,Female,0,0,No,mature,Sarcoma,123.81,39,anti-PD1,0
42681,Female,0,0,Yes,mature,Non-Sarcoma,73.36,36.6,anti-PD1-CTLA4,0
33697,Male,0,0,Yes,none,Non-Sarcoma,90.54,33.7,anti-PD1,0
51963,Male,0,0,Yes,none,Sarcoma,69.24,27.6,anti-PD1,0
13375,Male,0,0,Yes,none,Sarcoma,192.39,31,anti-PD1,0
37526,Female,1,1,Yes,none,Non-Sarcoma,233.3,N/A,Unknown,0
59454,Female,0,0,Yes,none,Sarcoma,74.35,28.5,anti-PD1-CTLA4,0
23600,Male,0,0,Yes,none,Non-Sarcoma,71.94,31.4,none,0
61245,Male,0,0,Yes,none,Non-Sarcoma,82.35,25.3,anti-PD1,0
53489,Male,0,0,No,children,Non-Sarcoma,73.28,17.2,anti-PD1,0
42284,Male,1,0,Yes,none,Non-Sarcoma,97.57,26.9,Unknown,0
69089,Female,0,0,Yes,none,Non-Sarcoma,83.3,32,none,0
68970,Female,0,0,No,none,Sarcoma,85.07,22.5,Unknown,0
42938,Male,0,0,No,children,Sarcoma,60.4,17.3,Unknown,0
11327,Female,0,0,Yes,none,Sarcoma,79.96,27,anti-PD1-CTLA4,0
5464,Male,0,0,Yes,none,Non-Sarcoma,70.96,33.1,Unknown,0
56995,Female,0,0,Yes,none,Sarcoma,82.86,25,anti-PD1,0
53646,Female,1,0,No,none,Non-Sarcoma,97.87,N/A,none,0
45139,Female,0,1,Yes,none,Non-Sarcoma,201.38,31.1,anti-PD1,0
38354,Female,0,0,Yes,none,Sarcoma,91.82,19.6,Unknown,0
15566,Male,0,0,Yes,none,Non-Sarcoma,91.85,24.7,none,0
4793,Female,1,0,Yes,none,Sarcoma,99.23,48,anti-PD1-CTLA4,0
59223,Male,0,0,Yes,none,Sarcoma,68.13,38,anti-PD1-CTLA4,0
30927,Male,0,0,No,none,Non-Sarcoma,93.76,24,anti-PD1-CTLA4,0
966,Female,1,0,Yes,none,Non-Sarcoma,103.89,30,anti-PD1,0
62923,Female,0,0,No,none,Sarcoma,87.39,24.6,Unknown,0
30627,Female,0,0,Yes,mature,Sarcoma,89.53,23.1,Unknown,0
17236,Female,0,0,No,children,Sarcoma,66.61,17.4,Unknown,0
27566,Male,0,0,Yes,none,Non-Sarcoma,236.14,43.1,Unknown,0
6368,Male,0,1,Yes,none,Sarcoma,99.76,27.1,anti-PD1-CTLA4,0
33876,Male,0,0,No,children,Sarcoma,87.09,14.3,Unknown,0
52164,Male,0,0,Yes,none,Sarcoma,193.81,46.8,anti-PD1,0
32446,Female,0,0,Yes,none,Non-Sarcoma,97.27,26,anti-PD1,0
56855,Male,0,0,Yes,none,Sarcoma,137.77,29.3,anti-PD1,0
43837,Male,0,0,Yes,none,Sarcoma,105.19,50.1,none,0
5477,Male,0,1,Yes,none,Sarcoma,82.72,N/A,anti-PD1,0
64974,Male,0,0,No,children,Sarcoma,58.35,18.6,Unknown,0
33976,Male,0,0,Yes,none,Sarcoma,68.79,27,anti-PD1,0
31019,Female,0,0,Yes,none,Sarcoma,94.19,25.7,anti-PD1,0
4699,Male,0,0,No,mature,Non-Sarcoma,121.17,25.5,anti-PD1-CTLA4,0
60276,Male,1,1,Yes,none,Non-Sarcoma,106.41,27.3,anti-PD1,0
24420,Male,0,0,Yes,none,Non-Sarcoma,104.79,24.1,Unknown,0
28478,Female,0,0,Yes,none,Sarcoma,82.18,42.7,anti-PD1,0
63236,Male,0,0,Yes,none,Sarcoma,96.81,41.2,none,0
6324,Male,0,0,Yes,none,Non-Sarcoma,107.42,20.2,anti-PD1-CTLA4,0
62059,Male,0,0,Yes,none,Non-Sarcoma,69.2,30.9,anti-PD1,0
28400,Male,0,0,Yes,none,Sarcoma,92.73,27.7,anti-PD1,0
5841,Female,0,0,No,none,Sarcoma,86.11,22.3,anti-PD1,0
5681,Male,0,0,Yes,none,Non-Sarcoma,111.78,39.4,none,0
16587,Female,0,0,No,none,Sarcoma,122.26,34.2,anti-PD1,0
3477,Female,0,0,No,none,Non-Sarcoma,78.16,20.1,anti-PD1,0
23890,Female,1,0,Yes,mature,Non-Sarcoma,105.77,36.8,anti-PD1,0
3803,Female,0,0,Yes,none,Sarcoma,102.97,N/A,none,0
34068,Female,0,0,Yes,mature,Sarcoma,77.53,33.9,anti-PD1-CTLA4,0
60145,Female,0,0,Yes,none,Sarcoma,77.35,27.7,anti-PD1,0
11702,Female,0,0,No,Never_worked,Sarcoma,82.36,22.7,Unknown,0
50508,Female,0,1,Yes,none,Non-Sarcoma,239.95,32.2,none,0
65473,Male,0,0,No,none,Sarcoma,61.96,22,none,0
51257,Male,0,0,No,none,Non-Sarcoma,72.1,23.2,anti-PD1,0
47810,Male,0,0,No,children,Non-Sarcoma,107.97,26.7,Unknown,0
38737,Male,0,0,Yes,none,Sarcoma,60.77,23,none,0
39060,Female,0,0,Yes,none,Sarcoma,71.06,23.4,anti-PD1,0
56804,Female,0,0,No,mature,Sarcoma,60.36,24.1,anti-PD1,0
45099,Male,0,0,Yes,none,Sarcoma,83.33,31.5,Unknown,0
22221,Female,0,0,Yes,none,Sarcoma,65.33,26.1,anti-PD1,0
57134,Male,0,0,No,children,Sarcoma,113.28,23.7,anti-PD1,0
57609,Male,0,0,No,children,Sarcoma,170.88,20.8,Unknown,0
6132,Male,0,0,No,children,Sarcoma,103.34,18.8,Unknown,0
31600,Female,0,0,No,none,Non-Sarcoma,106.08,32.5,anti-PD1-CTLA4,0
51497,Male,0,0,Yes,none,Sarcoma,156.45,24.3,anti-PD1,0
48455,Female,0,0,Yes,none,Sarcoma,60.05,24.1,Unknown,0
13049,Female,0,0,Yes,none,Non-Sarcoma,114.05,32.5,anti-PD1,0
9079,Female,0,1,Yes,none,Sarcoma,202.21,39.3,anti-PD1-CTLA4,0
68568,Female,0,0,Yes,none,Non-Sarcoma,57.28,23.9,anti-PD1,0
72867,Male,0,0,No,none,Non-Sarcoma,99.49,22,Unknown,0
53121,Male,0,0,Yes,none,Sarcoma,63.6,37.3,anti-PD1,0
33779,Male,0,1,Yes,mature,Sarcoma,80.01,33,anti-PD1-CTLA4,0
52367,Male,0,0,Yes,none,Sarcoma,58.42,24.7,anti-PD1-CTLA4,0
29314,Female,1,1,Yes,mature,Sarcoma,67.38,32.8,anti-PD1-CTLA4,0
18366,Female,0,0,Yes,none,Non-Sarcoma,73.58,29.8,Unknown,0
32522,Male,0,0,No,none,Sarcoma,103.92,24.1,Unknown,0
3980,Female,0,0,No,none,Non-Sarcoma,80.22,21.6,anti-PD1,0
5350,Female,0,0,Yes,none,Non-Sarcoma,103.76,27.1,anti-PD1,0
3428,Female,0,0,Yes,none,Sarcoma,77.06,27,anti-PD1,0
62552,Female,0,0,No,children,Non-Sarcoma,90.22,18.7,Unknown,0
51085,Female,0,0,No,none,Sarcoma,181.3,35.8,anti-PD1,0
60586,Female,0,0,Yes,none,Non-Sarcoma,85.29,27.1,anti-PD1-CTLA4,0
59988,Female,1,0,Yes,none,Sarcoma,107.59,33.1,none,0
34122,Female,0,0,No,none,Sarcoma,87.72,25.9,none,0
11392,Male,0,0,Yes,none,Non-Sarcoma,70.73,26.7,none,0
53632,Male,0,0,No,mature,Sarcoma,72.75,22.2,Unknown,0
32202,Male,0,0,Yes,none,Non-Sarcoma,95.47,26,none,0
52489,Female,0,0,No,none,Sarcoma,70.54,23.5,Unknown,0
13374,Male,0,0,Yes,none,Sarcoma,100.03,23.5,anti-PD1,0
66370,Female,0,0,No,children,Non-Sarcoma,59.78,15.9,Unknown,0
259,Male,0,0,Yes,none,Sarcoma,198.79,24.9,anti-PD1,0
12092,Male,0,0,No,none,Non-Sarcoma,90.39,26.5,anti-PD1,0
38263,Female,0,0,Yes,none,Non-Sarcoma,147.04,35.7,Unknown,0
1666,Male,0,0,Yes,mature,Sarcoma,202.55,N/A,anti-PD1-CTLA4,0
48922,Male,1,1,Yes,none,Non-Sarcoma,64.92,32.1,none,0
58061,Female,1,0,Yes,none,Non-Sarcoma,154.6,28.5,anti-PD1-CTLA4,0
50283,Female,0,0,Yes,none,Sarcoma,95.98,40.1,none,0
26605,Female,0,0,Yes,none,Non-Sarcoma,102.51,26.6,none,0
10396,Male,1,0,No,none,Sarcoma,96.52,21.7,Unknown,0
14695,Male,1,0,Yes,none,Non-Sarcoma,232.12,28.8,anti-PD1,0
2579,Female,0,0,Yes,none,Non-Sarcoma,78.12,32,Unknown,0
71061,Male,0,0,Yes,mature,Sarcoma,70.04,31.4,anti-PD1,0
41250,Female,0,0,Yes,none,Non-Sarcoma,97.61,32.1,none,0
53923,Female,0,0,No,none,Sarcoma,113.11,19.8,Unknown,0
54139,Female,0,0,No,none,Non-Sarcoma,71.06,25.3,anti-PD1-CTLA4,0
32430,Female,0,0,No,children,Non-Sarcoma,104.95,28.8,Unknown,0
14928,Female,0,0,No,none,Sarcoma,81.94,26,none,0
32457,Male,0,0,Yes,none,Sarcoma,96.37,30.7,anti-PD1-CTLA4,0
59718,Female,0,0,Yes,none,Non-Sarcoma,114.16,43.3,anti-PD1,0
4948,Male,0,0,Yes,none,Non-Sarcoma,93.58,35.2,none,0
40870,Female,0,0,Yes,mature,Sarcoma,73.89,20.9,Unknown,0
2218,Male,0,0,Yes,none,Non-Sarcoma,107.83,35.3,none,0
57494,Female,1,0,Yes,none,Sarcoma,107.21,27,anti-PD1-CTLA4,0
1534,Female,0,0,Yes,none,Non-Sarcoma,99.35,26.1,none,0
69329,Female,0,0,Yes,none,Non-Sarcoma,203.57,29.1,Unknown,0
39852,Male,1,1,Yes,mature,Non-Sarcoma,81.51,32.6,anti-PD1,0
65358,Female,0,0,Yes,none,Non-Sarcoma,69.26,21.8,anti-PD1-CTLA4,0
36488,Male,0,0,No,children,Sarcoma,111.47,32.3,anti-PD1,0
55567,Female,0,1,Yes,none,Non-Sarcoma,86.09,28.1,anti-PD1,0
33562,Male,0,1,Yes,mature,Non-Sarcoma,72.94,32.3,anti-PD1-CTLA4,0
20006,Female,0,0,No,none,Sarcoma,76.77,21.7,Unknown,0
47696,Male,0,0,Yes,none,Non-Sarcoma,60.32,25,anti-PD1,0
60117,Male,0,0,No,none,Non-Sarcoma,133.24,28.9,anti-PD1,0
5032,Female,0,0,Yes,none,Non-Sarcoma,65.01,21.7,anti-PD1-CTLA4,0
5780,Female,0,0,Yes,none,Sarcoma,74.63,45.3,anti-PD1,0
52236,Female,0,0,Yes,none,Non-Sarcoma,230.78,40.2,anti-PD1,0
59752,Male,0,0,Yes,none,Sarcoma,72.5,22.5,anti-PD1-CTLA4,0
47005,Female,0,0,Yes,none,Sarcoma,68.48,21.3,anti-PD1,0
4750,Male,0,0,Yes,none,Sarcoma,85.03,26.1,anti-PD1-CTLA4,0
65127,Female,0,0,Yes,none,Sarcoma,80.76,28.8,none,0
4498,Male,0,1,Yes,none,Sarcoma,204.98,N/A,anti-PD1-CTLA4,0
32203,Female,0,0,Yes,none,Non-Sarcoma,95.36,32.4,anti-PD1-CTLA4,0
27436,Male,0,0,No,children,Sarcoma,110.33,20.4,Unknown,0
34999,Male,0,0,Yes,none,Sarcoma,89.18,25.9,anti-PD1-CTLA4,0
4213,Male,0,0,No,none,Non-Sarcoma,91.53,38.8,anti-PD1-CTLA4,0
71669,Male,0,0,Yes,none,Non-Sarcoma,65.16,30.8,anti-PD1,0
36803,Female,0,0,No,none,Non-Sarcoma,74.53,24.6,anti-PD1,0
17725,Female,0,0,No,children,Non-Sarcoma,93.29,20.6,Unknown,0
57983,Male,0,0,Yes,mature,Sarcoma,227.89,38.8,anti-PD1-CTLA4,0
68089,Female,0,0,Yes,none,Sarcoma,121.46,40.4,Unknown,0
3135,Female,0,0,No,none,Non-Sarcoma,69.35,N/A,anti-PD1,0
563,Female,0,0,Yes,none,Non-Sarcoma,216.71,36.2,anti-PD1,0
19364,Female,0,0,No,children,Non-Sarcoma,74.96,18.8,Unknown,0
34590,Male,0,0,Yes,none,Non-Sarcoma,75.25,27.6,none,0
55459,Female,0,0,No,none,Non-Sarcoma,91.82,28.3,anti-PD1-CTLA4,0
38724,Female,1,0,Yes,mature,Sarcoma,56.37,39.4,none,0
52968,Female,0,0,Yes,none,Non-Sarcoma,149.15,33.5,Unknown,0
35716,Female,1,0,Yes,none,Sarcoma,202.67,40.4,anti-PD1-CTLA4,0
51421,Female,0,0,Yes,none,Non-Sarcoma,65.38,25.9,Unknown,0
72525,Female,0,0,Yes,none,Sarcoma,90.31,27.6,none,0
33009,Male,0,0,Yes,none,Non-Sarcoma,221.8,44.7,anti-PD1-CTLA4,0
35437,Female,0,0,Yes,none,Non-Sarcoma,73.39,30.8,Unknown,0
37253,Female,1,0,Yes,none,Sarcoma,147.12,22.3,anti-PD1-CTLA4,0
46171,Male,0,0,Yes,none,Sarcoma,109.85,27.9,Unknown,0
18143,Male,0,0,Yes,none,Non-Sarcoma,103.21,22.9,anti-PD1-CTLA4,0
35330,Male,0,0,Yes,none,Sarcoma,81.25,27.3,none,0
32127,Female,0,0,Yes,mature,Sarcoma,84.69,25,anti-PD1,0
69834,Female,0,0,Yes,mature,Non-Sarcoma,87.1,48.3,none,0
56311,Female,0,0,No,none,Non-Sarcoma,81.92,22.7,Unknown,0
13439,Male,1,0,Yes,none,Sarcoma,90.91,39.1,Unknown,0
36366,Male,0,0,Yes,mature,Sarcoma,64.4,27.8,anti-PD1,0
13111,Female,1,0,Yes,none,Non-Sarcoma,85.48,N/A,none,0
28932,Female,0,0,Yes,none,Non-Sarcoma,67.29,36.7,anti-PD1-CTLA4,0
67521,Female,1,0,Yes,none,Sarcoma,124.48,38.5,Unknown,0
65688,Male,0,1,No,children,Sarcoma,62.89,29.4,Unknown,0
58761,Male,0,0,Yes,none,Sarcoma,87.51,30.5,anti-PD1-CTLA4,0
21192,Female,0,0,Yes,none,Sarcoma,93.15,23.6,Unknown,0
72348,Female,0,0,No,none,Sarcoma,64.87,20.6,Unknown,0
1825,Male,0,0,Yes,none,Sarcoma,90.68,31.7,none,0
25674,Male,0,0,Yes,none,Sarcoma,104.64,24.9,Unknown,0
33035,Female,0,0,No,none,Sarcoma,92.44,33.4,anti-PD1,0
54297,Male,0,0,No,none,Non-Sarcoma,120.46,22.2,Unknown,0
9122,Male,0,0,Yes,none,Sarcoma,89.87,26.5,anti-PD1,0
1218,Female,0,0,No,none,Sarcoma,105.28,27.1,anti-PD1-CTLA4,0
57210,Female,0,0,Yes,none,Non-Sarcoma,131.8,30.3,anti-PD1,0
37096,Female,0,0,No,children,Non-Sarcoma,66.33,18.6,Unknown,0
38243,Female,0,0,Yes,none,Non-Sarcoma,101.07,26.4,Unknown,0
17198,Female,0,0,No,children,Non-Sarcoma,83.37,17.8,anti-PD1-CTLA4,0
70884,Female,0,0,Yes,none,Sarcoma,79.8,37.4,none,0
51809,Female,0,0,Yes,none,Non-Sarcoma,103.17,32.1,anti-PD1-CTLA4,0
40602,Female,0,0,No,none,Sarcoma,62.52,38.2,anti-PD1,0
65116,Female,1,0,Yes,none,Sarcoma,75.78,N/A,none,0
70455,Female,0,0,Yes,mature,Sarcoma,110.36,39.1,anti-PD1-CTLA4,0
41618,Male,0,0,No,none,Non-Sarcoma,140.07,29.5,anti-PD1,0
21209,Female,0,0,No,children,Non-Sarcoma,84.86,28.6,anti-PD1,0
26103,Male,0,0,Yes,none,Non-Sarcoma,106.85,40.1,anti-PD1,0
10436,Female,0,0,Yes,none,Non-Sarcoma,102.07,31.8,anti-PD1,0
16550,Female,0,1,No,mature,Sarcoma,202.38,34.6,Unknown,0
17697,Female,0,0,Yes,mature,Sarcoma,67.07,24.5,anti-PD1,0
10744,Male,0,1,Yes,mature,Non-Sarcoma,73.7,26.2,anti-PD1,0
7799,Female,0,0,No,none,Sarcoma,77.59,33,anti-PD1,0
57183,Male,0,0,No,children,Non-Sarcoma,69.16,22.3,Unknown,0
121,Female,0,0,Yes,none,Sarcoma,91.44,N/A,Unknown,0
32604,Male,0,0,Yes,none,Non-Sarcoma,215.81,58.1,anti-PD1,0
49883,Female,0,0,Yes,none,Non-Sarcoma,65.4,36.9,anti-PD1-CTLA4,0
68242,Male,0,0,Yes,none,Sarcoma,139.72,43.9,anti-PD1,0
33726,Female,0,0,No,children,Sarcoma,72.81,18.2,Unknown,0
56255,Female,0,0,No,none,Sarcoma,149.17,23.1,anti-PD1,0
46455,Female,0,0,Yes,none,Sarcoma,125.74,32.6,Unknown,0
13270,Female,0,0,No,mature,Sarcoma,90.21,41.2,anti-PD1,0
38067,Female,0,0,No,none,Sarcoma,139.48,28.6,anti-PD1-CTLA4,0
9160,Female,1,0,Yes,none,Sarcoma,90.77,26,anti-PD1,0
52843,Female,1,1,Yes,none,Sarcoma,220.24,36.8,anti-PD1,0
67343,Female,0,0,Yes,none,Non-Sarcoma,81.42,35.8,anti-PD1,0
50805,Female,0,0,Yes,none,Sarcoma,102.36,24.2,anti-PD1,0
10826,Female,0,0,Yes,none,Sarcoma,82.85,22.9,none,0
60358,Female,0,0,Yes,none,Sarcoma,102.11,23.1,anti-PD1,0
72231,Female,0,0,Yes,none,Non-Sarcoma,195.61,N/A,anti-PD1,0
58586,Male,1,1,Yes,none,Sarcoma,80.92,28.9,none,0
50499,Female,0,0,Yes,none,Non-Sarcoma,71.8,26.5,anti-PD1,0
18986,Female,0,0,No,none,Sarcoma,88.47,29.3,anti-PD1,0
51177,Female,0,0,Yes,none,Sarcoma,67.68,24.8,anti-PD1-CTLA4,0
575,Male,0,0,No,children,Non-Sarcoma,98.65,20.1,Unknown,0
47321,Female,0,0,Yes,none,Non-Sarcoma,83.58,18.2,anti-PD1,0
7754,Female,0,0,Yes,none,Non-Sarcoma,104.04,34.7,anti-PD1-CTLA4,0
66270,Female,0,0,Yes,none,Non-Sarcoma,69.4,24,Unknown,0
2814,Male,1,0,No,mature,Sarcoma,106.22,29,anti-PD1,0
52847,Female,0,0,Yes,none,Non-Sarcoma,112.46,27.3,anti-PD1,0
60235,Male,0,1,Yes,none,Non-Sarcoma,72.42,27.6,anti-PD1,0
10981,Male,0,0,No,children,Non-Sarcoma,96.73,20.4,anti-PD1,0
62833,Female,0,0,No,children,Sarcoma,107.4,17.7,Unknown,0
26267,Female,0,0,Yes,none,Sarcoma,267.61,27.9,none,0
69918,Female,1,0,Yes,none,Non-Sarcoma,109.46,41.5,anti-PD1,0
44927,Female,0,0,Yes,mature,Non-Sarcoma,120.05,27.4,Unknown,0
20169,Female,0,0,Yes,none,Non-Sarcoma,106.33,27.8,Unknown,0
31481,Female,0,0,No,children,Sarcoma,97.28,17.8,Unknown,0
27721,Male,0,0,Yes,none,Non-Sarcoma,83.13,32,none,0
71419,Male,0,0,No,children,Sarcoma,97.35,37.3,Unknown,0
25642,Male,0,0,No,none,Sarcoma,79.54,28.1,Unknown,0
31932,Female,0,0,No,children,Sarcoma,76.55,29.1,Unknown,0
13629,Male,0,0,No,children,Sarcoma,56.11,22.9,Unknown,0
38258,Female,0,0,Yes,none,Non-Sarcoma,91.36,38.8,anti-PD1-CTLA4,0
70602,Female,0,0,No,none,Non-Sarcoma,79.27,29,none,0
60056,Male,0,0,Yes,none,Sarcoma,113.21,28.6,none,0
31156,Female,0,0,Yes,none,Sarcoma,105.99,29.8,anti-PD1,0
69643,Male,0,0,Yes,none,Non-Sarcoma,59.93,28.9,anti-PD1-CTLA4,0
23171,Male,0,0,Yes,none,Non-Sarcoma,88.83,29.1,Unknown,0
42309,Female,0,0,Yes,none,Sarcoma,73.37,N/A,none,0
2877,Female,0,0,Yes,none,Sarcoma,115.42,16.7,none,0
37011,Female,0,0,Yes,none,Non-Sarcoma,71.93,34.1,Unknown,0
355,Male,0,0,No,children,Non-Sarcoma,96.43,25.7,Unknown,0
53252,Male,0,0,No,none,Sarcoma,161.95,30.8,anti-PD1,0
3553,Female,0,0,Yes,mature,Sarcoma,104.55,23.9,none,0
72178,Female,0,0,No,children,Sarcoma,71.25,18.8,Unknown,0
11817,Male,0,0,Yes,mature,Sarcoma,160.87,N/A,anti-PD1-CTLA4,0
26468,Female,0,0,Yes,mature,Sarcoma,82.02,41.8,none,0
13176,Female,1,0,Yes,none,Sarcoma,78.02,36.4,anti-PD1,0
67032,Male,0,0,No,mature,Sarcoma,115.21,28.7,Unknown,0
39784,Female,0,0,Yes,none,Sarcoma,65.12,28.3,anti-PD1,0
56156,Other,0,0,No,none,Non-Sarcoma,143.33,22.4,anti-PD1-CTLA4,0
15230,Female,0,0,No,children,Non-Sarcoma,80.55,15.1,Unknown,0
25218,Female,0,0,Yes,mature,Sarcoma,88.2,22.7,anti-PD1,0
39637,Female,0,0,No,none,Non-Sarcoma,147.42,26.6,Unknown,0
26777,Male,0,0,No,none,Non-Sarcoma,86.53,20.8,anti-PD1,0
60533,Female,0,0,No,none,Non-Sarcoma,91.95,23,Unknown,0
44375,Female,1,0,Yes,none,Non-Sarcoma,63.72,35.8,none,0
49848,Male,0,0,Yes,none,Non-Sarcoma,63.78,29.9,anti-PD1,0
65413,Female,0,0,Yes,none,Sarcoma,55.64,43.4,anti-PD1,0
31161,Female,0,0,No,mature,Sarcoma,88.88,36.3,anti-PD1,0
61787,Male,0,0,Yes,none,Sarcoma,114.61,40.1,anti-PD1-CTLA4,0
53482,Male,0,0,No,none,Non-Sarcoma,56.08,35.9,anti-PD1-CTLA4,0
71387,Female,0,0,Yes,mature,Non-Sarcoma,59.62,32.4,anti-PD1,0
7577,Male,0,0,No,children,Sarcoma,75.85,20.3,Unknown,0
34400,Female,1,0,Yes,none,Non-Sarcoma,176.71,33.2,anti-PD1,0
45175,Male,0,0,No,none,Sarcoma,80.07,22.3,Unknown,0
71192,Male,0,0,No,children,Non-Sarcoma,56.33,18.1,Unknown,0
26997,Female,0,0,No,none,Sarcoma,87.16,28.2,anti-PD1,0
33532,Female,0,1,Yes,none,Non-Sarcoma,102.46,29.7,anti-PD1,0
33704,Male,1,0,Yes,none,Non-Sarcoma,84.1,N/A,Unknown,0
51897,Male,0,0,Yes,none,Non-Sarcoma,161,29,none,0
43016,Male,0,0,No,children,Sarcoma,70.7,25.4,Unknown,0
3370,Female,0,0,Yes,none,Non-Sarcoma,81.26,26.5,Unknown,0
39984,Female,0,0,Yes,mature,Non-Sarcoma,157.67,22.7,anti-PD1-CTLA4,0
59232,Female,0,0,Yes,none,Sarcoma,89.59,27.5,Unknown,0
57896,Male,0,0,Yes,none,Sarcoma,64.02,23.8,none,0
21917,Male,0,0,Yes,mature,Non-Sarcoma,110.69,35.6,Unknown,0
66435,Female,0,0,Yes,none,Non-Sarcoma,71.97,27.2,anti-PD1,0
3442,Female,0,0,No,none,Non-Sarcoma,82.07,30.4,Unknown,0
48064,Male,0,0,No,children,Non-Sarcoma,65.07,21.5,anti-PD1,0
13358,Female,0,0,Yes,none,Non-Sarcoma,207.62,31.8,anti-PD1,0
64986,Male,0,0,Yes,none,Sarcoma,108.64,29.5,anti-PD1,0
6032,Male,0,0,Yes,none,Sarcoma,201.58,30.6,Unknown,0
52924,Female,0,0,Yes,none,Sarcoma,116.2,27.6,anti-PD1-CTLA4,0
69979,Male,0,0,Yes,none,Non-Sarcoma,231.43,23,none,0
50489,Female,0,0,Yes,mature,Sarcoma,112.62,24.8,anti-PD1,0
20094,Male,1,0,Yes,none,Sarcoma,220.26,28,anti-PD1-CTLA4,0
16618,Female,0,0,Yes,none,Sarcoma,84.37,22.2,Unknown,0
63280,Female,0,0,Yes,none,Non-Sarcoma,82.83,27.8,anti-PD1-CTLA4,0
14551,Female,0,0,No,none,Sarcoma,102.48,30.2,anti-PD1-CTLA4,0
22098,Female,0,0,Yes,none,Non-Sarcoma,69.12,26.8,anti-PD1,0
17771,Female,1,0,Yes,mature,Sarcoma,211.12,22,anti-PD1,0
11803,Female,0,0,No,none,Non-Sarcoma,95.38,34.3,anti-PD1-CTLA4,0
34356,Female,0,0,Yes,none,Non-Sarcoma,108.72,29.2,anti-PD1-CTLA4,0
26528,Female,0,0,No,none,Non-Sarcoma,88.65,30.3,anti-PD1,0
51554,Male,0,0,Yes,none,Sarcoma,177.91,N/A,Unknown,0
2296,Male,1,0,Yes,none,Sarcoma,90.19,N/A,Unknown,0
10624,Male,0,0,Yes,none,Non-Sarcoma,73.78,21.4,none,0
1681,Female,0,0,No,none,Sarcoma,82.85,N/A,none,0
36375,Male,0,0,Yes,none,Non-Sarcoma,59.48,26.6,Unknown,0
8117,Male,0,0,Yes,none,Non-Sarcoma,75.77,30,anti-PD1-CTLA4,0
49849,Female,0,0,Yes,none,Non-Sarcoma,80.96,33.7,anti-PD1-CTLA4,0
19436,Male,0,0,Yes,none,Non-Sarcoma,82.4,30.9,none,0
10523,Male,0,0,Yes,none,Sarcoma,78.93,31.1,Unknown,0
39322,Male,0,0,No,none,Sarcoma,80.59,23,Unknown,0
53265,Female,0,0,Yes,none,Sarcoma,70.59,20.2,Unknown,0
40379,Female,0,0,Yes,none,Non-Sarcoma,98.57,31.6,anti-PD1,0
66841,Male,0,0,No,none,Non-Sarcoma,61.87,23.9,Unknown,0
38900,Female,0,0,Yes,none,Sarcoma,68.88,26.1,Unknown,0
18180,Female,0,0,No,children,Sarcoma,66.25,15.8,Unknown,0
1183,Male,0,0,Yes,none,Non-Sarcoma,84.18,N/A,none,0
22964,Male,0,0,Yes,mature,Non-Sarcoma,69.23,28.7,none,0
64597,Female,0,0,Yes,none,Non-Sarcoma,73.2,28.9,Unknown,0
23893,Male,0,0,Yes,none,Sarcoma,103.45,25.1,none,0
51564,Female,0,0,No,mature,Sarcoma,104.86,19.8,anti-PD1,0
14410,Male,0,1,Yes,mature,Sarcoma,90.3,30.8,none,0
4964,Female,1,0,Yes,none,Non-Sarcoma,90.87,22.1,anti-PD1,0
15020,Female,0,0,No,mature,Non-Sarcoma,76.21,20.4,Unknown,0
27380,Female,0,0,Yes,none,Non-Sarcoma,74.14,31.2,anti-PD1-CTLA4,0
21523,Female,0,0,No,mature,Sarcoma,87.25,24.9,none,0
8819,Female,0,0,Yes,mature,Non-Sarcoma,215.33,27,anti-PD1-CTLA4,0
68408,Male,0,0,No,none,Sarcoma,88.38,20.1,none,0
8976,Female,0,0,Yes,none,Non-Sarcoma,104.4,24.4,anti-PD1,0
22290,Female,0,0,Yes,none,Sarcoma,104.92,22.6,anti-PD1,0
7700,Female,0,0,Yes,none,Sarcoma,106.54,22.4,anti-PD1,0
40503,Male,0,0,No,none,Non-Sarcoma,62.91,26.2,anti-PD1,0
47917,Female,1,0,No,none,Non-Sarcoma,61.47,22.9,anti-PD1,0
30303,Male,0,0,No,none,Non-Sarcoma,88.5,32.6,anti-PD1-CTLA4,0
63864,Male,0,0,Yes,none,Non-Sarcoma,107.61,31.3,Unknown,0
24177,Female,1,0,Yes,none,Sarcoma,90.77,43.9,anti-PD1-CTLA4,0
57274,Male,0,0,No,Never_worked,Sarcoma,137.91,41.8,anti-PD1,0
37213,Male,0,0,Yes,none,Non-Sarcoma,212.02,N/A,Unknown,0
59992,Female,1,0,Yes,none,Sarcoma,228.2,37.7,anti-PD1,0
27382,Female,0,0,Yes,mature,Sarcoma,92.15,20.8,anti-PD1,0
61017,Female,0,0,No,children,Sarcoma,126.32,21.6,Unknown,0
61699,Male,0,0,Yes,none,Non-Sarcoma,94.96,22.1,anti-PD1-CTLA4,0
14489,Female,0,0,No,none,Sarcoma,89.52,39.2,Unknown,0
54053,Male,0,0,Yes,none,Non-Sarcoma,66.59,36.7,anti-PD1-CTLA4,0
38348,Female,0,0,Yes,none,Sarcoma,80.1,32,anti-PD1,0
17668,Male,0,0,Yes,none,Sarcoma,73.72,25.9,none,0
11792,Female,0,0,Yes,none,Sarcoma,90.49,28.9,anti-PD1-CTLA4,0
22917,Female,0,0,Yes,none,Sarcoma,92.99,29.3,anti-PD1-CTLA4,0
36204,Male,0,0,No,children,Non-Sarcoma,62.57,32.3,anti-PD1,0
49554,Male,0,0,Yes,none,Non-Sarcoma,65.51,33.2,anti-PD1-CTLA4,0
72594,Male,0,0,Yes,none,Sarcoma,95.29,31.6,none,0
28027,Female,0,0,Yes,mature,Sarcoma,83.7,20.6,anti-PD1,0
54177,Female,1,0,Yes,mature,Non-Sarcoma,63.16,23.3,anti-PD1-CTLA4,0
32602,Male,0,1,Yes,none,Sarcoma,87.77,30.8,Unknown,0
1213,Female,0,0,Yes,none,Sarcoma,87.23,N/A,anti-PD1-CTLA4,0
21534,Male,0,0,Yes,none,Sarcoma,260.85,N/A,Unknown,0
6852,Female,1,0,Yes,none,Non-Sarcoma,104.45,N/A,anti-PD1,0
3379,Female,0,0,Yes,none,Sarcoma,87.52,23.7,Unknown,0
41146,Male,0,0,Yes,none,Non-Sarcoma,113.65,49.3,anti-PD1,0
20391,Female,0,0,Yes,mature,Non-Sarcoma,65.93,30.3,anti-PD1,0
69379,Female,1,0,Yes,none,Sarcoma,93.78,24.4,anti-PD1,0
34778,Male,0,0,Yes,none,Non-Sarcoma,223.9,28.2,anti-PD1-CTLA4,0
49270,Female,0,0,Yes,none,Sarcoma,77.54,33.8,Unknown,0
55407,Female,0,0,Yes,none,Sarcoma,93.18,42.6,anti-PD1-CTLA4,0
36744,Male,0,0,Yes,none,Non-Sarcoma,169.74,31.9,anti-PD1,0
26603,Male,1,0,Yes,none,Sarcoma,101.93,34,Unknown,0
71414,Female,0,0,No,children,Sarcoma,125.03,19.8,Unknown,0
14517,Male,0,0,Yes,none,Sarcoma,82.25,30.5,anti-PD1-CTLA4,0
69050,Male,0,0,Yes,none,Sarcoma,85.81,21.7,anti-PD1-CTLA4,0
52080,Female,0,0,No,none,Non-Sarcoma,85.27,24.6,anti-PD1,0
27493,Female,0,0,Yes,none,Sarcoma,86.06,38.1,anti-PD1,0
6295,Female,0,0,Yes,mature,Sarcoma,104.36,19.2,none,0
20375,Female,0,0,Yes,none,Sarcoma,78.29,30.1,anti-PD1-CTLA4,0
29017,Male,0,0,No,children,Sarcoma,93.55,23.3,Unknown,0
56635,Male,1,0,Yes,none,Non-Sarcoma,207.96,34.5,anti-PD1-CTLA4,0
4280,Female,0,0,Yes,mature,Non-Sarcoma,105.52,30.8,anti-PD1,0
22896,Female,0,0,Yes,none,Non-Sarcoma,109.27,43.8,anti-PD1-CTLA4,0
70297,Female,0,0,Yes,none,Sarcoma,91.34,29.9,anti-PD1,0
47776,Female,0,0,Yes,mature,Non-Sarcoma,176.78,50.4,anti-PD1,0
53141,Female,0,0,No,none,Non-Sarcoma,67.73,22.6,anti-PD1,0
16145,Female,0,0,No,children,Non-Sarcoma,73.27,19.5,Unknown,0
41593,Female,0,0,Yes,none,Non-Sarcoma,70.29,33.4,anti-PD1-CTLA4,0
50651,Female,0,0,No,none,Non-Sarcoma,91.47,24.2,Unknown,0
11111,Female,1,0,Yes,mature,Sarcoma,205.01,52.7,anti-PD1-CTLA4,0
15803,Female,0,0,Yes,none,Non-Sarcoma,73.87,25.6,Unknown,0
71597,Female,1,0,Yes,none,Non-Sarcoma,64.44,26.9,anti-PD1-CTLA4,0
22804,Female,0,0,No,none,Non-Sarcoma,111.65,35.2,anti-PD1-CTLA4,0
64498,Female,0,0,Yes,none,Non-Sarcoma,90.65,22.1,anti-PD1-CTLA4,0
41182,Female,1,0,Yes,none,Sarcoma,94.2,34.4,none,0
56606,Female,0,0,Yes,none,Sarcoma,56.95,26,Unknown,0
36958,Female,0,0,Yes,none,Non-Sarcoma,92.37,26.9,anti-PD1,0
14877,Male,0,0,No,children,Non-Sarcoma,127.23,20.1,Unknown,0
65988,Female,0,0,No,none,Non-Sarcoma,191.78,24.7,Unknown,0
50001,Female,0,0,Yes,mature,Non-Sarcoma,86.36,32.1,none,0
27034,Female,0,0,Yes,mature,Sarcoma,82.72,29.8,none,0
8950,Female,0,0,No,none,Sarcoma,113.57,27.5,anti-PD1-CTLA4,0
31850,Female,0,0,No,none,Sarcoma,89.58,22.8,Unknown,0
14288,Female,0,0,Yes,none,Non-Sarcoma,91.85,27.6,anti-PD1-CTLA4,0
3180,Female,0,0,Yes,mature,Sarcoma,88.89,33,anti-PD1,0
13899,Male,0,0,Yes,none,Sarcoma,79.55,33.7,anti-PD1,0
23730,Female,0,0,Yes,none,Sarcoma,108.62,25.1,Unknown,0
6011,Male,0,0,No,children,Sarcoma,78.24,15.3,Unknown,0
14376,Male,0,0,Yes,none,Non-Sarcoma,88.49,22.2,none,0
22052,Female,1,0,No,none,Non-Sarcoma,91.85,21.4,anti-PD1-CTLA4,0
24836,Female,0,0,Yes,none,Non-Sarcoma,72.01,26,anti-PD1-CTLA4,0
11861,Male,0,0,Yes,none,Non-Sarcoma,81.96,29.9,anti-PD1,0
25613,Female,0,0,Yes,none,Sarcoma,70.56,28.6,none,0
71496,Female,0,0,Yes,none,Sarcoma,71.02,21.2,anti-PD1,0
24074,Female,0,0,No,children,Non-Sarcoma,99.75,16,Unknown,0
44937,Female,0,0,Yes,mature,Sarcoma,127.2,22.7,anti-PD1,0
72082,Female,0,0,Yes,none,Non-Sarcoma,69.76,25.3,none,0
53271,Male,0,0,Yes,none,Non-Sarcoma,74.63,31.6,anti-PD1-CTLA4,0
34077,Male,0,0,Yes,mature,Non-Sarcoma,102.27,38.9,anti-PD1-CTLA4,0
42330,Female,0,0,Yes,none,Non-Sarcoma,73.56,27.1,none,0
69487,Female,0,0,Yes,none,Sarcoma,57.77,24.1,anti-PD1-CTLA4,0
70973,Female,0,0,Yes,mature,Sarcoma,151.25,31.5,anti-PD1,0
44986,Female,0,0,Yes,none,Sarcoma,78.32,32,Unknown,0
2633,Male,0,0,Yes,none,Non-Sarcoma,71.5,31.8,anti-PD1,0
21834,Female,0,0,Yes,none,Sarcoma,84.7,34,anti-PD1,0
49196,Female,0,0,Yes,none,Sarcoma,127.28,23.4,Unknown,0
22939,Female,0,0,No,none,Non-Sarcoma,80.72,29.3,Unknown,0
55400,Female,0,0,No,children,Non-Sarcoma,73.92,17.2,Unknown,0
30870,Male,0,0,No,children,Sarcoma,93.24,31.9,Unknown,0
247,Male,0,0,No,none,Sarcoma,72.6,31.6,anti-PD1,0
7979,Female,0,0,No,none,Non-Sarcoma,69.77,23.2,anti-PD1,0
56189,Male,0,0,No,mature,Sarcoma,84.43,30,none,0
3984,Female,0,0,Yes,none,Non-Sarcoma,84.13,26.3,anti-PD1,0
49753,Male,0,0,No,none,Non-Sarcoma,81.54,31.8,anti-PD1-CTLA4,0
71719,Male,0,0,Yes,mature,Non-Sarcoma,57.17,25.5,anti-PD1-CTLA4,0
11313,Female,0,0,Yes,none,Non-Sarcoma,86.15,21.3,anti-PD1,0
38070,Female,0,0,Yes,none,Non-Sarcoma,163.02,29.6,anti-PD1,0
50455,Female,0,0,Yes,none,Sarcoma,110.41,28.7,anti-PD1,0
31766,Male,0,0,No,none,Non-Sarcoma,102.58,30.8,anti-PD1,0
24245,Male,0,0,Yes,none,Sarcoma,90.97,32.1,Unknown,0
50726,Male,0,0,Yes,none,Non-Sarcoma,140.96,34,none,0
29955,Male,0,0,No,children,Non-Sarcoma,70.33,16.9,Unknown,0
64742,Male,0,0,No,none,Non-Sarcoma,64.18,32.1,anti-PD1,0
48518,Male,0,0,Yes,none,Non-Sarcoma,127.57,22.6,anti-PD1,0
42999,Female,0,0,Yes,none,Sarcoma,109.23,31.3,anti-PD1,0
71447,Male,0,1,Yes,none,Sarcoma,124.49,29,anti-PD1,0
61437,Male,0,0,No,mature,Non-Sarcoma,142.82,27.6,anti-PD1,0
50428,Male,0,0,No,children,Non-Sarcoma,75.69,17.7,Unknown,0
8816,Male,0,0,Yes,none,Sarcoma,74.08,35.9,Unknown,0
49556,Female,0,0,Yes,mature,Sarcoma,75.98,33.8,Unknown,0
67654,Female,0,0,No,children,Non-Sarcoma,57.8,17.6,Unknown,0
21989,Female,0,0,No,none,Sarcoma,76.44,48.3,Unknown,0
46434,Male,1,0,Yes,mature,Sarcoma,214.43,39.9,none,0
3205,Female,0,0,Yes,none,Sarcoma,79.03,11.3,Unknown,0
68692,Male,1,0,Yes,none,Sarcoma,66.46,31.5,anti-PD1-CTLA4,0
44531,Male,0,0,Yes,none,Sarcoma,56.42,29.6,anti-PD1,0
70392,Male,0,0,Yes,none,Non-Sarcoma,112.72,19.4,Unknown,0
37025,Female,0,0,No,children,Sarcoma,114.02,18.1,Unknown,0
68965,Male,0,0,Yes,none,Sarcoma,72.33,36.2,none,0
53843,Female,0,0,No,children,Non-Sarcoma,55.59,17.9,Unknown,0
5236,Female,0,0,Yes,none,Non-Sarcoma,73.48,33,anti-PD1,0
32110,Female,0,0,No,children,Sarcoma,105.05,20.4,Unknown,0
17893,Female,0,0,Yes,none,Sarcoma,84.78,33.6,anti-PD1-CTLA4,0
65794,Female,1,0,Yes,none,Non-Sarcoma,164.77,34.5,anti-PD1,0
65955,Male,1,1,No,none,Non-Sarcoma,220.64,30,anti-PD1,0
53924,Female,0,0,No,children,Sarcoma,159.39,12.8,Unknown,0
70674,Male,0,0,Yes,none,Sarcoma,69.53,26.2,anti-PD1,0
56410,Male,0,0,No,children,Sarcoma,81.42,13.5,Unknown,0
9955,Female,0,0,No,none,Sarcoma,83.93,25.6,anti-PD1-CTLA4,0
8410,Female,0,0,No,children,Non-Sarcoma,98.9,18.8,Unknown,0
46854,Female,0,0,No,children,Sarcoma,82.64,14.5,Unknown,0
8168,Female,0,0,Yes,none,Non-Sarcoma,112.54,23.4,anti-PD1-CTLA4,0
30405,Female,0,0,No,none,Non-Sarcoma,75.25,39.7,anti-PD1-CTLA4,0
1301,Female,0,0,No,none,Sarcoma,204.77,40.8,anti-PD1,0
42348,Male,0,1,Yes,none,Sarcoma,63.86,29.5,none,0
38560,Male,0,0,Yes,none,Non-Sarcoma,72.2,33,Unknown,0
48129,Female,0,0,Yes,none,Sarcoma,80.08,25.6,anti-PD1,0
10511,Male,0,0,No,children,Sarcoma,101.61,33.1,Unknown,0
42481,Male,0,0,Yes,none,Sarcoma,114.32,28.1,Unknown,0
59872,Female,0,0,Yes,none,Non-Sarcoma,80.82,49.3,anti-PD1,0
56282,Male,0,0,No,none,Non-Sarcoma,90.6,16.9,anti-PD1,0
6540,Female,0,0,Yes,none,Non-Sarcoma,93.67,35.9,Unknown,0
31378,Female,0,0,Yes,none,Non-Sarcoma,87.15,32.1,anti-PD1,0
32317,Female,0,0,Yes,none,Sarcoma,80.72,34.1,none,0
9948,Male,0,0,No,children,Sarcoma,83.16,15.1,Unknown,0
35182,Female,0,0,Yes,mature,Non-Sarcoma,98.14,42,Unknown,0
5655,Male,0,0,No,children,Sarcoma,83.13,16.8,Unknown,0
51762,Female,0,0,Yes,none,Non-Sarcoma,134.24,28.8,Unknown,0
68193,Male,0,0,Yes,none,Sarcoma,248.37,32.2,none,0
49459,Male,0,0,No,children,Non-Sarcoma,61.75,16.2,Unknown,0
54776,Male,0,0,No,none,Sarcoma,70.55,44.2,Unknown,0
45701,Female,0,1,No,none,Non-Sarcoma,124.38,23.4,anti-PD1-CTLA4,0
7953,Female,0,0,Yes,none,Non-Sarcoma,92.21,31,anti-PD1,0
65508,Male,0,0,Yes,mature,Sarcoma,148.72,28.7,anti-PD1,0
68539,Female,0,0,No,none,Sarcoma,79.25,23.6,Unknown,0
12022,Male,0,0,Yes,mature,Sarcoma,82.09,35.7,none,0
3348,Female,1,0,Yes,none,Sarcoma,194.53,39.5,anti-PD1,0
58466,Male,0,0,Yes,none,Non-Sarcoma,98.84,27.3,Unknown,0
50434,Male,0,0,Yes,mature,Non-Sarcoma,135.74,31.3,anti-PD1-CTLA4,0
49974,Male,0,0,Yes,none,Non-Sarcoma,66.55,33.4,Unknown,0
54574,Female,0,0,No,none,Sarcoma,115.69,29.2,anti-PD1,0
39342,Male,0,0,No,none,Non-Sarcoma,67.76,26,anti-PD1,0
2972,Male,0,0,No,mature,Non-Sarcoma,88.65,18.1,anti-PD1-CTLA4,0
32717,Male,0,0,No,children,Non-Sarcoma,106.11,22.4,Unknown,0
14063,Male,0,1,No,none,Non-Sarcoma,95.49,29.4,Unknown,0
71724,Female,0,0,No,none,Sarcoma,59.07,21.6,anti-PD1,0
4753,Male,0,1,Yes,none,Sarcoma,228.92,27.9,anti-PD1-CTLA4,0
62076,Male,0,0,Yes,none,Non-Sarcoma,62.89,29.6,Unknown,0
6665,Male,0,0,Yes,none,Non-Sarcoma,96.84,30.2,Unknown,0
51385,Male,0,0,Yes,none,Non-Sarcoma,81.25,43.4,none,0
66973,Male,0,0,Yes,none,Sarcoma,92.71,30.5,anti-PD1-CTLA4,0
59671,Female,0,0,No,none,Non-Sarcoma,85.59,33.2,Unknown,0
3946,Female,0,0,Yes,none,Sarcoma,89.06,27.7,anti-PD1,0
17623,Male,0,0,No,none,Sarcoma,87.44,33.5,Unknown,0
50644,Male,0,0,Yes,none,Sarcoma,64.07,28,Unknown,0
54294,Female,0,0,Yes,mature,Sarcoma,79.39,31.5,anti-PD1-CTLA4,0
37507,Female,0,0,No,none,Non-Sarcoma,68.72,25.1,anti-PD1,0
50557,Female,0,0,Yes,none,Sarcoma,222.58,37.4,none,0
21973,Male,0,0,Yes,none,Non-Sarcoma,66.06,30.1,anti-PD1-CTLA4,0
53346,Female,0,0,Yes,none,Non-Sarcoma,156.43,27,anti-PD1-CTLA4,0
41210,Male,0,0,No,none,Sarcoma,105.76,32.4,anti-PD1-CTLA4,0
29078,Male,0,0,Yes,mature,Non-Sarcoma,73.07,26.8,none,0
24873,Female,0,0,Yes,none,Non-Sarcoma,99.48,27.2,anti-PD1,0
15387,Male,0,0,No,none,Non-Sarcoma,79.6,36.7,Unknown,0
63880,Female,0,0,Yes,none,Sarcoma,70,36,anti-PD1,0
49833,Female,0,0,Yes,mature,Non-Sarcoma,112.98,37.2,anti-PD1-CTLA4,0
43773,Male,0,0,No,children,Sarcoma,61.07,19.1,Unknown,0
53095,Male,0,0,No,children,Non-Sarcoma,63.43,21.8,Unknown,0
56185,Female,0,0,No,none,Sarcoma,73.2,26.5,none,0
57043,Female,0,0,Yes,none,Sarcoma,102.73,35,anti-PD1-CTLA4,0
55545,Female,0,0,Yes,none,Non-Sarcoma,74.88,32.6,anti-PD1,0
60899,Female,0,0,Yes,none,Sarcoma,122.43,23.9,anti-PD1,0
16136,Female,0,0,Yes,none,Sarcoma,84.21,33.7,anti-PD1,0
11843,Female,0,0,Yes,none,Non-Sarcoma,80.42,29.4,anti-PD1-CTLA4,0
3609,Male,0,0,Yes,none,Sarcoma,80.44,29,anti-PD1,0
29172,Female,0,0,Yes,none,Non-Sarcoma,80.63,20.2,anti-PD1,0
49894,Female,1,1,Yes,none,Non-Sarcoma,206.53,N/A,anti-PD1,0
6048,Female,0,0,Yes,none,Sarcoma,104.12,27.4,anti-PD1,0
16029,Female,0,0,Yes,none,Non-Sarcoma,96.82,25,anti-PD1,0
63022,Female,0,0,Yes,none,Sarcoma,88.1,30.7,anti-PD1,0
40041,Male,0,0,No,none,Non-Sarcoma,64.85,23,Unknown,0
6924,Female,0,0,Yes,none,Non-Sarcoma,102.87,26.6,none,0
22590,Male,0,0,No,children,Sarcoma,83.75,18.1,Unknown,0
25878,Male,0,0,Yes,none,Non-Sarcoma,97.68,47.1,anti-PD1-CTLA4,0
11169,Female,0,0,Yes,none,Sarcoma,97.58,29.7,anti-PD1-CTLA4,0
44355,Female,0,0,Yes,none,Non-Sarcoma,74.16,19.9,anti-PD1,0
31113,Female,0,0,No,children,Sarcoma,86,13.3,Unknown,0
46514,Female,0,0,Yes,mature,Sarcoma,100.93,32.7,anti-PD1,0
67466,Male,1,0,Yes,none,Sarcoma,232.78,31.8,anti-PD1-CTLA4,0
3612,Male,0,0,Yes,none,Non-Sarcoma,86.96,31.4,anti-PD1-CTLA4,0
66590,Female,0,0,Yes,none,Sarcoma,67.5,20.4,anti-PD1-CTLA4,0
19611,Male,0,0,Yes,none,Sarcoma,81.21,33.2,none,0
47216,Male,0,0,Yes,none,Non-Sarcoma,110.14,30.5,none,0
55591,Male,0,0,Yes,none,Sarcoma,120.44,30.3,anti-PD1,0
24381,Male,0,1,Yes,none,Sarcoma,187.47,34.2,anti-PD1,0
8037,Male,0,1,No,mature,Sarcoma,94.62,34.4,Unknown,0
23911,Female,0,0,No,none,Non-Sarcoma,89.57,48.1,anti-PD1,0
31596,Female,0,0,No,none,Sarcoma,95.31,22.8,anti-PD1,0
44647,Male,0,0,No,mature,Non-Sarcoma,75.07,30.5,anti-PD1,0
51486,Female,0,0,Yes,none,Non-Sarcoma,106.65,35.9,anti-PD1-CTLA4,0
18263,Female,0,0,Yes,none,Sarcoma,234.06,33.7,anti-PD1,0
41930,Male,0,0,No,none,Non-Sarcoma,144.15,24.1,anti-PD1,0
45922,Female,0,0,No,none,Sarcoma,58.81,25.4,anti-PD1,0
52934,Male,0,0,Yes,none,Sarcoma,242.62,25.5,anti-PD1,0
18020,Male,0,0,Yes,none,Sarcoma,93.04,29.2,anti-PD1,0
2044,Female,0,1,Yes,none,Non-Sarcoma,65.68,N/A,Unknown,0
63467,Male,0,0,No,children,Sarcoma,150,17.4,Unknown,0
38642,Male,0,0,Yes,none,Sarcoma,63.56,29.9,Unknown,0
5387,Female,0,0,No,none,Non-Sarcoma,96.98,21.5,anti-PD1,0
68417,Female,0,0,No,none,Non-Sarcoma,66.7,24.7,anti-PD1,0
22477,Male,0,0,Yes,none,Non-Sarcoma,79.66,25.1,Unknown,0
23968,Female,0,0,Yes,mature,Non-Sarcoma,90.16,34.4,anti-PD1,0
8111,Female,0,0,No,none,Non-Sarcoma,104.09,27.9,Unknown,0
15282,Female,0,0,Yes,none,Non-Sarcoma,90.96,31.5,anti-PD1-CTLA4,0
54395,Female,1,0,Yes,none,Non-Sarcoma,152.38,31.8,anti-PD1,0
25408,Female,0,0,Yes,none,Non-Sarcoma,114.54,30.1,none,0
69284,Female,1,0,Yes,none,Sarcoma,174.54,26.4,anti-PD1,0
28348,Female,0,0,Yes,none,Non-Sarcoma,106.47,27.2,Unknown,0
46015,Female,0,0,No,none,Sarcoma,73.63,22.5,none,0
69047,Female,0,0,Yes,mature,Sarcoma,98.52,29.8,anti-PD1-CTLA4,0
39706,Male,0,0,Yes,none,Non-Sarcoma,62.93,26.1,none,0
9143,Female,0,0,No,none,Sarcoma,67.87,24.9,anti-PD1-CTLA4,0
64879,Female,0,0,No,children,Non-Sarcoma,120.43,23.5,Unknown,0
17130,Female,0,0,No,none,Non-Sarcoma,76.56,30.1,anti-PD1,0
16420,Female,0,0,Yes,none,Sarcoma,108.03,37.3,anti-PD1,0
7529,Male,0,0,Yes,none,Non-Sarcoma,83.16,25.5,anti-PD1-CTLA4,0
54022,Female,0,0,Yes,none,Non-Sarcoma,67.9,35.3,anti-PD1,0
35660,Male,0,0,No,none,Non-Sarcoma,115.46,27.6,Unknown,0
50605,Female,0,0,Yes,none,Non-Sarcoma,123.94,28.7,anti-PD1,0
27803,Female,0,0,Yes,mature,Sarcoma,231.54,29.9,anti-PD1,0
68981,Female,1,0,Yes,mature,Sarcoma,219.8,34.2,anti-PD1-CTLA4,0
61505,Female,0,0,No,none,Non-Sarcoma,187.99,24.9,none,0
70677,Male,0,0,Yes,none,Non-Sarcoma,234.45,36.8,anti-PD1-CTLA4,0
49620,Male,0,0,Yes,none,Non-Sarcoma,75.47,24.5,anti-PD1-CTLA4,0
5319,Male,0,0,Yes,none,Non-Sarcoma,98.24,34.6,anti-PD1,0
51100,Male,0,0,Yes,mature,Non-Sarcoma,66.2,30,Unknown,0
163,Female,0,0,No,none,Non-Sarcoma,94.67,28.8,Unknown,0
55140,Male,1,0,No,none,Sarcoma,75.95,28.6,anti-PD1,0
52882,Female,0,0,Yes,mature,Non-Sarcoma,111.79,23.6,none,0
54344,Female,0,0,No,children,Non-Sarcoma,80.89,20.1,Unknown,0
2550,Female,0,0,Yes,mature,Non-Sarcoma,86.91,21.1,anti-PD1-CTLA4,0
58610,Female,0,0,Yes,none,Sarcoma,59.36,34.1,none,0
16902,Female,0,1,Yes,none,Sarcoma,240.69,N/A,none,0
60603,Female,0,0,No,none,Non-Sarcoma,66.67,29.5,anti-PD1,0
808,Female,0,0,No,none,Non-Sarcoma,87.54,37.8,anti-PD1,0
61881,Male,0,0,No,none,Sarcoma,139.87,31.2,none,0
41600,Male,0,0,Yes,none,Non-Sarcoma,67.92,31.1,anti-PD1,0
12786,Female,0,0,Yes,none,Sarcoma,83.62,34.2,Unknown,0
11935,Female,0,0,No,children,Non-Sarcoma,110.97,17.7,Unknown,0
44655,Female,0,0,Yes,none,Non-Sarcoma,70.53,39.2,anti-PD1,0
48644,Female,0,0,Yes,none,Non-Sarcoma,115.91,22.2,anti-PD1-CTLA4,0
41527,Male,0,0,Yes,none,Sarcoma,59.74,29.5,none,0
50975,Male,0,0,Yes,none,Non-Sarcoma,62.64,27,anti-PD1,0
49179,Male,0,0,No,children,Non-Sarcoma,84.81,16.8,anti-PD1,0
27509,Female,1,0,Yes,none,Sarcoma,78.68,23.3,anti-PD1,0
19191,Male,0,0,Yes,none,Sarcoma,217.57,33.5,anti-PD1-CTLA4,0
25149,Female,0,0,No,children,Non-Sarcoma,79.76,15.6,Unknown,0
42626,Female,1,0,Yes,mature,Non-Sarcoma,63.28,28.2,anti-PD1,0
2578,Male,0,0,No,mature,Non-Sarcoma,78.48,22.6,anti-PD1,0
55975,Female,0,0,Yes,mature,Non-Sarcoma,70.48,20.2,anti-PD1,0
62182,Female,0,0,No,none,Non-Sarcoma,120.96,22.2,anti-PD1-CTLA4,0
12037,Female,0,0,Yes,none,Non-Sarcoma,77.29,22.6,anti-PD1,0
21963,Male,0,0,Yes,none,Sarcoma,108.51,26.7,Unknown,0
26250,Male,0,0,No,none,Sarcoma,113.85,22.9,Unknown,0
13960,Female,0,0,No,Never_worked,Sarcoma,97.65,21.5,Unknown,0
56573,Male,0,0,Yes,none,Non-Sarcoma,121.83,30.3,anti-PD1-CTLA4,0
10659,Female,0,0,No,children,Sarcoma,81.53,14.8,Unknown,0
50763,Male,0,0,Yes,mature,Sarcoma,58.35,24.3,anti-PD1,0
62075,Female,0,0,Yes,none,Sarcoma,65.42,17.4,anti-PD1-CTLA4,0
10119,Male,0,0,Yes,none,Non-Sarcoma,69.34,29,anti-PD1,0
48127,Male,0,0,Yes,none,Sarcoma,109.09,26.3,none,0
65892,Female,0,0,Yes,none,Sarcoma,66.71,51.7,anti-PD1,0
33370,Female,0,0,Yes,none,Non-Sarcoma,114.92,29.2,Unknown,0
59049,Female,0,0,No,none,Non-Sarcoma,120.58,18.3,anti-PD1,0
53896,Female,0,0,No,none,Non-Sarcoma,165.36,21.9,none,0
21980,Male,0,0,No,children,Sarcoma,66.11,16.3,Unknown,0
70497,Female,1,1,Yes,none,Non-Sarcoma,126.34,27.4,none,0
58652,Female,0,0,No,Never_worked,Non-Sarcoma,68.27,20.4,anti-PD1,0
30335,Male,0,0,No,none,Non-Sarcoma,92.86,23.2,anti-PD1,0
26305,Male,0,0,No,none,Non-Sarcoma,96.77,30.3,anti-PD1-CTLA4,0
31227,Male,0,0,No,children,Non-Sarcoma,89.24,16.7,Unknown,0
5581,Female,0,0,Yes,none,Non-Sarcoma,89.32,31,anti-PD1-CTLA4,0
1989,Male,0,0,Yes,none,Non-Sarcoma,107.06,N/A,none,0
43803,Female,0,0,Yes,none,Sarcoma,65.63,33.5,none,0
41395,Male,0,0,No,children,Sarcoma,123.66,17,Unknown,0
71784,Male,0,0,No,none,Non-Sarcoma,63.82,19.4,none,0
57979,Male,0,0,No,children,Non-Sarcoma,108.06,14.6,Unknown,0
54437,Male,0,0,Yes,none,Non-Sarcoma,136.18,32.2,Unknown,0
67159,Male,1,0,No,mature,Sarcoma,71.29,37.7,anti-PD1,0
7230,Male,0,0,Yes,mature,Non-Sarcoma,76.58,27.4,anti-PD1,0
68306,Male,0,0,No,none,Non-Sarcoma,119.58,25,anti-PD1,0
33087,Female,0,0,No,children,Sarcoma,109.3,20.1,Unknown,0
40850,Female,0,0,Yes,mature,Sarcoma,111.94,21.7,anti-PD1,0
57612,Male,0,0,Yes,none,Sarcoma,81.64,38.2,anti-PD1,0
37029,Male,0,0,No,children,Non-Sarcoma,97.64,17,Unknown,0
338,Female,0,0,Yes,none,Non-Sarcoma,110.32,28.4,anti-PD1,0
9565,Female,0,0,No,none,Non-Sarcoma,79,30,anti-PD1,0
3623,Female,0,0,Yes,none,Sarcoma,95.08,34.1,anti-PD1,0
69723,Male,0,0,No,none,Sarcoma,137.27,19.3,anti-PD1,0
47662,Female,0,0,No,none,Sarcoma,57.83,21.6,none,0
58495,Male,0,0,Yes,none,Non-Sarcoma,84.08,32.9,anti-PD1,0
71222,Male,1,0,Yes,none,Sarcoma,234.51,27.2,anti-PD1-CTLA4,0
37865,Male,0,0,Yes,none,Sarcoma,142.64,27.8,none,0
20185,Female,0,0,Yes,none,Non-Sarcoma,69.77,29.9,anti-PD1,0
41875,Female,0,0,Yes,none,Sarcoma,71.4,28.4,none,0
67602,Female,0,0,No,none,Sarcoma,79.61,24.1,Unknown,0
40387,Female,0,0,No,none,Non-Sarcoma,77.46,24,Unknown,0
43208,Female,0,0,No,none,Sarcoma,96.85,23.4,Unknown,0
54324,Female,1,0,No,mature,Sarcoma,182.22,32.6,anti-PD1-CTLA4,0
51110,Female,0,0,Yes,none,Sarcoma,67.26,33.1,anti-PD1-CTLA4,0
36969,Female,0,0,Yes,none,Non-Sarcoma,60.02,33.8,anti-PD1-CTLA4,0
48118,Female,0,0,Yes,none,Sarcoma,113.45,30.3,anti-PD1,0
4607,Female,0,0,Yes,none,Sarcoma,112.31,36.9,Unknown,0
62471,Female,0,0,Yes,none,Non-Sarcoma,68.53,29.7,anti-PD1,0
43821,Female,1,0,Yes,none,Non-Sarcoma,57.15,38.8,anti-PD1,0
7218,Female,0,0,Yes,none,Non-Sarcoma,214.73,30.9,anti-PD1,0
23427,Female,0,0,Yes,none,Non-Sarcoma,91.82,36.9,Unknown,0
66014,Female,0,0,No,children,Sarcoma,71.8,18.8,Unknown,0
41652,Female,0,0,No,none,Sarcoma,63.41,25.5,anti-PD1-CTLA4,0
16605,Male,0,0,Yes,none,Sarcoma,106.24,32.3,anti-PD1,0
42091,Male,0,0,Yes,mature,Non-Sarcoma,83.01,25.8,none,0
66067,Male,0,0,Yes,none,Non-Sarcoma,67.92,31.1,anti-PD1-CTLA4,0
50222,Female,0,0,No,none,Non-Sarcoma,74.99,27.9,none,0
41214,Female,0,0,No,children,Non-Sarcoma,75.22,18.6,Unknown,0
72386,Female,0,0,No,none,Sarcoma,61.88,20.1,anti-PD1,0
14918,Female,0,0,Yes,none,Sarcoma,65.67,26.7,none,0
55457,Female,0,0,Yes,none,Sarcoma,110.18,30.3,none,0
63323,Male,1,0,Yes,none,Non-Sarcoma,119.3,30.4,anti-PD1-CTLA4,0
35446,Male,0,0,Yes,mature,Non-Sarcoma,208.69,30,Unknown,0
8208,Male,0,0,No,none,Non-Sarcoma,95.18,24.9,none,0
5131,Female,0,0,Yes,none,Sarcoma,107.72,60.9,Unknown,0
68157,Male,0,0,No,children,Non-Sarcoma,83.27,24.3,Unknown,0
4795,Female,0,0,No,none,Non-Sarcoma,90.29,38.7,Unknown,0
7581,Male,0,0,No,children,Sarcoma,81.87,18.6,Unknown,0
47383,Male,0,0,No,children,Sarcoma,153.31,17.1,Unknown,0
14036,Male,0,0,Yes,none,Non-Sarcoma,101.46,29.4,Unknown,0
25942,Female,0,0,No,children,Sarcoma,72.49,16.9,Unknown,0
24018,Male,0,0,Yes,none,Non-Sarcoma,86.58,34.2,anti-PD1,0
27801,Female,0,0,Yes,none,Sarcoma,113.26,27.6,anti-PD1,0
52978,Female,0,0,Yes,none,Sarcoma,84.92,47.8,anti-PD1,0
15593,Female,0,0,No,children,Sarcoma,128.17,18.9,Unknown,0
11098,Male,0,0,Yes,mature,Non-Sarcoma,93.93,24.4,anti-PD1-CTLA4,0
12015,Male,0,0,No,children,Sarcoma,99.87,25.2,Unknown,0
47348,Female,0,0,Yes,none,Sarcoma,129.31,30.7,anti-PD1-CTLA4,0
44155,Female,0,0,Yes,mature,Sarcoma,89.43,26.1,anti-PD1-CTLA4,0
62656,Female,0,0,No,children,Non-Sarcoma,101.6,25.3,anti-PD1,0
8838,Female,0,0,No,none,Non-Sarcoma,66.55,32.8,none,0
42563,Female,1,1,Yes,none,Non-Sarcoma,231.72,45.7,anti-PD1-CTLA4,0
31254,Female,0,0,No,none,Sarcoma,96.69,24.6,Unknown,0
27922,Male,0,0,Yes,none,Non-Sarcoma,102.13,32.3,anti-PD1,0
1696,Female,0,0,Yes,none,Sarcoma,100.88,47.6,none,0
54162,Male,0,0,Yes,none,Non-Sarcoma,66.22,34.4,Unknown,0
70396,Female,0,0,No,children,Sarcoma,109.33,18.2,Unknown,0
65907,Female,0,0,Yes,none,Sarcoma,206.53,44.5,none,0
49451,Female,0,0,Yes,none,Non-Sarcoma,83.91,36.6,Unknown,0
68601,Female,0,0,No,none,Sarcoma,67.92,19.4,anti-PD1,0
13236,Female,0,0,No,children,Non-Sarcoma,73.48,22.9,Unknown,0
65998,Male,0,0,No,children,Non-Sarcoma,101.31,20,Unknown,0
5875,Female,0,0,Yes,none,Sarcoma,103.66,36.1,none,0
47427,Male,0,0,Yes,none,Sarcoma,70.73,27.3,anti-PD1-CTLA4,0
29734,Female,0,0,No,mature,Non-Sarcoma,77.45,42.2,anti-PD1-CTLA4,0
72715,Female,0,1,Yes,none,Sarcoma,193.8,26.4,anti-PD1,0
59847,Female,0,0,No,children,Non-Sarcoma,114.34,23.6,anti-PD1,0
59911,Male,0,0,No,children,Sarcoma,69.25,18.6,Unknown,0
13583,Female,0,0,No,children,Non-Sarcoma,88.44,18,Unknown,0
22897,Male,0,0,Yes,none,Non-Sarcoma,84.09,31.1,anti-PD1-CTLA4,0
11898,Female,0,0,Yes,none,Sarcoma,87.06,30,anti-PD1,0
14785,Female,0,0,Yes,none,Non-Sarcoma,92.64,43.8,anti-PD1,0
45163,Female,0,0,Yes,none,Sarcoma,99.36,23.8,none,0
57254,Female,0,0,Yes,none,Non-Sarcoma,135.63,36.2,anti-PD1-CTLA4,0
30658,Male,0,0,No,children,Non-Sarcoma,82.44,32.6,Unknown,0
32617,Male,0,0,No,children,Sarcoma,81.88,18,Unknown,0
65376,Female,0,0,Yes,none,Sarcoma,95.44,25.5,none,0
1731,Female,0,0,No,none,Sarcoma,72.71,29.9,anti-PD1,0
38441,Female,0,0,Yes,none,Sarcoma,65.45,32.1,anti-PD1,0
22147,Female,0,0,Yes,none,Sarcoma,203.01,25.4,anti-PD1,0
50663,Female,0,0,Yes,mature,Sarcoma,110.84,23.4,none,0
19165,Male,0,0,Yes,none,Sarcoma,83.12,23.4,Unknown,0
60562,Female,0,0,No,none,Non-Sarcoma,55.12,21.8,anti-PD1,0
22013,Female,0,0,No,none,Non-Sarcoma,105.91,30.8,anti-PD1,0
39936,Female,0,0,Yes,none,Non-Sarcoma,61.57,37.9,anti-PD1-CTLA4,0
6517,Female,0,0,Yes,mature,Sarcoma,83.1,42.5,none,0
62576,Female,0,0,Yes,none,Sarcoma,66.32,23.4,anti-PD1,0
18636,Female,0,0,Yes,mature,Sarcoma,72.56,35.4,anti-PD1,0
24299,Male,1,0,Yes,none,Non-Sarcoma,97.99,32.3,none,0
40826,Female,0,0,No,none,Sarcoma,63.27,27,anti-PD1,0
53323,Female,0,0,No,mature,Sarcoma,79.6,46.3,anti-PD1,0
28717,Female,1,0,Yes,none,Non-Sarcoma,177.56,30.1,anti-PD1,0
53028,Female,0,0,Yes,none,Non-Sarcoma,81.31,34.7,anti-PD1,0
57757,Female,0,0,Yes,none,Non-Sarcoma,59.91,18.3,anti-PD1,0
54795,Female,0,0,No,children,Non-Sarcoma,132.85,16.2,anti-PD1,0
70267,Male,0,0,Yes,none,Non-Sarcoma,198.84,33.2,anti-PD1-CTLA4,0
34084,Male,0,0,No,children,Sarcoma,77.12,18.6,Unknown,0
20258,Male,0,0,No,none,Sarcoma,87.17,25.1,anti-PD1,0
65333,Female,0,0,Yes,none,Non-Sarcoma,96.03,24.1,Unknown,0
56629,Female,0,0,No,none,Non-Sarcoma,83.56,33.1,Unknown,0
22417,Female,0,0,No,children,Non-Sarcoma,80.93,24.8,Unknown,0
49925,Female,0,0,Yes,none,Non-Sarcoma,84.54,23.4,none,0
72696,Female,0,0,Yes,none,Sarcoma,70.51,54.1,anti-PD1,0
39708,Male,0,0,Yes,none,Non-Sarcoma,56.87,28.9,anti-PD1-CTLA4,0
60426,Female,0,0,Yes,none,Sarcoma,67.55,38.1,Unknown,0
70540,Female,0,0,Yes,none,Sarcoma,243.52,37.2,none,0
37622,Female,0,0,No,children,Sarcoma,108.63,19.6,Unknown,0
44813,Female,0,0,No,none,Non-Sarcoma,69.06,29,none,0
47153,Female,0,0,Yes,none,Sarcoma,73.89,26.7,anti-PD1-CTLA4,0
8175,Male,0,0,No,none,Sarcoma,84.49,20.5,anti-PD1,0
61528,Female,0,0,Yes,mature,Sarcoma,73.71,34.1,anti-PD1,0
38771,Female,0,0,No,mature,Sarcoma,129.01,42.4,Unknown,0
31189,Male,0,0,Yes,mature,Sarcoma,72.96,37.7,none,0
27804,Male,0,0,No,none,Non-Sarcoma,110.23,39.1,Unknown,0
41842,Male,0,0,Yes,mature,Non-Sarcoma,79.49,28.9,Unknown,0
11962,Male,0,0,Yes,none,Sarcoma,89.33,30.7,anti-PD1,0
45404,Female,0,0,Yes,none,Non-Sarcoma,68.38,33.8,Unknown,0
4062,Male,0,1,Yes,none,Non-Sarcoma,238.27,N/A,none,0
63650,Female,0,0,Yes,mature,Sarcoma,135.79,32.1,anti-PD1-CTLA4,0
72186,Female,0,0,No,none,Non-Sarcoma,82.19,40.5,anti-PD1,0
40240,Male,1,0,Yes,none,Sarcoma,93.2,24.8,none,0
25931,Female,0,0,Yes,none,Sarcoma,208.31,31.8,anti-PD1-CTLA4,0
21292,Male,0,0,Yes,none,Non-Sarcoma,111.33,27,anti-PD1,0
25391,Female,0,0,No,children,Non-Sarcoma,69.84,13.7,Unknown,0
65469,Male,0,0,No,children,Non-Sarcoma,121.71,23.4,anti-PD1,0
29487,Male,0,0,No,children,Sarcoma,80.08,16.4,Unknown,0
63575,Male,0,0,No,children,Sarcoma,84.4,14.9,Unknown,0
30457,Female,1,0,Yes,mature,Non-Sarcoma,98.61,38.8,none,0
5951,Male,1,0,No,none,Sarcoma,86.61,38.6,none,0
8690,Female,0,0,Yes,none,Sarcoma,80.44,32.2,anti-PD1,0
32147,Male,0,0,No,children,Non-Sarcoma,107.02,N/A,Unknown,0
47691,Male,0,0,No,none,Non-Sarcoma,97.23,30.6,anti-PD1,0
25982,Male,0,0,No,none,Non-Sarcoma,91.21,28.1,anti-PD1-CTLA4,0
70058,Female,1,0,Yes,none,Sarcoma,103.69,35.2,none,0
61868,Female,0,0,Yes,none,Sarcoma,74.12,21.8,anti-PD1-CTLA4,0
46086,Female,0,0,Yes,none,Sarcoma,71.08,28.1,anti-PD1,0
68596,Female,0,0,No,none,Sarcoma,58.39,28.2,anti-PD1,0
10281,Female,1,0,Yes,none,Non-Sarcoma,176.34,28.4,anti-PD1,0
31409,Male,0,0,Yes,none,Non-Sarcoma,73.76,37.4,anti-PD1,0
54067,Female,0,0,No,none,Non-Sarcoma,67.21,21.8,anti-PD1-CTLA4,0
9731,Male,0,0,No,children,Sarcoma,87.98,19.8,Unknown,0
24009,Male,0,0,No,children,Sarcoma,94.23,16.2,Unknown,0
61694,Male,0,0,Yes,none,Non-Sarcoma,111.36,33.6,anti-PD1,0
7453,Female,0,0,Yes,none,Sarcoma,84.07,21.2,none,0
66405,Female,0,0,Yes,none,Sarcoma,117.31,28.4,anti-PD1,0
2138,Male,0,0,Yes,mature,Sarcoma,84.94,N/A,anti-PD1,0
66650,Female,0,0,No,none,Sarcoma,68.86,41.1,anti-PD1,0
59945,Female,0,0,No,none,Sarcoma,132.88,24.9,anti-PD1,0
16245,Male,1,0,Yes,none,Non-Sarcoma,211.83,56.6,anti-PD1,0
68094,Female,0,0,Yes,none,Non-Sarcoma,124.92,28.8,Unknown,0
64661,Female,0,0,No,none,Sarcoma,57.42,33.7,anti-PD1,0
61376,Male,0,0,Yes,none,Sarcoma,215.69,38.6,anti-PD1-CTLA4,0
47236,Female,0,0,Yes,none,Sarcoma,154.67,33.8,anti-PD1,0
875,Female,0,0,No,none,Sarcoma,67.66,22.4,anti-PD1,0
63986,Male,0,0,Yes,none,Non-Sarcoma,153.48,37.3,anti-PD1,0
55410,Female,0,0,Yes,none,Sarcoma,62.63,23.4,anti-PD1,0
63287,Female,0,0,Yes,none,Sarcoma,77.93,39.1,none,0
3720,Female,0,0,No,children,Non-Sarcoma,80.3,21.2,Unknown,0
20274,Male,0,0,Yes,none,Sarcoma,106.69,31.2,Unknown,0
50338,Female,0,0,Yes,none,Sarcoma,83.07,28,anti-PD1-CTLA4,0
58209,Female,0,0,No,none,Sarcoma,140.14,21.1,anti-PD1,0
20634,Female,0,0,No,children,Sarcoma,92.65,15.7,anti-PD1,0
3251,Male,0,0,Yes,none,Sarcoma,111.37,29.1,anti-PD1-CTLA4,0
12677,Female,0,0,Yes,none,Non-Sarcoma,99,26.1,anti-PD1,0
45160,Male,0,0,No,children,Non-Sarcoma,78.24,16.2,Unknown,0
67940,Female,0,0,Yes,mature,Non-Sarcoma,83.88,27.1,anti-PD1,0
8145,Male,0,0,No,none,Sarcoma,86.21,28.8,none,0
39393,Female,0,0,Yes,none,Sarcoma,57.06,37.9,anti-PD1,0
57710,Female,0,0,Yes,none,Non-Sarcoma,112.25,21.6,Unknown,0
12487,Male,0,0,Yes,none,Sarcoma,81.06,30.1,none,0
16513,Male,0,0,Yes,none,Sarcoma,104.37,29.7,anti-PD1,0
42297,Female,0,0,Yes,none,Sarcoma,124.31,26.4,Unknown,0
63656,Female,0,0,No,none,Sarcoma,101.95,46,anti-PD1-CTLA4,0
56233,Female,0,0,No,none,Non-Sarcoma,116.95,26.1,anti-PD1,0
22591,Female,0,0,No,children,Sarcoma,99.76,23.2,Unknown,0
23757,Female,0,0,No,none,Sarcoma,105.48,28.4,Unknown,0
19601,Female,0,0,No,none,Sarcoma,100.6,20.5,anti-PD1,0
61801,Male,0,0,No,none,Sarcoma,65.05,24.6,Unknown,0
949,Male,0,0,No,none,Non-Sarcoma,75.9,32.2,anti-PD1,0
10995,Male,1,0,Yes,none,Non-Sarcoma,267.6,30.5,anti-PD1,0
1503,Male,0,0,No,none,Sarcoma,215.07,N/A,none,0
37431,Female,0,0,Yes,mature,Sarcoma,109.03,24.9,Unknown,0
53697,Male,0,1,Yes,none,Non-Sarcoma,225.35,26.5,none,0
67012,Male,1,0,Yes,none,Non-Sarcoma,196.26,34.5,Unknown,0
30525,Female,0,0,Yes,mature,Sarcoma,95.42,21.5,anti-PD1-CTLA4,0
25860,Female,0,0,No,children,Non-Sarcoma,123.04,15.9,Unknown,0
21743,Male,0,0,No,children,Sarcoma,85.88,17.7,Unknown,0
25833,Female,0,0,Yes,none,Non-Sarcoma,107.43,26.5,anti-PD1,0
64652,Female,0,0,Yes,none,Non-Sarcoma,56.85,24.4,anti-PD1,0
45710,Female,0,0,Yes,mature,Non-Sarcoma,102.15,26.6,Unknown,0
27853,Female,0,0,Yes,none,Non-Sarcoma,88.68,23.9,anti-PD1,0
5964,Female,0,0,Yes,none,Sarcoma,182.52,30.1,Unknown,0
6976,Female,0,0,Yes,none,Sarcoma,93.97,23.6,anti-PD1,0
11145,Female,0,0,No,children,Sarcoma,104.03,18.4,Unknown,0
39229,Female,0,0,Yes,none,Non-Sarcoma,67.99,32.1,anti-PD1,0
14189,Male,0,0,No,none,Non-Sarcoma,83.37,24.4,Unknown,0
49929,Male,0,0,No,none,Non-Sarcoma,124.66,27.3,anti-PD1,0
56328,Female,0,0,Yes,none,Non-Sarcoma,212.87,34.8,anti-PD1,0
26742,Female,0,0,Yes,mature,Sarcoma,96.75,28.4,anti-PD1-CTLA4,0
63158,Male,0,0,No,none,Sarcoma,63.28,40.2,Unknown,0
27435,Female,0,0,No,none,Sarcoma,82.64,31.1,Unknown,0
10829,Female,0,0,No,none,Non-Sarcoma,71.34,24,anti-PD1,0
70593,Female,0,0,Yes,none,Non-Sarcoma,183.43,38.1,anti-PD1-CTLA4,0
42647,Female,0,0,Yes,mature,Sarcoma,101.19,29.9,anti-PD1-CTLA4,0
48109,Female,0,1,Yes,none,Non-Sarcoma,88.51,24.5,anti-PD1,0
40732,Female,0,0,Yes,none,Non-Sarcoma,126.85,49.5,anti-PD1-CTLA4,0
58635,Female,0,0,Yes,none,Sarcoma,74.17,35.5,anti-PD1-CTLA4,0
844,Female,0,0,Yes,none,Sarcoma,76.04,29.5,none,0
14688,Female,0,0,Yes,none,Sarcoma,73.87,28.8,none,0
23026,Female,0,0,Yes,none,Non-Sarcoma,99.07,22.1,anti-PD1,0
30463,Male,0,0,No,none,Sarcoma,82.93,29.4,anti-PD1-CTLA4,0
50140,Female,0,0,Yes,mature,Non-Sarcoma,133.24,45,none,0
36837,Female,0,0,Yes,none,Sarcoma,69.88,27.1,anti-PD1,0
57333,Female,0,0,Yes,mature,Non-Sarcoma,69.12,28.3,Unknown,0
19826,Female,0,0,Yes,none,Non-Sarcoma,86.05,20.1,anti-PD1-CTLA4,0
37713,Male,0,0,Yes,none,Sarcoma,185.27,31.3,anti-PD1,0
6278,Male,0,0,No,children,Sarcoma,97.46,17.6,Unknown,0
15517,Female,0,0,Yes,none,Sarcoma,81.9,24.5,anti-PD1,0
25326,Female,0,0,No,none,Non-Sarcoma,99.58,24.1,Unknown,0
57034,Female,0,0,No,none,Non-Sarcoma,124.54,31.3,anti-PD1,0
70718,Male,0,0,Yes,none,Non-Sarcoma,153.34,31.5,anti-PD1,0
47461,Female,0,0,Yes,none,Sarcoma,112.35,29.9,Unknown,0
50091,Female,0,0,No,mature,Sarcoma,160.76,30.2,none,0
62416,Female,0,0,Yes,none,Non-Sarcoma,73.29,27.8,anti-PD1,0
5288,Male,0,0,No,children,Sarcoma,108.08,15.6,Unknown,0
66951,Female,0,0,Yes,none,Sarcoma,206.49,26.3,anti-PD1,0
28335,Male,0,0,Yes,none,Non-Sarcoma,77.42,24.8,anti-PD1,0
67465,Female,0,0,No,none,Non-Sarcoma,117.59,17.1,anti-PD1,0
67426,Female,0,0,No,children,Non-Sarcoma,61.94,20.3,Unknown,0
19508,Female,0,0,No,none,Sarcoma,116.68,18.7,anti-PD1-CTLA4,0
65405,Female,0,0,No,none,Sarcoma,253.86,28.8,anti-PD1-CTLA4,0
49773,Female,0,0,Yes,none,Sarcoma,203.36,28.7,anti-PD1-CTLA4,0
57159,Male,0,0,Yes,none,Non-Sarcoma,125.87,24.6,anti-PD1,0
69710,Female,0,0,No,none,Non-Sarcoma,64.09,25.3,anti-PD1,0
58834,Male,0,0,Yes,mature,Sarcoma,65.33,29.7,Unknown,0
42007,Male,0,0,No,none,Non-Sarcoma,70.15,N/A,anti-PD1-CTLA4,0
5121,Male,0,0,Yes,none,Sarcoma,96.84,21.1,Unknown,0
44878,Male,0,0,Yes,none,Non-Sarcoma,175.92,26.9,none,0
40220,Male,0,0,No,none,Non-Sarcoma,100.65,26.2,anti-PD1-CTLA4,0
19692,Male,0,0,No,none,Non-Sarcoma,112.39,26.3,Unknown,0
27616,Male,0,0,Yes,mature,Non-Sarcoma,81.1,24.8,anti-PD1,0
19801,Female,0,0,Yes,none,Non-Sarcoma,98.3,25,anti-PD1,0
21467,Male,0,0,Yes,none,Sarcoma,89.68,34.6,Unknown,0
25102,Female,0,0,Yes,mature,Sarcoma,95.16,42.7,anti-PD1-CTLA4,0
28788,Male,0,0,Yes,none,Sarcoma,191.15,N/A,none,0
29028,Female,0,0,Yes,none,Non-Sarcoma,91.04,24.5,anti-PD1,0
15581,Male,0,0,No,children,Sarcoma,101.87,19.3,Unknown,0
16738,Female,0,0,Yes,none,Non-Sarcoma,96.86,29.3,anti-PD1,0
31836,Female,0,0,No,children,Sarcoma,91.05,22.1,Unknown,0
43496,Female,0,0,Yes,mature,Sarcoma,55.84,27.8,anti-PD1,0
52677,Female,0,0,Yes,none,Sarcoma,84.04,24.7,anti-PD1,0
11630,Female,0,0,No,none,Sarcoma,92.06,25.3,none,0
53478,Female,0,0,Yes,none,Sarcoma,89.61,41.2,anti-PD1-CTLA4,0
38349,Female,0,0,Yes,mature,Sarcoma,69.92,47.6,anti-PD1,0
48425,Male,0,0,No,none,Non-Sarcoma,89.29,23.4,anti-PD1,0
64420,Female,0,0,Yes,mature,Non-Sarcoma,120.23,22.7,Unknown,0
60271,Male,0,0,Yes,none,Sarcoma,60.22,29.7,anti-PD1-CTLA4,0
38009,Male,0,0,Yes,none,Sarcoma,223.78,32.3,anti-PD1,0
11184,Female,0,0,Yes,none,Non-Sarcoma,211.58,36.9,anti-PD1,0
68967,Male,0,0,Yes,none,Sarcoma,179.38,27.7,Unknown,0
66684,Male,0,0,Yes,none,Non-Sarcoma,193.88,24.3,Unknown,0
7789,Female,0,0,Yes,none,Sarcoma,89.01,37.4,anti-PD1,0
40112,Female,0,0,No,none,Sarcoma,118.41,25.1,anti-PD1,0
65814,Male,0,0,No,none,Sarcoma,138.51,24.3,anti-PD1,0
49598,Male,0,0,Yes,none,Sarcoma,120.03,24.3,anti-PD1-CTLA4,0
15599,Female,0,0,No,none,Sarcoma,91.01,28.7,anti-PD1,0
62425,Female,0,0,No,children,Sarcoma,61.98,16.8,Unknown,0
52652,Male,0,0,Yes,none,Non-Sarcoma,135.32,35.8,Unknown,0
71957,Female,0,0,Yes,none,Non-Sarcoma,58.72,40,none,0
17231,Female,0,0,No,none,Sarcoma,90.42,24.3,anti-PD1,0
30379,Female,0,0,Yes,mature,Sarcoma,104,25.6,none,0
63997,Male,0,0,Yes,none,Sarcoma,102.5,37.8,Unknown,0
39935,Female,0,0,Yes,none,Non-Sarcoma,174.37,23,anti-PD1,0
8203,Male,0,0,No,none,Non-Sarcoma,106.56,21,Unknown,0
27446,Female,0,0,No,children,Sarcoma,76.31,15.5,Unknown,0
42709,Male,0,0,No,children,Sarcoma,77.28,17.1,Unknown,0
22691,Female,0,0,Yes,none,Sarcoma,90.52,28,anti-PD1,0
37680,Male,0,0,Yes,mature,Non-Sarcoma,108.35,40.8,anti-PD1-CTLA4,0
24552,Female,0,0,Yes,none,Non-Sarcoma,72.03,37.5,none,0
72914,Female,0,0,No,none,Sarcoma,90.57,24.2,Unknown,0
29540,Male,0,0,Yes,none,Non-Sarcoma,97.04,26.9,none,0
53525,Female,0,0,Yes,none,Sarcoma,83.89,33.1,anti-PD1-CTLA4,0
65411,Female,0,0,Yes,none,Sarcoma,152.56,21.8,Unknown,0
26214,Female,0,0,Yes,none,Non-Sarcoma,75.93,34.7,anti-PD1-CTLA4,0
22190,Female,1,0,Yes,none,Sarcoma,76.89,30.2,Unknown,0
56714,Female,0,0,No,children,Non-Sarcoma,62.13,16.8,Unknown,0
4211,Male,0,0,No,mature,Non-Sarcoma,100.85,21,none,0
6369,Male,1,0,Yes,none,Non-Sarcoma,95.05,30.9,anti-PD1,0
56799,Male,0,0,Yes,mature,Sarcoma,82.35,38.9,anti-PD1,0
32235,Female,1,0,Yes,mature,Non-Sarcoma,95.02,N/A,none,0
28048,Male,0,0,No,children,Sarcoma,82.38,24.3,Unknown,0
68598,Male,0,0,No,children,Non-Sarcoma,79.15,17.4,Unknown,0
41512,Male,0,0,Yes,mature,Non-Sarcoma,76.62,28.2,anti-PD1,0
64520,Male,0,0,Yes,none,Sarcoma,91.68,40.8,Unknown,0
579,Male,0,0,No,children,Sarcoma,71.88,17.5,Unknown,0
7293,Male,0,0,Yes,none,Non-Sarcoma,83.94,N/A,none,0
68398,Male,1,0,Yes,none,Non-Sarcoma,71.97,28.3,anti-PD1,0
36901,Female,0,0,Yes,none,Sarcoma,97.95,24.5,Unknown,0
45010,Female,0,0,Yes,none,Non-Sarcoma,77.93,21.7,anti-PD1,0
22127,Female,0,0,No,none,Sarcoma,82.85,46.9,Unknown,0
14180,Female,0,0,No,children,Non-Sarcoma,103.08,18.6,Unknown,0
18234,Female,1,0,Yes,none,Sarcoma,83.75,N/A,anti-PD1,0
44873,Female,0,0,Yes,none,Sarcoma,125.2,40,anti-PD1,0
19723,Female,0,0,Yes,none,Non-Sarcoma,82.99,30.6,anti-PD1,0
37544,Male,0,0,Yes,none,Non-Sarcoma,166.29,25.6,anti-PD1-CTLA4,0
44679,Female,0,0,Yes,mature,Sarcoma,85.28,26.2,Unknown,0