id,gender,age,CRP_elevation,diarrhea,diabetes,operation,bilirubin_norm,anemia_level,lines_therapy,smoking_status,prognosis
6921,Female,63,0,0,Yes,yes,low,10,1,never smoked,1
21316,Female,81,0,0,Yes,no,low,11,1,never smoked,1
3762,Male,65,0,0,Yes,yes,low,8,1,never smoked,1
9976,Male,54,0,0,Yes,yes,low,8,1,smokes,1
1509,Female,88,0,0,Yes,no,high,12,1,never smoked,1
33253,Female,64,0,0,Yes,yes,low,12,1,formerly smoked,1
51738,Female,78,0,0,Yes,yes,low,12,4,never smoked,1
476,Female,39,0,0,No,yes,low,12,1,never smoked,1
15399,Female,83,0,0,Yes,yes,high,11,1,never smoked,1
15860,Female,79,0,0,Yes,yes,low,11,2,never smoked,1
6137,Male,58,0,0,Yes,yes,low,9,1,never smoked,1
5293,Male,82,0,1,Yes,no,low,10,2,never smoked,1
470,Male,80,0,0,Yes,yes,low,11,1,never smoked,1
4350,Female,82,0,1,Yes,yes,low,9,2,never smoked,1
3520,Male,64,0,1,Yes,yes,low,10,1,never smoked,1
52359,Female,69,0,0,Yes,no,low,12,2,never smoked,1
35444,Female,82,0,1,Yes,yes,low,8,1,never smoked,1
26162,Female,78,0,0,Yes,yes,low,12,1,never smoked,1
889,Male,71,0,0,No,yes,low,9,1,never smoked,1
8059,Male,71,0,1,No,no,low,8,2,Unknown,1
52567,Male,74,0,0,Yes,no,low,8,2,smokes,1
339,Male,63,0,0,Yes,no,low,12,1,never smoked,1
15356,Male,49,0,0,Yes,no,low,10,1,never smoked,1
59520,Female,54,0,1,Yes,yes,low,8,4,never smoked,1
478,Female,76,0,0,Yes,yes,low,11,1,formerly smoked,1
45788,Female,65,0,0,Yes,no,low,9,2,never smoked,1
32511,Male,82,0,0,Yes,yes,low,8,1,formerly smoked,1
42222,Female,49,0,0,Yes,yes,low,8,3,Unknown,1
17717,Female,82,0,1,Yes,no,low,10,2,smokes,1
30323,Female,82,0,0,Yes,yes,low,11,2,formerly smoked,1
40926,Female,54,1,0,Yes,yes,low,9,1,never smoked,1
9037,Female,77,0,0,Yes,yes,low,10,1,Unknown,1
25239,Male,79,0,0,Yes,no,low,10,3,never smoked,1
2193,Female,69,0,1,Yes,no,low,12,1,formerly smoked,1
12124,Female,73,0,0,No,no,low,9,1,never smoked,1
205,Male,80,1,1,No,yes,high,12,1,formerly smoked,1
5774,Female,67,0,0,Yes,yes,high,12,3,never smoked,1
6751,Male,78,1,0,Yes,yes,high,9,1,formerly smoked,1
25297,Female,63,0,0,No,yes,high,8,1,Unknown,1
58861,Female,63,0,0,Yes,yes,low,12,1,never smoked,1
808,Female,76,0,0,Yes,yes,high,11,1,formerly smoked,1
610,Female,66,0,0,Yes,yes,low,9,1,never smoked,1
46435,Female,54,0,1,Yes,yes,low,9,1,smokes,1
1825,Male,56,0,0,Yes,yes,low,11,1,never smoked,1
4495,Female,83,1,0,Yes,no,low,12,1,smokes,1
1586,Female,81,1,0,Yes,yes,high,8,1,never smoked,1
36255,Male,60,0,1,No,no,low,11,1,Unknown,1
34759,Male,65,0,0,Yes,yes,low,12,1,formerly smoked,1
1947,Female,57,0,0,Yes,no,low,9,1,never smoked,1
31369,Male,50,1,0,Yes,yes,low,12,3,smokes,1
73,Male,70,0,0,No,yes,low,11,1,Unknown,1
385,Female,78,1,0,Yes,yes,low,11,1,formerly smoked,1
38703,Male,58,0,1,Yes,yes,high,10,1,never smoked,1
43433,Male,91,1,0,Yes,no,low,8,1,never smoked,1
4800,Male,57,0,0,Yes,no,low,9,1,never smoked,1
10818,Female,58,0,1,Yes,yes,low,8,1,formerly smoked,1
28905,Male,76,0,0,Yes,yes,low,10,1,never smoked,1
41906,Female,67,0,0,Yes,yes,low,12,1,formerly smoked,1
56439,Female,69,1,0,Yes,no,low,11,1,never smoked,1
2784,Male,79,1,0,Yes,no,low,8,1,never smoked,1
6211,Male,75,0,0,Yes,yes,low,8,1,formerly smoked,1
49986,Male,75,1,0,Yes,yes,low,9,1,never smoked,1
25442,Male,57,1,0,Yes,no,low,11,1,smokes,1
1418,Male,71,0,0,Yes,yes,high,8,1,formerly smoked,1
6214,Female,71,0,0,Yes,yes,low,8,2,Unknown,1
1087,Female,81,1,0,No,yes,low,9,1,never smoked,1
1063,Male,78,0,0,Yes,yes,low,12,2,never smoked,1
5239,Female,48,0,0,Yes,yes,low,10,1,Unknown,1
3020,Female,54,0,0,Yes,yes,low,10,1,formerly smoked,1
148,Male,60,1,0,Yes,no,high,11,1,never smoked,1
44120,Male,60,0,0,Yes,no,high,9,2,formerly smoked,1
123,Male,65,1,0,Yes,yes,high,8,1,formerly smoked,1
20522,Male,91,1,0,Yes,no,high,11,1,never smoked,1
10161,Female,64,0,0,Yes,yes,high,9,1,never smoked,1
10958,Male,67,0,0,Yes,yes,high,11,1,never smoked,1
25207,Male,58,0,1,Yes,no,high,10,1,formerly smoked,1
30388,Female,61,1,0,Yes,yes,low,9,1,never smoked,1
13618,Male,74,0,0,Yes,yes,low,8,1,formerly smoked,1
42474,Male,71,0,0,Yes,yes,low,12,1,never smoked,1
11798,Female,75,0,0,Yes,no,low,8,1,Unknown,1
32354,Female,61,0,0,Yes,yes,high,10,1,Unknown,1
24509,Male,63,0,0,Yes,no,low,8,2,Unknown,1
11235,Male,77,0,0,No,yes,high,9,1,never smoked,1
36647,Male,68,1,0,No,no,low,9,1,never smoked,1
44547,Female,48,0,0,Yes,yes,low,11,1,Unknown,1
2125,Female,80,0,0,Yes,yes,high,12,2,smokes,1
2623,Female,76,0,1,Yes,yes,high,8,1,smokes,1
31627,Male,71,0,1,Yes,yes,high,11,1,formerly smoked,1
9414,Female,81,0,0,Yes,yes,low,10,1,formerly smoked,1
11355,Female,75,0,0,Yes,yes,low,11,1,Unknown,1
9639,Male,54,0,1,Yes,yes,low,10,2,never smoked,1
9744,Female,50,0,0,Yes,yes,low,8,1,never smoked,1
5069,Male,73,0,0,No,no,low,11,1,never smoked,1
2951,Male,82,1,0,Yes,no,low,10,2,never smoked,1
19502,Female,60,0,0,Yes,yes,high,12,1,never smoked,1
1903,Male,65,0,0,Yes,yes,high,11,1,never smoked,1
12640,Male,79,0,0,Yes,no,high,10,2,never smoked,1
47323,Female,82,0,1,Yes,yes,high,11,1,never smoked,1
2314,Female,63,1,0,Yes,no,low,12,1,formerly smoked,1
4494,Male,64,0,0,Yes,no,low,11,1,never smoked,1
10086,Female,49,0,1,Yes,no,low,12,1,Unknown,1
19840,Male,79,0,0,Yes,no,high,11,1,never smoked,1
28751,Male,76,0,0,Yes,yes,high,8,2,formerly smoked,1
3655,Male,76,0,1,Yes,no,high,10,1,Unknown,1
6173,Male,60,0,0,Yes,no,low,8,1,Unknown,1
1505,Female,78,0,0,Yes,yes,low,8,2,smokes,1
11719,Male,54,1,0,Yes,yes,high,11,1,formerly smoked,1
2082,Male,59,0,0,Yes,no,high,11,3,never smoked,1
9487,Male,61,0,0,Yes,yes,high,10,1,never smoked,1
10675,Male,79,0,0,Yes,no,low,12,1,never smoked,1
39226,Female,81,0,1,Yes,yes,high,8,1,formerly smoked,1
2271,Female,61,0,1,Yes,yes,low,11,2,never smoked,1
27216,Male,76,0,0,Yes,no,low,8,1,formerly smoked,1
15845,Male,78,0,0,Yes,yes,high,11,1,never smoked,1
62390,Male,71,0,0,No,no,low,11,1,Unknown,1
37774,Female,79,1,1,No,no,high,9,1,never smoked,1
30823,Female,78,1,0,Yes,no,high,10,1,smokes,1
7439,Female,76,0,0,Yes,yes,low,9,1,smokes,1
19492,Female,81,0,0,No,no,low,8,1,formerly smoked,1
163,Female,56,0,0,Yes,yes,low,11,1,never smoked,1
43637,Male,78,0,0,Yes,yes,high,9,1,formerly smoked,1
18551,Male,57,1,0,Yes,yes,low,8,1,never smoked,1
3340,Female,82,0,0,Yes,yes,high,12,1,never smoked,1
35320,Female,50,1,0,Yes,yes,high,11,1,never smoked,1
1863,Male,76,0,0,Yes,yes,low,8,1,never smoked,1
13340,Male,78,0,0,Yes,no,low,9,1,never smoked,1
1978,Female,63,1,0,Yes,no,low,11,1,formerly smoked,1
64227,Male,80,0,0,Yes,yes,low,10,1,Unknown,1
10802,Female,57,0,0,Yes,no,low,11,1,formerly smoked,1
7864,Male,72,0,0,Yes,no,low,8,1,never smoked,1
15491,Male,76,1,0,Yes,yes,high,12,1,never smoked,1
5105,Male,78,1,0,No,yes,low,11,1,never smoked,1
34755,Female,79,1,0,No,yes,high,11,1,never smoked,1
27081,Male,58,0,0,Yes,yes,high,10,1,formerly smoked,1
6933,Male,75,1,0,Yes,no,high,11,1,never smoked,1
28373,Male,79,0,0,Yes,no,low,8,1,never smoked,1
34942,Female,79,0,0,Yes,yes,low,10,1,formerly smoked,1
508,Male,54,0,0,Yes,yes,low,10,1,Unknown,1
17988,Female,63,1,0,Yes,no,high,9,1,formerly smoked,1
23067,Male,79,0,0,Yes,yes,high,11,1,Unknown,1
3796,Female,54,0,1,Yes,no,high,10,1,never smoked,1
16653,Male,82,0,0,Yes,yes,high,10,1,smokes,1
2146,Male,76,1,0,Yes,yes,low,12,1,never smoked,1
21244,Male,57,1,1,No,no,low,11,1,never smoked,1
10717,Male,70,1,0,Yes,yes,low,9,1,never smoked,1
43694,Female,82,0,0,Yes,yes,low,8,1,formerly smoked,1
18972,Female,78,0,0,Yes,no,low,10,1,formerly smoked,1
32148,Male,65,0,0,Yes,yes,low,9,1,never smoked,1
71998,Male,78,1,0,Yes,no,high,11,1,never smoked,1
43679,Male,82,0,1,Yes,yes,high,9,1,never smoked,1
4091,Male,82,0,0,Yes,yes,high,11,1,never smoked,1
26271,Female,76,0,1,Yes,yes,low,10,1,formerly smoked,1
32334,Male,63,0,0,Yes,no,low,10,1,never smoked,1
11010,Female,72,0,0,Yes,no,low,9,1,smokes,1
36499,Male,79,0,0,Yes,no,high,12,1,never smoked,1
13192,Male,72,0,1,Yes,yes,high,8,1,never smoked,1
26637,Male,73,0,0,Yes,yes,high,12,1,smokes,1
46497,Male,63,0,0,Yes,yes,low,10,1,smokes,1
7318,Male,81,0,0,Yes,no,low,12,1,formerly smoked,1
30162,Male,76,1,0,Yes,no,high,11,1,never smoked,1
26155,Male,56,0,0,Yes,yes,low,8,1,formerly smoked,1
536,Female,58,0,1,Yes,yes,low,12,1,smokes,1
57004,Male,69,0,0,No,yes,low,12,1,Unknown,1
18666,Male,71,1,0,No,yes,low,9,1,never smoked,1
225,Male,82,1,0,Yes,no,low,9,1,formerly smoked,1
34007,Female,80,0,0,Yes,no,low,10,1,formerly smoked,1
24901,Male,49,0,0,Yes,no,high,11,1,Unknown,1
29993,Female,65,1,0,Yes,yes,high,11,1,never smoked,1
5996,Male,58,1,0,No,no,low,10,1,formerly smoked,1
167,Female,78,0,0,Yes,no,high,9,1,never smoked,1
28064,Female,78,0,0,Yes,no,high,12,1,formerly smoked,1
9499,Male,56,1,1,No,no,high,12,1,never smoked,1
19482,Male,79,0,0,Yes,yes,low,10,1,smokes,1
599,Male,79,1,0,Yes,no,high,10,1,formerly smoked,1
12383,Male,57,0,0,Yes,no,high,12,1,formerly smoked,1
10883,Female,61,1,0,Yes,no,high,12,1,never smoked,1
10347,Male,78,0,0,Yes,yes,low,10,1,never smoked,1
10099,Female,61,1,0,Yes,no,high,9,1,formerly smoked,1
28591,Male,75,0,0,Yes,no,low,11,1,Unknown,1
51722,Female,71,0,0,Yes,yes,low,12,1,Unknown,1
7108,Male,58,0,0,Yes,yes,low,11,1,never smoked,1
32862,Female,79,0,0,Yes,yes,low,11,1,formerly smoked,1
25785,Male,54,0,0,Yes,yes,high,12,1,smokes,1
3136,Male,80,0,0,No,yes,low,12,1,Unknown,1
13779,Female,82,1,1,Yes,yes,low,10,1,smokes,1
20343,Female,54,0,0,Yes,yes,high,11,1,formerly smoked,1
5574,Female,79,0,1,Yes,no,low,8,1,formerly smoked,1
37162,Male,72,1,1,Yes,no,low,11,1,formerly smoked,1
14873,Female,78,0,0,Yes,yes,high,12,1,formerly smoked,1
11115,Female,80,0,1,Yes,yes,low,12,1,Unknown,1
9138,Male,67,0,0,Yes,yes,low,10,1,formerly smoked,1
7041,Female,74,1,0,Yes,yes,low,10,1,formerly smoked,1
34866,Female,60,0,0,Yes,no,high,8,1,smokes,1
28585,Female,69,1,1,Yes,yes,high,11,1,smokes,1
15585,Male,73,0,0,Yes,yes,high,8,1,smokes,1
12589,Female,76,0,0,Yes,yes,low,10,1,formerly smoked,1
53378,Female,54,1,0,Yes,yes,high,10,1,formerly smoked,1
21798,Female,68,0,0,Yes,yes,high,10,1,Unknown,1
11864,Female,78,0,0,Yes,yes,high,12,1,formerly smoked,1
232,Male,73,0,0,Yes,no,low,8,1,never smoked,1
10510,Female,78,0,0,Yes,yes,low,11,1,Unknown,1
65706,Female,63,1,1,Yes,yes,low,12,1,formerly smoked,1
7818,Male,73,0,0,Yes,no,high,9,1,never smoked,1
25601,Male,78,0,0,Yes,no,high,11,1,never smoked,1
61275,Female,71,0,0,Yes,no,high,12,1,smokes,1
48840,Male,56,0,0,Yes,yes,low,8,1,formerly smoked,1
10465,Male,69,0,0,Yes,yes,high,10,1,never smoked,1
7133,Female,79,0,0,No,no,low,10,1,never smoked,1
37691,Female,82,1,0,Yes,no,high,8,1,Unknown,1
29980,Male,66,0,0,Yes,no,high,8,1,Unknown,1
32307,Male,73,0,0,Yes,yes,low,9,1,never smoked,1
27740,Male,54,0,0,Yes,no,high,10,1,formerly smoked,1
14266,Female,78,0,0,Yes,yes,low,9,1,never smoked,1
38975,Male,52,0,0,Yes,yes,low,11,1,never smoked,1
1542,Male,78,0,0,Yes,no,low,11,1,never smoked,1
16991,Male,69,0,1,No,yes,low,11,1,smokes,1
2369,Female,82,0,0,Yes,no,low,12,1,never smoked,1
6999,Male,58,1,1,Yes,yes,low,10,1,smokes,1
12480,Male,74,1,1,Yes,no,low,12,1,smokes,1
21847,Female,60,0,1,Yes,no,high,8,1,never smoked,1
7185,Female,67,1,1,Yes,yes,low,12,1,smokes,1
55137,Female,78,0,0,Yes,yes,high,8,1,never smoked,1
11924,Male,39,0,0,Yes,no,high,9,1,formerly smoked,1
25012,Male,54,0,0,No,no,low,8,1,smokes,1
2907,Female,78,0,0,No,yes,high,10,1,smokes,1
4929,Male,75,0,1,Yes,yes,low,10,1,Unknown,1
3168,Male,83,0,0,Yes,yes,high,12,1,never smoked,1
28058,Female,81,0,0,Yes,no,high,10,1,never smoked,1
16297,Male,61,0,0,Yes,no,low,8,1,smokes,1
24357,Male,63,1,0,No,yes,low,12,1,never smoked,1
7383,Male,78,0,0,Yes,no,high,12,1,never smoked,1
305,Male,80,0,0,Yes,yes,low,9,1,smokes,1
30560,Male,74,0,0,Yes,no,low,12,1,never smoked,1
22679,Male,81,1,0,Yes,no,low,10,2,formerly smoked,1
8607,Female,72,0,0,Yes,no,low,9,1,Unknown,1
848,Male,65,0,0,Yes,yes,high,11,1,Unknown,1
28382,Female,80,0,0,Yes,yes,low,12,1,Unknown,1
8362,Female,79,0,0,Yes,no,high,10,1,formerly smoked,1
27168,Female,65,0,0,No,yes,high,11,1,Unknown,0
6821,Female,60,1,0,Yes,yes,low,10,1,never smoked,0
12815,Male,79,0,0,No,yes,low,12,1,never smoked,0
12195,Male,48,0,0,Yes,yes,high,11,1,never smoked,0
42017,Female,49,0,0,No,no,high,10,1,Unknown,0
23171,Male,58,0,0,Yes,yes,low,10,1,Unknown,0
22105,Male,82,0,0,Yes,yes,low,10,1,formerly smoked,0
34703,Male,79,0,1,Yes,no,high,10,1,never smoked,0
13301,Male,63,0,0,Yes,yes,high,11,1,smokes,0
7767,Male,78,1,0,Yes,no,low,9,1,never smoked,0
3820,Male,79,0,0,Yes,no,low,12,1,Unknown,0
12628,Female,61,0,1,Yes,yes,low,9,1,formerly smoked,0
37238,Male,78,0,0,Yes,yes,high,8,1,never smoked,0
32445,Male,42,0,0,Yes,yes,high,9,1,formerly smoked,0
1270,Male,57,0,0,Yes,yes,high,8,1,never smoked,0
16643,Female,69,0,0,No,yes,high,10,1,never smoked,0
15168,Male,58,0,0,No,yes,low,8,1,smokes,0
14060,Male,42,0,0,Yes,yes,high,11,1,never smoked,0
32200,Male,72,0,0,Yes,no,low,10,1,smokes,0
10574,Male,79,0,1,Yes,no,low,8,1,smokes,0
1861,Male,50,1,0,Yes,yes,high,10,1,Unknown,0
64974,Male,73,1,0,Yes,yes,high,9,1,smokes,0
36455,Male,73,0,0,Yes,yes,high,9,1,smokes,0
1678,Female,78,0,0,Yes,yes,low,11,1,formerly smoked,0
26851,Male,78,0,0,Yes,yes,low,12,1,never smoked,0
43372,Male,50,0,0,Yes,yes,low,9,1,never smoked,0
30418,Male,54,0,0,Yes,no,high,12,1,smokes,0
37513,Male,82,0,0,No,yes,high,8,1,never smoked,0
8372,Male,74,0,0,Yes,yes,high,10,1,never smoked,0
7426,Male,78,0,0,Yes,no,high,9,1,never smoked,0
4285,Female,82,0,0,Yes,no,low,8,1,Unknown,0
3177,Male,79,0,0,Yes,yes,low,12,1,Unknown,0
37338,Female,78,1,0,No,yes,low,10,1,smokes,0
13597,Male,68,0,0,No,yes,low,8,1,Unknown,0
18874,Male,82,0,0,Yes,yes,low,12,1,Unknown,0
20212,Female,78,0,0,No,no,low,11,1,Unknown,0
56911,Male,76,0,0,Yes,yes,high,11,1,formerly smoked,0
19460,Male,54,0,0,No,yes,low,10,1,never smoked,0
35528,Male,82,0,0,Yes,yes,low,8,1,Unknown,0
9701,Male,79,0,0,No,no,low,12,1,Unknown,0
35610,Female,57,0,0,Yes,yes,low,12,1,smokes,0
8398,Female,64,0,0,No,yes,low,10,1,Unknown,0
10432,Female,78,0,0,No,yes,high,11,1,Unknown,0
32521,Male,82,0,0,No,yes,high,11,1,Unknown,0
13411,Female,80,0,0,Yes,yes,low,8,1,formerly smoked,0
12662,Male,76,0,0,No,yes,high,11,1,Unknown,0
54595,Male,72,0,0,Yes,no,low,10,1,smokes,0
4229,Male,71,0,0,Yes,yes,high,10,1,never smoked,0
53799,Female,82,1,0,Yes,no,high,12,1,smokes,0
24264,Female,50,0,0,Yes,no,high,8,1,never smoked,0
1502,Male,63,0,0,Yes,yes,high,11,1,Unknown,0
3555,Male,74,0,0,Yes,no,low,11,1,Unknown,0
29098,Male,64,0,0,No,no,low,9,1,formerly smoked,0
5760,Female,81,0,0,Yes,yes,high,9,1,never smoked,0
9273,Female,74,0,0,Yes,yes,high,11,1,smokes,0
12748,Female,76,0,0,Yes,yes,high,11,1,smokes,0
38657,Female,42,0,0,Yes,yes,low,11,1,smokes,0
4199,Male,82,0,0,No,yes,low,11,1,Unknown,0
27438,Female,63,0,0,Yes,no,low,9,1,Unknown,0
29984,Male,62,0,0,Yes,yes,low,9,1,smokes,0
18651,Female,65,0,0,Yes,no,high,12,1,formerly smoked,0
41753,Male,75,0,0,Yes,no,high,10,1,Unknown,0
4756,Male,80,0,0,Yes,yes,low,9,1,Unknown,0
45883,Male,79,0,0,Yes,yes,high,10,1,Unknown,0
13972,Male,50,0,0,Yes,yes,high,11,1,smokes,0
9448,Male,56,1,1,Yes,yes,low,11,1,never smoked,0
12530,Female,63,0,1,Yes,yes,high,8,1,formerly smoked,0
10027,Female,82,0,0,Yes,no,low,10,1,formerly smoked,0
36822,Male,82,1,0,Yes,no,high,10,1,never smoked,0
15549,Male,58,0,0,Yes,yes,high,12,1,formerly smoked,0
1058,Male,76,0,0,No,yes,low,10,1,never smoked,0
9720,Female,42,0,0,No,yes,high,12,1,Unknown,0
28869,Female,74,0,0,No,yes,high,10,1,Unknown,0
7828,Male,71,0,0,No,yes,low,11,1,Unknown,0
51921,Female,82,0,0,Yes,yes,high,12,1,Unknown,0
21556,Female,78,0,0,No,no,low,12,1,formerly smoked,0
4311,Female,78,0,0,Yes,yes,high,12,1,formerly smoked,0
2728,Male,48,1,0,Yes,yes,high,11,1,never smoked,0
16389,Female,76,0,0,No,yes,high,12,1,Unknown,0
18614,Male,54,0,0,No,yes,high,9,1,smokes,0
37239,Male,49,0,0,No,yes,high,12,1,smokes,0
4197,Male,75,0,0,Yes,yes,low,11,1,never smoked,0
40954,Male,77,1,0,Yes,yes,low,8,1,formerly smoked,0
9356,Female,82,0,0,Yes,no,low,12,1,smokes,0
1118,Male,60,0,0,Yes,yes,low,12,1,formerly smoked,0
1072,Male,88,0,0,Yes,no,high,11,1,Unknown,0
26465,Female,67,0,0,No,yes,high,9,1,Unknown,0
28854,Male,78,0,0,Yes,yes,low,10,1,Unknown,0
23921,Male,75,0,1,No,yes,low,10,1,never smoked,0
7088,Male,56,0,0,Yes,no,high,10,1,never smoked,0
3465,Male,61,0,0,Yes,yes,high,10,1,never smoked,0
1041,Male,79,0,0,Yes,yes,low,9,1,never smoked,0
829,Male,81,0,0,Yes,yes,high,12,1,formerly smoked,0
24755,Female,75,0,1,Yes,yes,low,8,1,formerly smoked,0
11679,Female,80,0,0,Yes,no,low,12,1,formerly smoked,0
47064,Male,78,0,0,Yes,no,low,10,1,never smoked,0
6192,Male,72,0,0,No,yes,low,12,1,never smoked,0
13617,Female,49,0,0,Yes,yes,high,9,1,never smoked,0
9544,Male,82,0,0,Yes,no,low,11,2,formerly smoked,0
8884,Male,69,0,0,No,yes,high,9,1,never smoked,0
863,Male,72,0,0,No,no,low,8,1,smokes,0
19363,Male,54,1,1,Yes,no,low,10,1,formerly smoked,0
33951,Male,72,0,0,Yes,yes,low,10,1,never smoked,0
17374,Male,78,0,0,No,yes,high,10,1,never smoked,0
1503,Male,60,0,0,Yes,yes,high,12,1,never smoked,0
5989,Male,75,0,0,Yes,yes,low,12,1,never smoked,0
22787,Male,57,1,0,Yes,yes,high,8,1,never smoked,0
1801,Female,65,0,0,Yes,yes,low,9,1,smokes,0
9955,Male,78,0,0,No,no,high,8,1,never smoked,0
65017,Female,73,0,0,Yes,no,low,9,1,never smoked,0
2152,Male,63,0,0,Yes,yes,low,9,1,smokes,0
17623,Male,83,1,0,Yes,no,low,10,1,never smoked,0
11270,Male,82,0,0,Yes,no,high,11,1,never smoked,0
34742,Female,82,0,0,Yes,yes,high,9,1,formerly smoked,0
3746,Male,69,0,0,No,yes,low,12,1,Unknown,0
4185,Female,65,0,0,Yes,yes,low,8,1,Unknown,0
24789,Male,63,0,0,Yes,yes,high,8,1,formerly smoked,0
24424,Male,79,0,0,Yes,no,high,12,1,never smoked,0
17118,Male,70,0,0,No,no,high,12,1,never smoked,0
8174,Male,61,0,0,Yes,yes,high,8,1,never smoked,0
1564,Male,58,0,0,No,yes,high,8,1,Unknown,0
20336,Female,54,0,0,Yes,yes,high,12,1,never smoked,0
9580,Male,80,0,0,No,yes,low,9,1,never smoked,0
4984,Female,60,0,0,Yes,yes,low,12,1,never smoked,0
20484,Male,78,0,0,Yes,yes,high,9,1,formerly smoked,0
7329,Male,63,0,0,Yes,no,high,12,1,smokes,0
51327,Female,65,0,0,Yes,no,high,8,1,never smoked,0
15586,Male,78,0,0,No,yes,high,9,1,smokes,0
19472,Female,78,0,0,No,yes,low,11,1,Unknown,0
9242,Male,60,0,0,No,yes,high,8,1,Unknown,0
43411,Male,77,0,0,Yes,yes,high,11,1,formerly smoked,0
19478,Female,59,0,0,No,yes,high,11,1,never smoked,0
47935,Male,49,0,0,Yes,yes,low,12,1,never smoked,0
30782,Female,79,1,1,Yes,no,high,11,1,never smoked,0
18183,Female,72,0,0,No,yes,high,10,1,Unknown,0
3061,Female,68,0,0,No,yes,high,10,1,Unknown,0
12865,Male,61,0,0,Yes,yes,low,11,2,never smoked,0
18544,Female,39,1,0,Yes,no,low,9,1,never smoked,0
4720,Female,82,0,0,No,yes,low,9,1,never smoked,0
4434,Female,64,0,0,Yes,no,high,11,1,formerly smoked,0
16516,Male,58,0,0,Yes,yes,high,11,1,formerly smoked,0
4329,Female,82,0,0,Yes,yes,low,8,1,never smoked,0
5268,Female,80,0,0,Yes,yes,high,8,1,smokes,0
11826,Male,74,0,0,Yes,yes,high,12,1,never smoked,0
38951,Female,65,0,0,No,no,low,10,1,never smoked,0
4728,Male,71,0,0,No,yes,low,8,1,never smoked,0
13673,Male,82,0,0,No,yes,low,8,1,never smoked,0
20,Female,71,1,0,Yes,yes,high,10,1,never smoked,0
7385,Male,82,0,0,Yes,no,high,10,1,never smoked,0
38329,Male,58,0,0,Yes,yes,high,8,1,smokes,0
4362,Female,68,1,0,Yes,yes,high,12,1,formerly smoked,0
6158,Male,65,0,0,No,yes,high,12,1,Unknown,0
4660,Male,62,0,0,No,yes,low,12,1,never smoked,0
12599,Male,75,0,0,No,yes,high,8,1,smokes,0
13274,Male,82,0,0,Yes,no,low,10,1,smokes,0
7353,Male,63,0,0,Yes,no,high,11,1,Unknown,0
24658,Male,82,0,1,Yes,no,low,11,1,never smoked,0
28467,Female,78,0,0,Yes,yes,high,10,1,Unknown,0
4862,Male,65,0,0,Yes,yes,high,8,1,never smoked,0
555,Male,61,0,0,Yes,yes,high,8,1,never smoked,0
4371,Male,81,0,0,Yes,yes,high,8,1,Unknown,0
28722,Female,79,0,0,No,no,high,12,1,Unknown,0
11190,Female,60,1,0,Yes,no,high,10,1,never smoked,0
35066,Male,63,0,0,No,no,high,12,1,smokes,0
4560,Male,42,0,0,Yes,no,low,10,1,Unknown,0
3559,Female,82,0,0,No,yes,low,11,1,never smoked,0
29387,Male,49,0,0,Yes,yes,high,12,1,smokes,0
6737,Male,68,0,0,No,yes,low,12,1,Unknown,0
3563,Male,54,0,0,Yes,yes,low,12,1,never smoked,0
7886,Male,58,0,0,No,yes,high,11,1,never smoked,0
32,Male,67,0,0,No,yes,low,11,1,never smoked,0
11948,Female,54,0,0,Yes,no,low,12,1,Unknown,0
120,Male,61,0,0,No,yes,high,9,1,Unknown,0
17099,Female,71,0,0,Yes,yes,low,11,1,Unknown,0
55337,Male,54,0,0,Yes,yes,low,12,2,formerly smoked,0
2346,Male,78,0,0,Yes,yes,low,12,1,never smoked,0
3996,Male,82,0,0,No,yes,low,11,1,Unknown,0
16882,Male,58,1,0,Yes,yes,high,8,1,never smoked,0
50622,Male,61,0,0,Yes,yes,high,11,1,smokes,0
54134,Male,63,0,0,Yes,yes,high,12,1,smokes,0
21283,Female,75,0,0,Yes,yes,low,9,1,formerly smoked,0
41775,Male,61,0,1,Yes,yes,low,10,1,never smoked,0
416,Female,68,0,0,Yes,no,high,11,1,formerly smoked,0
4620,Male,57,0,0,Yes,no,high,8,1,smokes,0
5691,Male,67,0,0,Yes,no,high,10,1,never smoked,0
11002,Female,63,0,0,Yes,no,low,12,1,never smoked,0
712,Male,61,0,0,Yes,yes,low,12,1,never smoked,0
18668,Male,66,0,0,Yes,no,low,9,1,formerly smoked,0
174,Male,80,0,0,No,yes,high,8,1,Unknown,0
13849,Female,60,0,0,Yes,yes,high,8,1,formerly smoked,0
18844,Female,63,1,0,Yes,yes,low,9,1,never smoked,0
41987,Male,65,0,0,No,yes,low,8,1,never smoked,0
40665,Male,80,0,0,No,yes,low,11,1,never smoked,0
12679,Female,48,0,0,Yes,yes,high,8,1,Unknown,0
50221,Female,81,0,0,No,no,high,11,1,Unknown,0
829,Male,71,1,0,Yes,no,high,8,1,Unknown,0
8817,Female,75,0,0,No,yes,high,10,1,Unknown,0
15664,Female,79,0,0,No,no,low,9,1,Unknown,0
46150,Male,57,0,0,Yes,no,high,10,1,never smoked,0
28111,Female,58,0,0,Yes,yes,low,11,1,Unknown,0
3822,Female,62,0,0,Yes,no,low,10,1,never smoked,0
6659,Female,82,0,1,Yes,no,high,8,1,smokes,0
20879,Female,50,0,0,No,yes,low,11,1,never smoked,0
14018,Female,74,0,0,No,yes,low,12,1,never smoked,0
1206,Female,76,0,0,Yes,no,low,11,1,Unknown,0
7179,Male,77,0,0,Yes,yes,high,8,1,never smoked,0
4491,Female,78,0,0,No,yes,low,9,1,never smoked,0
16290,Female,80,0,1,No,yes,high,12,1,formerly smoked,0
10009,Male,63,1,0,Yes,yes,low,11,1,smokes,0
24150,Male,52,0,0,Yes,yes,high,9,1,Unknown,0
15889,Male,58,0,0,No,yes,high,12,1,Unknown,0
2473,Male,69,0,0,No,yes,high,8,1,Unknown,0
5084,Male,54,0,0,No,yes,high,11,2,Unknown,0
9830,Male,82,0,0,No,yes,high,10,1,formerly smoked,0
24907,Male,52,0,0,Yes,no,high,12,1,never smoked,0
7135,Female,58,0,0,Yes,yes,high,10,1,never smoked,0
129,Female,70,0,0,Yes,yes,high,9,1,smokes,0
742,Male,79,1,0,Yes,yes,high,10,1,smokes,0
21082,Male,82,1,0,No,no,high,8,1,never smoked,0
38,Male,82,1,0,Yes,yes,low,10,1,never smoked,0
2589,Female,56,0,0,Yes,yes,low,9,1,Unknown,0
15453,Female,72,0,0,Yes,yes,high,10,1,never smoked,0
26868,Male,79,0,0,No,no,high,8,1,never smoked,0
322,Male,59,0,0,Yes,yes,high,10,1,smokes,0
11614,Male,59,0,0,Yes,no,high,9,1,never smoked,0
5285,Male,48,0,0,No,yes,low,9,1,smokes,0
6850,Male,77,0,0,No,yes,high,10,1,never smoked,0
4812,Female,88,0,0,No,yes,high,8,1,Unknown,0
20489,Female,63,0,0,Yes,no,low,9,1,Unknown,0
27031,Male,58,0,0,Yes,no,low,8,1,formerly smoked,0
14271,Female,66,1,0,Yes,yes,high,9,1,smokes,0
11891,Female,78,0,0,No,yes,low,11,1,Unknown,0
1458,Male,56,0,0,Yes,no,high,9,1,Unknown,0
28882,Male,78,0,1,Yes,no,low,10,1,Unknown,0
9526,Female,71,0,0,No,yes,high,9,1,Unknown,0
8621,Male,80,0,0,Yes,no,high,10,1,smokes,0
18936,Male,52,0,0,Yes,yes,low,9,1,never smoked,0
28023,Female,78,0,0,No,yes,high,11,1,never smoked,0
14592,Female,80,0,0,Yes,yes,high,9,1,Unknown,0
23847,Male,61,0,0,Yes,no,high,11,1,formerly smoked,0
10681,Female,72,0,0,Yes,yes,low,11,1,Unknown,0
50540,Female,69,0,0,No,yes,high,10,1,Unknown,0
16810,Female,72,0,0,Yes,yes,high,10,1,formerly smoked,0
8560,Female,63,0,0,Yes,no,low,12,1,Unknown,0
31731,Male,58,0,0,No,yes,high,8,1,never smoked,0
25232,Male,78,0,0,Yes,yes,high,8,1,formerly smoked,0
24263,Male,54,0,0,Yes,yes,low,9,1,never smoked,0
18237,Female,77,0,0,No,yes,high,9,1,Unknown,0
5765,Male,72,0,0,No,yes,high,9,1,never smoked,0
3717,Male,67,0,0,No,yes,high,12,1,Unknown,0
6330,Male,42,0,0,No,yes,low,10,2,smokes,0
11260,Male,82,0,0,Yes,yes,low,12,1,formerly smoked,0
11563,Male,78,0,0,Yes,yes,low,11,1,formerly smoked,0
3966,Male,54,0,0,Yes,yes,low,12,1,never smoked,0
22014,Female,57,0,0,Yes,no,low,10,1,Unknown,0
7621,Male,60,0,0,Yes,no,low,11,1,smokes,0
34042,Female,80,1,0,Yes,yes,high,9,1,smokes,0
31331,Male,82,0,0,Yes,yes,low,12,1,formerly smoked,0
7236,Male,63,0,0,Yes,yes,high,8,1,Unknown,0
16410,Female,71,0,0,Yes,yes,high,9,1,Unknown,0
28426,Male,57,0,0,Yes,yes,high,10,1,never smoked,0
5170,Male,70,0,0,Yes,yes,high,11,1,formerly smoked,0
14858,Male,63,0,0,Yes,yes,high,12,1,smokes,0
8890,Female,82,0,0,Yes,yes,low,8,1,smokes,0
8511,Female,67,0,0,No,yes,low,11,1,smokes,0
12580,Female,81,0,0,No,no,high,10,1,smokes,0
40543,Male,65,0,0,Yes,yes,low,11,1,smokes,0
6255,Male,75,0,0,Yes,no,low,8,1,never smoked,0
31074,Male,71,0,0,Yes,no,high,10,1,formerly smoked,0
19398,Female,59,0,0,Yes,yes,low,8,1,Unknown,0
4754,Female,69,0,0,No,yes,high,11,1,Unknown,0
4900,Male,80,0,0,Yes,yes,low,10,1,never smoked,0
15829,Female,81,0,0,Yes,no,low,10,1,never smoked,0
13712,Female,79,0,0,Yes,yes,high,8,1,smokes,0
1905,Female,78,0,0,Yes,yes,low,9,1,never smoked,0
18994,Male,61,0,0,Yes,no,low,9,1,never smoked,0
16186,Male,80,0,0,No,yes,high,10,1,Unknown,0
26551,Male,78,0,0,Yes,yes,low,10,1,never smoked,0
4637,Male,73,0,0,Yes,no,low,8,1,never smoked,0
11917,Male,72,0,0,Yes,yes,high,10,1,formerly smoked,0
5107,Male,63,0,0,Yes,yes,high,12,1,Unknown,0
6614,Female,72,1,0,Yes,no,low,12,1,formerly smoked,0
348,Female,82,0,0,No,yes,high,9,1,never smoked,0
10727,Male,82,0,0,Yes,yes,high,8,1,Unknown,0
23127,Female,81,0,0,Yes,yes,low,10,1,never smoked,0
59030,Male,57,0,0,No,yes,low,9,1,Unknown,0
24152,Male,49,0,0,No,yes,low,9,1,Unknown,0
3694,Female,63,0,0,Yes,yes,low,10,1,never smoked,0
12613,Female,65,0,0,Yes,no,low,8,2,Unknown,0
35296,Male,78,0,0,No,yes,high,9,1,never smoked,0
13207,Male,74,0,0,Yes,yes,high,10,1,Unknown,0
14904,Male,54,0,0,Yes,yes,low,12,1,never smoked,0
51320,Female,80,0,0,Yes,no,low,11,1,formerly smoked,0
8605,Male,64,0,0,Yes,no,low,11,1,formerly smoked,0
57328,Male,76,0,0,Yes,no,low,9,1,Unknown,0
44,Female,82,0,0,Yes,yes,high,8,1,never smoked,0
7221,Female,80,0,0,No,yes,high,9,1,Unknown,0
29730,Female,72,0,0,No,yes,low,9,1,Unknown,0
1438,Male,82,0,0,Yes,yes,high,10,1,smokes,0
25501,Female,71,0,0,No,yes,high,9,1,never smoked,0
9935,Female,50,0,0,Yes,yes,low,12,1,never smoked,0
66894,Male,75,0,0,No,yes,low,9,1,Unknown,0
40043,Male,63,0,0,Yes,yes,low,9,1,formerly smoked,0
36483,Female,67,0,0,Yes,yes,low,9,1,Unknown,0
3371,Male,57,0,0,Yes,no,high,9,1,never smoked,0
17764,Female,80,0,0,No,yes,high,8,1,Unknown,0
26848,Male,82,0,0,No,yes,high,8,1,never smoked,0
20884,Female,52,0,0,No,yes,low,9,1,never smoked,0
61741,Female,78,0,0,Yes,yes,low,8,1,Unknown,0
9715,Female,79,0,0,No,yes,high,12,1,Unknown,0
32890,Male,65,0,0,Yes,no,high,8,1,never smoked,0
15335,Female,74,0,0,No,yes,low,8,1,Unknown,0
38356,Female,82,0,1,Yes,yes,low,8,1,never smoked,0
27438,Male,80,0,0,No,yes,low,8,1,Unknown,0
2404,Male,76,0,0,Yes,no,low,10,1,never smoked,0
49127,Male,80,0,0,No,yes,high,8,1,Unknown,0
2804,Male,64,1,0,Yes,yes,high,9,1,never smoked,0
20627,Female,48,0,0,No,yes,low,9,1,Unknown,0
35693,Female,65,0,0,No,yes,high,8,1,formerly smoked,0
2774,Male,69,0,0,No,no,low,10,1,Unknown,0
31320,Male,76,0,0,No,no,low,9,1,never smoked,0
16789,Female,78,0,0,Yes,yes,low,10,1,never smoked,0
257,Male,78,1,0,Yes,no,low,9,1,formerly smoked,0
19126,Female,69,0,0,Yes,yes,low,10,1,smokes,0
22988,Male,58,0,0,Yes,yes,low,12,1,smokes,0
13370,Female,65,0,0,No,yes,low,8,1,Unknown,0
9155,Female,60,0,0,Yes,yes,high,12,2,never smoked,0
25701,Female,54,0,0,No,yes,low,10,1,smokes,0
7790,Male,74,1,0,Yes,yes,low,8,1,smokes,0
67049,Male,65,0,0,No,yes,low,10,1,formerly smoked,0
7635,Male,49,0,0,Yes,yes,high,11,1,never smoked,0
2229,Male,70,0,0,Yes,no,low,9,1,formerly smoked,0
16678,Female,50,0,0,No,no,high,10,1,Unknown,0
18371,Male,57,0,0,Yes,yes,high,10,1,Unknown,0
8380,Female,78,0,0,Yes,yes,high,8,1,formerly smoked,0
17536,Female,64,0,0,No,yes,high,12,1,Unknown,0
35393,Male,77,0,1,Yes,yes,high,11,1,formerly smoked,0
33260,Male,58,0,0,No,yes,high,9,1,Unknown,0
39504,Male,61,0,1,Yes,no,low,11,1,never smoked,0
8676,Male,63,0,0,Yes,yes,low,10,1,formerly smoked,0
3150,Female,54,0,0,Yes,yes,low,8,1,smokes,0
46903,Female,62,0,0,Yes,yes,low,11,1,Unknown,0
30219,Female,54,0,0,Yes,yes,low,12,1,smokes,0
1545,Male,48,0,0,Yes,yes,low,9,1,never smoked,0
24959,Male,60,0,0,Yes,yes,low,9,1,never smoked,0
7444,Male,52,1,0,Yes,yes,low,9,1,smokes,0
8652,Male,58,0,0,Yes,yes,high,9,1,smokes,0
50443,Male,58,0,0,Yes,no,low,11,1,formerly smoked,0
12380,Male,67,0,0,No,yes,high,12,1,Unknown,0
2870,Female,75,0,0,No,yes,high,12,1,never smoked,0
5115,Male,78,1,0,Yes,yes,low,10,1,never smoked,0
7581,Male,78,0,0,No,no,high,10,1,never smoked,0
25932,Female,75,0,0,Yes,yes,high,12,1,never smoked,0
42,Male,82,0,0,Yes,no,high,8,1,never smoked,0
40400,Female,54,0,0,No,no,low,9,1,never smoked,0
6921,Female,78,0,0,Yes,yes,high,12,1,smokes,0
8654,Female,60,0,0,No,yes,low,9,1,Unknown,0
577,Female,54,0,0,Yes,yes,low,10,1,never smoked,0
7405,Male,39,0,0,No,yes,low,8,1,Unknown,0
30687,Female,81,0,0,Yes,yes,high,11,1,smokes,0
24999,Female,58,0,0,No,yes,high,9,1,Unknown,0
42109,Male,64,0,0,Yes,yes,high,10,1,Unknown,0
14970,Female,69,0,0,Yes,no,low,8,1,never smoked,0
24533,Female,74,0,0,Yes,yes,high,11,1,Unknown,0
266,Female,52,0,0,No,no,high,9,2,smokes,0
10154,Male,42,0,0,No,yes,high,11,1,never smoked,0
31040,Male,78,0,0,Yes,yes,low,11,1,Unknown,0
7304,Male,78,0,0,Yes,no,low,9,1,never smoked,0
12090,Male,67,0,0,Yes,no,high,8,1,smokes,0
38213,Female,64,0,0,Yes,yes,low,8,1,formerly smoked,0
26254,Female,60,0,0,Yes,yes,low,9,1,smokes,0
4983,Female,69,0,0,Yes,yes,high,9,1,never smoked,0
5955,Male,65,0,1,Yes,yes,high,12,1,never smoked,0
35253,Male,60,0,0,Yes,yes,low,12,1,never smoked,0
29143,Male,82,0,0,Yes,yes,high,9,1,Unknown,0
5476,Female,71,0,1,Yes,no,low,8,1,smokes,0
17235,Male,61,0,0,Yes,yes,low,12,1,never smoked,0
139,Female,49,0,1,No,yes,high,11,1,smokes,0
3363,Male,54,0,0,Yes,no,low,11,1,never smoked,0
17569,Male,75,0,0,No,no,high,10,1,never smoked,0
41227,Male,75,0,0,Yes,no,low,10,1,smokes,0
5047,Male,61,0,0,Yes,no,high,9,1,never smoked,0
6554,Female,83,0,0,Yes,yes,low,10,1,never smoked,0
25090,Female,76,0,0,Yes,no,high,8,1,never smoked,0
12795,Male,71,0,0,Yes,no,low,11,1,Unknown,0
1422,Female,58,0,0,No,yes,high,9,1,Unknown,0
50119,Female,42,0,0,Yes,yes,high,10,1,never smoked,0
2068,Male,78,0,1,Yes,yes,low,8,1,formerly smoked,0
2718,Male,79,0,0,Yes,yes,high,9,1,never smoked,0
4698,Female,73,0,0,Yes,no,low,12,1,formerly smoked,0
1431,Female,72,0,0,No,yes,low,8,1,Unknown,0
25025,Male,82,0,0,Yes,yes,low,11,1,never smoked,0
12765,Female,80,0,0,No,yes,high,10,1,never smoked,0
31870,Female,79,0,0,Yes,yes,high,10,1,formerly smoked,0
28173,Male,79,0,1,Yes,no,low,11,1,never smoked,0
11385,Male,54,0,0,Yes,no,low,10,1,never smoked,0
1297,Female,80,0,0,Yes,no,low,10,1,Unknown,0
51641,Male,72,0,0,No,no,low,10,1,formerly smoked,0
3166,Male,50,0,0,No,yes,low,8,1,formerly smoked,0
30349,Male,73,0,0,Yes,yes,high,10,1,smokes,0
31730,Female,49,0,0,Yes,no,high,8,1,never smoked,0
1736,Male,78,0,0,Yes,no,low,8,1,never smoked,0
2651,Female,59,1,0,Yes,no,low,9,2,formerly smoked,0
40026,Male,80,0,0,Yes,yes,low,10,1,formerly smoked,0
72470,Male,63,0,0,Yes,yes,low,8,1,formerly smoked,0
11959,Female,42,1,0,Yes,yes,low,9,1,formerly smoked,0
7806,Male,79,0,0,Yes,yes,high,10,1,never smoked,0
36803,Male,63,0,0,No,yes,high,9,1,Unknown,0
12221,Male,78,0,0,No,yes,low,8,1,Unknown,0
16335,Male,79,0,0,No,no,high,12,1,never smoked,0
1684,Female,70,0,0,Yes,no,low,11,1,smokes,0
36668,Female,80,0,0,No,yes,high,12,1,Unknown,0
21045,Male,82,0,0,No,no,low,10,1,never smoked,0
5645,Female,69,0,0,Yes,yes,low,12,1,Unknown,0
10810,Male,72,0,0,Yes,yes,high,9,1,never smoked,0
6036,Female,49,0,0,Yes,yes,high,10,1,never smoked,0
20499,Male,77,0,0,Yes,no,high,11,1,never smoked,0
3313,Female,63,1,0,Yes,no,high,8,1,never smoked,0
43355,Female,64,0,0,No,yes,high,8,1,Unknown,0
27705,Male,65,1,0,No,yes,high,10,1,formerly smoked,0
14187,Female,56,0,0,Yes,no,high,11,1,Unknown,0
29049,Female,80,0,0,Yes,no,high,12,1,never smoked,0
527,Female,76,0,1,Yes,yes,low,12,1,never smoked,0
5859,Male,82,0,0,No,yes,low,10,1,never smoked,0
13018,Male,62,0,0,Yes,no,high,11,1,never smoked,0
12711,Female,64,0,0,No,yes,low,10,1,never smoked,0
6735,Male,80,0,0,Yes,no,high,9,1,never smoked,0
1212,Male,81,0,0,Yes,yes,low,9,1,formerly smoked,0
64393,Male,60,0,0,Yes,yes,high,8,1,smokes,0
5883,Female,39,0,0,Yes,yes,high,12,1,Unknown,0
16847,Male,67,0,0,No,yes,high,11,1,never smoked,0
9114,Female,82,1,0,Yes,no,low,8,1,never smoked,0
41070,Male,79,0,0,No,yes,high,9,1,never smoked,0
50914,Female,52,0,0,No,yes,low,11,1,never smoked,0
996,Male,49,0,0,No,yes,high,8,1,Unknown,0
39776,Male,82,0,0,No,yes,low,12,1,Unknown,0
935,Female,60,0,0,No,yes,low,10,1,Unknown,0
10138,Female,76,0,0,No,yes,low,12,1,formerly smoked,0
3437,Male,60,0,0,Yes,yes,low,11,1,formerly smoked,0
18068,Male,71,1,0,Yes,yes,high,9,1,never smoked,0
1520,Male,82,1,0,Yes,yes,high,10,2,never smoked,0
25486,Male,58,0,0,Yes,no,low,8,1,never smoked,0
14410,Male,60,0,0,Yes,no,low,8,1,Unknown,0
2824,Male,76,0,0,No,yes,low,12,1,never smoked,0
27055,Male,67,0,0,No,yes,low,10,1,never smoked,0
4425,Male,81,0,0,Yes,yes,high,9,1,formerly smoked,0
32358,Male,63,0,0,Yes,yes,high,11,1,never smoked,0
21103,Male,78,0,0,No,yes,high,11,1,Unknown,0
46687,Male,48,0,0,Yes,yes,low,11,1,Unknown,0
6430,Male,67,0,0,Yes,yes,high,9,1,smokes,0
21767,Male,72,0,0,Yes,yes,low,8,1,never smoked,0
11801,Male,64,1,0,Yes,yes,high,11,1,never smoked,0
3025,Female,73,0,0,Yes,yes,low,11,1,never smoked,0
37898,Male,79,0,0,Yes,yes,high,10,1,never smoked,0
20878,Male,79,0,0,Yes,yes,low,11,1,smokes,0
17880,Male,73,0,0,No,yes,high,12,1,Unknown,0
42989,Male,63,0,0,Yes,yes,low,12,1,smokes,0
2013,Male,80,0,0,Yes,no,high,9,1,smokes,0
11482,Female,52,0,0,Yes,yes,high,12,1,formerly smoked,0
580,Male,75,0,0,Yes,yes,low,12,1,formerly smoked,0
40609,Male,52,0,0,No,yes,low,8,1,formerly smoked,0
33967,Male,64,0,0,Yes,no,high,10,1,Unknown,0
19237,Male,82,0,0,No,no,high,12,1,formerly smoked,0
25243,Female,82,0,0,Yes,yes,low,12,1,never smoked,0
15444,Male,54,1,0,Yes,yes,high,8,1,formerly smoked,0
21133,Male,81,0,0,No,yes,high,11,1,Unknown,0
3227,Male,64,1,0,No,yes,high,8,1,never smoked,0
46007,Female,82,0,0,No,yes,low,12,1,smokes,0
36818,Male,69,0,0,No,yes,high,10,1,Unknown,0
22260,Male,72,0,0,Yes,yes,low,11,1,never smoked,0
10151,Female,66,0,0,Yes,yes,low,10,1,formerly smoked,0
14002,Male,68,0,0,Yes,no,low,8,1,formerly smoked,0
1254,Male,78,0,0,No,yes,high,11,1,Unknown,0
13314,Female,59,0,0,No,yes,high,10,1,Unknown,0
11174,Female,54,0,0,Yes,yes,high,11,1,smokes,0
56805,Female,61,0,0,Yes,yes,low,12,1,smokes,0
7800,Male,63,0,0,No,yes,low,8,1,smokes,0
21308,Male,60,0,0,Yes,no,high,11,1,smokes,0
22472,Female,58,0,0,No,yes,low,8,2,never smoked,0
11422,Female,82,0,0,No,yes,high,9,1,never smoked,0
1105,Male,63,0,0,Yes,no,high,8,1,never smoked,0
6360,Female,80,0,0,No,yes,high,9,1,Unknown,0
20536,Female,80,0,0,Yes,yes,low,11,1,never smoked,0
7998,Male,91,0,0,Yes,yes,low,8,1,formerly smoked,0
1412,Female,66,0,0,No,yes,low,9,1,Unknown,0
2551,Female,63,0,0,Yes,no,high,10,1,smokes,0
22528,Female,57,0,0,Yes,yes,low,12,1,never smoked,0
4480,Male,62,0,0,Yes,yes,low,10,1,never smoked,0
19589,Female,60,0,0,Yes,yes,low,9,1,smokes,0
19870,Male,63,0,0,Yes,no,low,8,1,Unknown,0
18416,Male,66,0,0,Yes,yes,low,12,1,smokes,0
29727,Male,67,0,0,No,yes,high,11,1,never smoked,0
7231,Female,77,0,0,Yes,yes,high,12,1,never smoked,0
29595,Male,64,0,0,No,yes,low,8,1,Unknown,0
6995,Female,81,0,0,No,yes,high,11,1,smokes,0
5655,Male,76,1,0,Yes,yes,low,8,1,never smoked,0
198,Male,80,0,1,Yes,yes,high,9,1,never smoked,0
6953,Female,77,0,0,Yes,yes,low,9,1,smokes,0
27150,Male,62,0,0,Yes,no,high,8,1,never smoked,0
29426,Female,82,0,0,Yes,no,low,9,1,never smoked,0
24840,Female,76,0,0,Yes,no,high,8,1,never smoked,0
4010,Female,82,0,0,No,yes,high,8,1,Unknown,0
23383,Male,81,1,0,Yes,yes,low,11,1,formerly smoked,0
12593,Male,63,0,0,No,yes,low,8,1,Unknown,0
37604,Male,71,0,0,No,yes,low,12,1,Unknown,0
1389,Male,78,0,0,Yes,yes,high,8,1,Unknown,0
27697,Male,73,0,0,Yes,yes,high,11,1,Unknown,0
29883,Male,67,0,0,No,yes,high,11,1,Unknown,0
1137,Female,80,0,0,No,yes,high,8,1,never smoked,0
32155,Female,48,0,0,Yes,no,high,9,1,never smoked,0
1365,Male,80,1,0,No,yes,low,11,1,formerly smoked,0
32848,Male,76,0,0,Yes,yes,low,11,1,Unknown,0
1352,Male,79,0,0,No,yes,high,8,1,never smoked,0
30423,Male,73,0,0,No,yes,high,8,1,smokes,0
6924,Male,65,0,0,Yes,yes,low,11,1,never smoked,0
41967,Male,42,0,0,Yes,yes,low,12,1,smokes,0
41323,Male,61,0,0,Yes,yes,high,9,2,never smoked,0
13202,Male,54,0,0,No,yes,high,10,1,never smoked,0
30143,Female,61,0,0,Yes,yes,low,12,1,Unknown,0
17416,Female,57,0,0,Yes,yes,high,9,1,smokes,0
23414,Female,73,0,0,Yes,yes,high,12,1,smokes,0
21072,Female,63,0,0,No,yes,high,12,1,never smoked,0
13603,Female,42,0,0,Yes,no,high,9,1,never smoked,0
60502,Female,68,0,0,Yes,yes,high,12,1,Unknown,0
11565,Male,76,0,0,Yes,yes,low,9,1,never smoked,0
13050,Male,76,0,0,Yes,no,high,8,1,formerly smoked,0
4953,Female,80,0,0,No,no,low,8,1,Unknown,0
42485,Male,59,0,0,Yes,yes,high,10,1,never smoked,0
1219,Female,59,0,0,Yes,yes,low,12,1,formerly smoked,0
10474,Male,61,0,0,Yes,yes,high,10,1,never smoked,0
38663,Female,63,0,0,No,yes,high,11,1,never smoked,0
17859,Female,52,0,0,No,yes,low,10,1,Unknown,0
13397,Male,62,0,0,Yes,yes,low,9,1,formerly smoked,0
6540,Male,69,1,0,Yes,no,low,11,1,never smoked,0
1870,Female,78,0,0,No,yes,low,10,1,Unknown,0
16196,Male,75,0,0,Yes,yes,low,9,1,never smoked,0
12931,Male,76,0,1,Yes,yes,high,8,1,Unknown,0
21897,Male,62,1,0,Yes,yes,high,10,1,formerly smoked,0
12957,Male,80,0,0,Yes,yes,low,11,1,never smoked,0
1516,Male,82,1,0,Yes,yes,high,12,1,never smoked,0
45957,Male,67,0,0,Yes,yes,high,8,1,never smoked,0
20027,Male,80,0,0,Yes,yes,high,10,1,never smoked,0
4619,Female,61,0,1,No,yes,low,8,1,Unknown,0
16541,Female,54,0,0,No,yes,low,10,1,never smoked,0
68716,Male,76,0,0,No,yes,low,11,1,never smoked,0
10330,Male,73,0,0,Yes,yes,high,12,1,smokes,0
25939,Male,62,0,0,Yes,no,high,11,1,formerly smoked,0
33246,Male,72,0,0,No,yes,low,8,1,never smoked,0
29803,Male,70,0,0,No,yes,low,12,1,never smoked,0
5064,Male,66,0,0,No,yes,low,9,1,smokes,0
29275,Male,78,0,0,No,yes,high,10,1,Unknown,0
22553,Male,76,0,0,Yes,yes,low,8,1,smokes,0
23733,Male,72,0,0,Yes,yes,high,8,1,never smoked,0
4614,Female,58,0,0,Yes,no,high,8,1,formerly smoked,0
56037,Male,63,0,0,Yes,yes,high,9,2,formerly smoked,0
3431,Male,49,0,0,Yes,yes,low,8,1,Unknown,0
40,Male,78,0,0,No,yes,low,8,1,Unknown,0
39744,Female,60,0,0,Yes,yes,high,11,1,never smoked,0
4230,Male,48,0,0,No,no,high,9,1,never smoked,0
759,Male,75,0,0,Yes,no,low,11,1,Unknown,0
21778,Male,63,0,0,Yes,yes,low,10,1,never smoked,0
11386,Female,39,0,0,Yes,yes,high,12,1,never smoked,0
6039,Female,73,0,0,Yes,yes,high,10,1,Unknown,0
15474,Male,75,0,0,Yes,yes,high,8,1,never smoked,0
6773,Female,80,0,0,No,no,low,10,1,never smoked,0
3773,Male,60,0,0,No,yes,low,11,1,Unknown,0
2672,Female,59,0,0,Yes,no,low,10,1,smokes,0
20564,Female,71,1,0,Yes,no,high,11,1,never smoked,0
22963,Female,54,0,0,No,yes,high,11,1,Unknown,0
4707,Female,78,0,0,No,no,high,12,1,formerly smoked,0
45730,Female,61,0,0,Yes,yes,low,9,1,never smoked,0
58429,Male,80,0,0,No,yes,low,8,1,Unknown,0
10169,Male,75,1,0,Yes,no,high,10,1,formerly smoked,0
10600,Female,70,0,0,Yes,no,high,9,1,formerly smoked,0
25159,Female,69,0,0,Yes,no,low,12,1,never smoked,0
20229,Male,57,0,0,Yes,no,high,8,1,never smoked,0
33374,Female,73,0,0,Yes,no,high,9,1,smokes,0
26366,Male,48,1,0,Yes,yes,low,11,1,never smoked,0
691,Male,58,0,0,Yes,no,high,11,1,never smoked,0
13605,Male,79,0,0,Yes,no,low,11,1,Unknown,0
3927,Female,81,1,1,Yes,no,high,12,1,never smoked,0
37916,Female,82,0,0,No,yes,high,9,1,Unknown,0
21381,Female,64,0,0,Yes,yes,high,8,1,never smoked,0
28921,Male,63,0,0,Yes,yes,low,11,1,Unknown,0
53830,Female,72,0,0,No,yes,high,11,1,Unknown,0
22839,Male,61,0,0,Yes,yes,high,9,1,smokes,0
5385,Male,82,0,0,Yes,no,low,9,1,formerly smoked,0
30675,Male,82,0,0,No,yes,low,11,1,formerly smoked,0
22085,Male,65,0,0,No,no,low,8,1,never smoked,0
3959,Male,67,0,0,Yes,yes,high,10,1,never smoked,0
814,Male,63,0,0,Yes,yes,high,9,1,never smoked,0
12085,Male,67,0,0,No,yes,low,10,1,Unknown,0
1847,Female,78,1,0,Yes,no,high,12,2,never smoked,0
7116,Male,64,0,0,No,yes,high,12,1,formerly smoked,0
16320,Male,77,0,0,No,no,low,9,1,never smoked,0
47753,Female,73,0,0,No,yes,high,8,1,Unknown,0
9594,Male,74,0,0,Yes,yes,low,8,1,never smoked,0
2564,Female,54,0,0,Yes,no,high,9,1,never smoked,0
23510,Female,76,0,0,Yes,yes,low,8,1,never smoked,0
3002,Male,80,0,0,Yes,no,high,10,1,Unknown,0
1009,Male,61,1,0,Yes,no,low,12,1,formerly smoked,0
2005,Male,80,0,0,No,yes,high,9,1,Unknown,0
12480,Female,78,0,0,Yes,yes,low,10,1,smokes,0
20008,Male,66,0,0,No,yes,high,8,1,never smoked,0
33745,Male,82,0,0,Yes,yes,high,10,1,never smoked,0
16026,Male,54,0,0,Yes,no,low,12,1,never smoked,0
7351,Male,76,0,0,Yes,yes,high,10,1,smokes,0
36336,Female,52,0,0,No,yes,high,8,1,Unknown,0
13456,Male,58,0,0,Yes,yes,low,11,1,never smoked,0
10178,Male,54,0,0,No,yes,high,11,1,smokes,0
34956,Female,72,0,0,Yes,yes,low,8,1,smokes,0
17604,Male,80,0,0,Yes,yes,high,12,1,smokes,0
2817,Female,60,0,0,No,yes,low,8,1,never smoked,0
2825,Male,54,0,0,Yes,yes,low,12,1,smokes,0
12202,Female,57,0,0,Yes,yes,low,12,1,formerly smoked,0
3769,Female,48,0,0,Yes,no,high,11,1,never smoked,0
668,Female,81,0,0,Yes,yes,low,9,1,smokes,0
43726,Male,77,0,0,No,yes,low,9,1,never smoked,0
34463,Male,61,0,1,Yes,yes,high,8,1,never smoked,0
48352,Male,63,0,0,Yes,yes,low,8,1,Unknown,0
18194,Male,58,0,0,Yes,yes,low,12,1,never smoked,0
27198,Female,71,0,0,Yes,yes,high,9,1,formerly smoked,0
3568,Male,75,1,0,Yes,no,high,10,1,never smoked,0
1732,Male,82,0,0,No,yes,high,8,1,never smoked,0
9677,Male,78,0,0,Yes,yes,high,10,1,never smoked,0
19610,Female,48,0,0,Yes,yes,high,12,1,never smoked,0
42332,Female,81,0,0,Yes,yes,high,8,1,formerly smoked,0
11856,Male,62,0,0,Yes,yes,low,10,1,never smoked,0
1452,Male,79,0,0,No,yes,high,12,1,Unknown,0
42533,Female,79,0,0,No,yes,low,9,1,never smoked,0
4651,Male,64,0,0,Yes,no,low,8,2,formerly smoked,0
6726,Female,81,0,0,Yes,no,low,8,1,never smoked,0
34819,Male,58,0,0,Yes,no,high,10,1,formerly smoked,0
4458,Female,63,1,0,Yes,yes,high,12,1,smokes,0
20523,Female,82,0,0,No,yes,high,9,1,never smoked,0
23693,Male,60,0,0,Yes,yes,low,10,1,formerly smoked,0
18037,Female,79,0,0,Yes,no,low,12,1,formerly smoked,0
6646,Male,54,0,0,No,no,low,10,1,never smoked,0
5503,Male,54,0,0,Yes,yes,high,9,1,never smoked,0
474,Male,76,1,0,Yes,yes,high,8,1,never smoked,0
12917,Female,66,0,1,Yes,no,low,10,1,formerly smoked,0
15810,Female,76,1,1,Yes,no,low,9,1,smokes,0
18212,Male,60,0,0,Yes,yes,high,11,1,never smoked,0
25371,Male,79,0,0,No,yes,high,8,1,never smoked,0
40227,Male,63,0,0,No,yes,low,10,1,Unknown,0
2714,Female,61,1,0,Yes,no,low,12,1,formerly smoked,0
6495,Male,75,0,0,No,yes,high,9,1,Unknown,0
48153,Female,78,0,0,Yes,yes,high,8,1,smokes,0
19952,Male,58,1,0,Yes,yes,low,12,1,never smoked,0
33377,Male,81,0,0,Yes,no,low,12,1,Unknown,0
46156,Male,75,0,0,Yes,yes,high,10,1,never smoked,0
5851,Female,81,0,1,Yes,yes,low,11,1,never smoked,0
12179,Female,75,0,0,Yes,yes,low,11,1,smokes,0
47012,Male,80,0,0,Yes,no,low,8,1,Unknown,0
6205,Male,39,0,0,No,no,low,11,1,smokes,0
48389,Male,64,0,0,Yes,yes,high,12,1,formerly smoked,0
4246,Male,79,0,0,Yes,yes,high,12,1,never smoked,0
59342,Male,72,0,0,Yes,yes,high,9,1,formerly smoked,0
14000,Female,57,0,0,No,yes,low,8,1,never smoked,0
17022,Male,63,0,0,No,yes,high,12,1,smokes,0
423,Male,57,0,0,Yes,yes,high,8,1,Unknown,0
15124,Male,52,0,0,Yes,yes,low,8,1,Unknown,0
18104,Male,63,0,0,Yes,yes,high,10,1,smokes,0
2545,Male,72,0,0,Yes,yes,low,8,1,formerly smoked,0
10161,Male,80,0,0,No,yes,high,9,1,Unknown,0
59655,Male,71,0,0,Yes,yes,low,10,1,smokes,0
9964,Male,75,0,0,Yes,yes,low,10,1,formerly smoked,0
24948,Female,65,0,0,Yes,yes,high,8,1,formerly smoked,0
4066,Female,80,0,0,Yes,no,low,8,2,formerly smoked,0
8295,Male,79,0,0,Yes,yes,high,10,1,Unknown,0
2019,Female,58,0,0,No,yes,low,9,1,Unknown,0
14727,Male,58,0,0,No,no,low,9,1,smokes,0
28362,Male,66,0,0,No,yes,high,9,1,Unknown,0
28832,Male,58,0,0,No,yes,low,8,1,Unknown,0
31701,Female,42,0,1,Yes,no,high,10,1,smokes,0
26394,Male,59,0,0,Yes,yes,low,9,1,never smoked,0
6984,Male,77,0,0,No,no,low,9,1,Unknown,0
7196,Female,50,0,0,No,no,high,8,1,Unknown,0
1953,Female,54,0,1,Yes,no,low,11,1,Unknown,0
10611,Male,58,1,0,No,no,low,11,1,smokes,0
9084,Female,59,0,1,Yes,no,low,10,1,formerly smoked,0
3053,Female,54,0,0,Yes,no,high,12,1,never smoked,0
17182,Female,82,0,0,Yes,no,low,9,1,never smoked,0
9181,Male,57,0,0,No,no,high,10,1,never smoked,0
17668,Male,58,0,0,Yes,no,low,12,1,never smoked,0
5710,Male,48,0,0,Yes,no,low,9,1,never smoked,0
19944,Female,82,0,0,Yes,no,low,11,1,never smoked,0
106,Male,42,0,0,No,no,low,9,1,never smoked,0
11589,Female,74,0,0,No,no,high,9,1,Unknown,0
14084,Male,59,0,0,No,no,high,9,1,never smoked,0
262,Female,54,0,0,No,no,high,11,1,Unknown,0
3270,Male,54,0,0,Yes,no,low,10,1,never smoked,0
26385,Female,67,0,0,Yes,no,low,11,1,never smoked,0
14167,Female,78,0,1,Yes,no,low,10,1,never smoked,0
11609,Male,70,0,0,Yes,no,low,9,1,never smoked,0
21432,Male,82,1,0,Yes,no,low,8,1,Unknown,0
23162,Male,62,0,0,Yes,no,high,11,1,never smoked,0
35256,Male,78,0,0,Yes,no,high,11,1,never smoked,0
5949,Male,82,0,0,Yes,yes,low,11,1,smokes,0
268,Male,80,0,0,Yes,no,low,8,1,smokes,0
377,Male,80,0,0,Yes,yes,high,10,1,never smoked,0
1220,Female,64,0,0,No,yes,low,11,1,Unknown,0
24183,Female,76,0,0,No,yes,high,11,1,Unknown,0
6884,Male,78,0,0,No,yes,low,8,1,smokes,0
12111,Female,78,0,0,No,yes,high,8,1,Unknown,0
1370,Female,82,0,0,No,no,high,10,1,never smoked,0
6811,Female,72,0,0,Yes,yes,low,9,2,smokes,0
919,Male,76,0,0,No,no,low,10,1,never smoked,0
27115,Male,63,0,0,No,yes,low,9,1,Unknown,0
20971,Female,62,0,0,Yes,yes,low,9,1,smokes,0
49623,Female,80,0,0,No,no,low,12,1,never smoked,0
36616,Female,69,0,0,No,yes,low,8,1,never smoked,0
171,Male,77,0,0,No,yes,low,11,1,Unknown,0
10662,Female,71,0,0,No,yes,high,11,1,Unknown,0
610,Male,57,0,0,No,yes,high,10,1,never smoked,0
436,Female,80,1,0,Yes,yes,high,12,1,never smoked,0
5362,Female,81,0,0,No,yes,low,9,1,formerly smoked,0
33288,Male,82,0,0,No,yes,low,12,1,never smoked,0
3056,Female,60,0,0,No,yes,high,10,1,never smoked,0
2501,Male,54,0,0,Yes,yes,high,12,1,smokes,0
28750,Male,76,0,0,No,yes,high,12,1,never smoked,0
7895,Female,82,1,1,Yes,no,low,12,1,formerly smoked,0
7444,Male,64,0,1,Yes,no,low,10,1,never smoked,0
11768,Male,63,0,0,No,no,low,12,1,never smoked,0
1372,Male,79,0,0,No,no,high,8,1,Unknown,0
1059,Male,73,0,0,No,no,low,10,1,Unknown,0
8774,Male,82,0,0,Yes,no,high,8,1,smokes,0
52372,Female,80,0,0,Yes,no,high,10,1,formerly smoked,0
24242,Male,48,0,0,No,no,low,8,1,Unknown,0
25741,Male,76,0,0,Yes,no,high,9,1,never smoked,0
4729,Female,60,0,0,No,no,high,9,1,smokes,0
27482,Male,81,0,0,No,no,high,8,1,Unknown,0
17265,Male,49,0,0,Yes,no,high,9,1,never smoked,0
26700,Female,52,0,0,No,yes,high,12,1,Unknown,0
434,Female,59,0,0,Yes,no,low,10,1,smokes,0
446,Female,76,0,0,Yes,yes,low,10,1,never smoked,0
10899,Male,49,0,0,Yes,yes,low,10,1,never smoked,0
10233,Male,71,0,0,No,yes,high,12,1,Unknown,0
18336,Male,59,0,0,Yes,no,high,11,1,formerly smoked,0
38549,Female,60,0,0,No,yes,high,10,1,Unknown,0
45041,Female,82,0,0,Yes,yes,low,9,1,Unknown,0
43754,Female,61,1,1,No,yes,high,8,1,formerly smoked,0
5043,Female,72,0,0,Yes,yes,low,11,1,Unknown,0
21421,Female,73,0,1,Yes,no,high,8,1,formerly smoked,0
28425,Female,78,0,0,Yes,yes,high,11,2,Unknown,0
11219,Male,81,0,0,Yes,no,high,8,1,never smoked,0
39277,Female,60,0,0,No,yes,low,9,1,Unknown,0
12993,Female,80,0,0,No,yes,high,9,1,Unknown,0
11746,Female,79,0,0,Yes,yes,high,11,1,never smoked,0
20739,Male,78,0,0,No,yes,low,10,1,Unknown,0
729,Female,61,0,0,No,yes,high,12,1,Unknown,0
60023,Female,56,1,0,Yes,yes,high,11,1,never smoked,0
30960,Female,82,0,0,Yes,yes,low,10,1,never smoked,0
41329,Male,56,0,1,Yes,yes,high,12,1,never smoked,0
726,Male,77,0,0,Yes,yes,low,10,1,never smoked,0
16250,Female,58,0,0,Yes,no,high,8,1,formerly smoked,0
2606,Male,80,0,0,No,no,low,10,1,smokes,0
6051,Male,57,0,0,No,no,high,11,1,Unknown,0
4506,Male,63,0,0,Yes,no,high,10,1,Unknown,0
31876,Male,63,0,0,Yes,no,high,8,1,Unknown,0
20831,Female,63,0,0,No,no,low,9,1,Unknown,0
50,Female,64,0,0,Yes,no,low,10,1,never smoked,0
4107,Female,69,0,0,Yes,no,high,10,1,formerly smoked,0
46798,Male,78,0,0,No,no,low,8,1,Unknown,0
30408,Male,63,1,0,Yes,no,low,8,1,Unknown,0
12522,Male,91,0,0,Yes,no,low,12,1,Unknown,0
36452,Female,77,0,0,No,no,low,9,1,smokes,0
27668,Male,80,0,0,Yes,no,low,9,1,formerly smoked,0
16636,Female,79,0,0,Yes,no,high,12,1,never smoked,0
13329,Male,79,0,0,Yes,no,high,12,1,Unknown,0
27684,Male,77,0,0,Yes,no,low,11,1,never smoked,0
218,Male,82,0,0,No,yes,low,11,1,Unknown,0
25931,Male,69,0,0,Yes,no,low,10,1,never smoked,0
26233,Female,88,0,0,No,yes,high,11,1,never smoked,0
15794,Male,63,0,0,Yes,no,low,8,1,never smoked,0
1814,Female,52,0,0,Yes,yes,low,9,1,never smoked,0
13568,Male,82,0,0,Yes,yes,low,10,1,Unknown,0
231,Male,63,0,0,Yes,yes,high,10,1,formerly smoked,0
11563,Male,82,0,0,Yes,yes,high,9,1,smokes,0
1455,Male,69,0,0,Yes,yes,low,12,1,never smoked,0
14565,Female,57,0,0,Yes,no,high,9,1,never smoked,0
27406,Female,82,0,0,Yes,yes,high,12,1,smokes,0
20032,Female,80,1,0,Yes,yes,low,8,2,never smoked,0
47684,Male,62,0,0,No,yes,low,10,1,Unknown,0
1531,Female,82,0,0,No,yes,low,9,1,smokes,0
1169,Female,63,0,0,Yes,yes,low,12,1,smokes,0
2851,Female,56,0,0,Yes,yes,low,8,1,formerly smoked,0
4607,Male,63,0,0,Yes,yes,low,12,1,never smoked,0
46972,Female,79,0,0,No,yes,high,10,1,never smoked,0
1323,Male,58,0,0,Yes,yes,low,11,1,never smoked,0
28354,Male,73,0,0,No,no,high,12,1,Unknown,0
5757,Male,63,0,0,Yes,no,high,9,1,Unknown,0
6629,Male,54,0,0,Yes,no,high,8,1,smokes,0
36496,Male,58,0,0,No,no,low,12,1,never smoked,0
30549,Male,39,0,0,Yes,no,low,8,1,formerly smoked,0
54028,Male,73,0,0,Yes,no,low,10,1,never smoked,0
7892,Male,39,0,0,No,no,high,11,1,Unknown,0
2344,Female,80,0,0,Yes,no,low,11,1,Unknown,0
6277,Male,76,0,0,No,no,high,12,1,Unknown,0
17485,Female,71,0,1,Yes,no,low,11,1,formerly smoked,0
33236,Male,71,0,0,No,no,low,9,1,never smoked,0
3429,Female,56,0,0,Yes,yes,low,11,1,smokes,0
13363,Female,82,0,0,No,no,high,8,1,never smoked,0
10236,Male,78,0,0,Yes,yes,high,10,1,formerly smoked,0
19966,Male,82,0,0,Yes,no,low,9,1,never smoked,0
919,Male,82,0,0,No,no,low,9,1,formerly smoked,0
50959,Female,78,0,0,Yes,yes,high,10,1,never smoked,0
3742,Female,82,0,0,No,yes,low,10,1,Unknown,0
25836,Male,64,0,0,Yes,yes,low,8,1,never smoked,0
10419,Female,74,1,0,Yes,yes,low,10,1,never smoked,0
1534,Female,60,0,0,Yes,yes,high,11,1,formerly smoked,0
2163,Male,76,0,0,No,yes,high,9,1,never smoked,0
4153,Male,63,0,0,Yes,yes,high,8,1,formerly smoked,0
55440,Male,74,1,1,Yes,yes,high,10,1,Unknown,0
16996,Male,79,0,0,No,yes,high,10,1,smokes,0
16913,Female,80,0,0,Yes,no,low,11,1,Unknown,0
34730,Female,68,0,0,Yes,no,low,11,1,formerly smoked,0
54421,Male,70,0,0,No,no,high,11,1,never smoked,0
19822,Female,74,1,1,Yes,yes,high,8,1,never smoked,0
21532,Male,78,0,0,Yes,yes,high,12,1,Unknown,0
931,Female,78,0,0,No,yes,high,9,2,Unknown,0
13797,Male,59,0,0,Yes,no,high,12,1,never smoked,0
131,Male,76,0,0,Yes,yes,high,10,1,Unknown,0
27157,Male,78,0,0,Yes,no,high,8,1,never smoked,0
21628,Male,78,0,0,Yes,no,low,10,1,never smoked,0
32455,Female,79,0,0,No,no,low,10,1,Unknown,0
278,Female,78,1,0,Yes,no,low,10,1,never smoked,0
16501,Female,63,0,0,No,no,high,12,1,never smoked,0
4335,Male,54,1,0,Yes,no,low,10,1,formerly smoked,0
3540,Female,80,0,0,No,no,low,12,1,never smoked,0
13185,Male,48,0,0,Yes,no,high,11,1,smokes,0
5426,Male,82,0,0,Yes,no,low,8,1,never smoked,0
1328,Male,79,0,0,Yes,no,low,9,1,Unknown,0
2258,Male,57,0,0,Yes,no,high,8,1,never smoked,0
9673,Male,79,0,0,Yes,no,high,9,1,formerly smoked,0
11704,Male,58,0,0,Yes,yes,high,10,1,never smoked,0
24426,Male,60,0,0,Yes,no,low,12,1,never smoked,0
929,Male,65,0,0,No,yes,high,9,1,Unknown,0
1542,Male,63,0,0,No,yes,high,8,1,never smoked,0
9505,Male,79,0,0,No,yes,high,12,1,formerly smoked,0
50925,Male,61,0,0,No,yes,high,11,1,Unknown,0
687,Female,89,0,0,No,yes,low,12,1,never smoked,0
13130,Male,79,0,0,Yes,yes,low,10,1,Unknown,0
8272,Female,56,0,0,Yes,no,low,12,1,formerly smoked,0
51881,Male,62,0,0,No,yes,high,10,1,Unknown,0
31937,Male,83,0,0,No,yes,high,8,1,smokes,0
835,Female,63,0,0,No,yes,high,9,1,never smoked,0
13292,Female,72,0,0,Yes,yes,high,8,1,Unknown,0
8232,Female,52,0,0,Yes,yes,low,11,1,formerly smoked,0
27094,Male,48,0,0,Yes,yes,high,9,1,Unknown,0
7760,Female,76,0,0,Yes,yes,low,9,1,Unknown,0
10979,Male,61,0,0,Yes,no,low,12,1,never smoked,0
7701,Female,62,0,0,No,yes,low,8,1,Unknown,0
16247,Male,81,0,0,No,yes,high,9,1,smokes,0
64659,Male,63,0,0,Yes,yes,low,9,1,Unknown,0
5463,Female,76,0,0,Yes,no,high,9,1,Unknown,0
33464,Female,67,0,0,Yes,no,low,10,1,never smoked,0
33839,Male,77,1,0,Yes,no,high,11,1,never smoked,0
45845,Male,78,0,0,No,no,low,8,2,never smoked,0
47758,Female,64,0,0,Yes,no,low,10,1,Unknown,0
26457,Male,62,0,0,No,no,low,12,1,never smoked,0
20343,Male,42,0,0,Yes,no,high,8,1,formerly smoked,0
12142,Male,39,0,0,No,no,high,12,1,never smoked,0
20070,Female,48,0,0,Yes,no,high,10,1,Unknown,0
8359,Male,42,0,0,Yes,no,high,10,1,smokes,0
15114,Male,49,1,0,Yes,no,high,10,1,never smoked,0
119,Female,49,0,0,No,no,low,10,1,Unknown,0
51112,Male,63,1,0,Yes,no,low,11,1,smokes,0
1087,Male,77,0,0,Yes,no,low,8,1,formerly smoked,0
10391,Male,60,0,0,Yes,no,high,9,1,smokes,0
27016,Female,52,0,0,Yes,yes,low,10,1,Unknown,0
46840,Male,58,0,0,Yes,yes,low,8,1,never smoked,0
17501,Male,76,0,0,Yes,no,low,12,1,never smoked,0
65879,Female,78,0,0,No,yes,high,9,1,formerly smoked,0
12381,Female,60,0,0,No,yes,low,10,1,Unknown,0
55303,Female,83,0,0,No,yes,low,8,1,Unknown,0
42261,Male,71,1,0,No,yes,high,9,1,never smoked,0
155,Male,76,0,0,Yes,yes,low,9,1,Unknown,0
42547,Male,67,0,0,Yes,yes,high,8,1,never smoked,0
7305,Female,82,0,0,Yes,no,low,9,1,formerly smoked,0
62,Male,61,0,0,Yes,yes,high,12,1,never smoked,0
9465,Female,61,0,0,Yes,yes,low,12,1,formerly smoked,0
21640,Male,61,0,0,Yes,yes,high,11,1,never smoked,0
35997,Female,78,0,0,No,yes,high,10,1,Unknown,0
59116,Male,54,0,0,Yes,yes,high,10,1,smokes,0
33731,Female,81,0,0,No,yes,high,9,1,Unknown,0
55096,Male,79,0,0,Yes,yes,low,9,1,Unknown,0
9404,Female,77,0,0,Yes,no,low,8,1,Unknown,0
31607,Female,80,0,0,No,yes,low,10,1,Unknown,0
422,Male,68,0,0,Yes,yes,low,8,1,formerly smoked,0
1330,Male,78,0,0,Yes,yes,high,11,1,never smoked,0
11880,Male,72,0,0,Yes,yes,high,12,1,never smoked,0
3012,Female,60,0,0,Yes,no,high,8,1,Unknown,0
8199,Male,80,0,0,Yes,no,high,11,1,smokes,0
5740,Female,71,0,0,No,no,high,8,1,Unknown,0
27093,Male,59,0,0,No,no,high,11,1,never smoked,0
6626,Male,74,0,0,No,no,low,12,2,Unknown,0
24443,Female,77,0,0,Yes,no,low,8,1,Unknown,0
23351,Female,58,0,0,Yes,no,high,11,1,never smoked,0
6548,Female,73,0,0,Yes,no,low,8,1,formerly smoked,0
4132,Male,78,0,0,Yes,no,low,10,1,never smoked,0
19952,Male,68,0,0,Yes,no,high,11,1,never smoked,0
38499,Male,80,1,0,No,no,low,9,1,smokes,0
22768,Female,39,0,0,Yes,yes,high,12,1,never smoked,0
11850,Female,69,0,0,Yes,no,high,11,1,never smoked,0
27509,Male,82,0,0,No,yes,low,9,1,never smoked,0
7177,Female,77,0,0,No,yes,high,9,1,Unknown,0
23525,Male,69,0,0,Yes,yes,low,10,1,smokes,0
3158,Male,60,0,0,Yes,yes,low,11,1,formerly smoked,0
13155,Male,66,0,0,Yes,yes,high,12,1,never smoked,0
32657,Male,75,0,0,No,yes,high,11,1,Unknown,0
25091,Male,67,0,0,Yes,no,low,9,1,smokes,0
15766,Male,80,1,0,Yes,yes,low,8,1,formerly smoked,0
11837,Female,74,0,0,Yes,yes,high,10,1,Unknown,0
14546,Male,39,0,0,Yes,yes,low,11,1,never smoked,0
2483,Male,48,0,0,Yes,yes,low,10,1,formerly smoked,0
25700,Male,75,0,0,Yes,yes,high,12,1,never smoked,0
22600,Female,79,1,0,Yes,yes,low,11,1,Unknown,0
17620,Male,52,0,0,No,yes,low,12,1,Unknown,0
65634,Male,75,0,0,Yes,no,low,9,1,never smoked,0
3141,Female,82,0,0,Yes,yes,high,10,1,never smoked,0
6243,Male,63,0,0,Yes,yes,high,11,1,smokes,0
41154,Male,75,0,0,No,no,high,12,1,never smoked,0
19361,Male,57,0,0,No,yes,high,10,1,smokes,0
24661,Male,75,0,0,Yes,yes,high,8,1,never smoked,0
5767,Male,60,0,0,No,yes,high,9,1,Unknown,0
2272,Male,63,0,0,Yes,no,low,8,1,never smoked,0
15344,Male,61,0,0,No,no,high,12,1,formerly smoked,0
2269,Female,63,0,0,No,no,low,12,1,never smoked,0
39162,Male,67,0,0,Yes,no,high,9,1,formerly smoked,0
22716,Male,63,0,0,Yes,no,high,8,1,smokes,0
34316,Male,58,0,0,Yes,no,high,11,1,formerly smoked,0
638,Male,69,0,0,No,no,low,10,1,formerly smoked,0
63110,Male,58,0,0,No,no,high,12,1,Unknown,0
8446,Female,71,1,0,Yes,no,high,9,2,Unknown,0
26061,Male,58,0,0,Yes,no,low,9,1,never smoked,0
12527,Male,67,0,0,No,no,low,10,1,Unknown,0
6431,Female,82,0,0,Yes,no,low,8,1,never smoked,0
9159,Female,82,0,0,Yes,no,low,10,1,never smoked,0
16118,Female,80,1,0,Yes,yes,high,12,1,never smoked,0
433,Female,62,1,1,Yes,no,high,12,1,Unknown,0
36398,Male,82,0,0,No,no,low,8,1,never smoked,0
14503,Female,82,0,0,Yes,yes,low,8,1,never smoked,0
35478,Male,72,0,0,No,yes,high,11,1,never smoked,0
47653,Male,63,0,1,No,yes,high,8,1,smokes,0
184,Male,42,0,0,No,yes,low,8,1,Unknown,0
1207,Male,76,0,0,No,yes,high,11,1,never smoked,0
17224,Male,75,0,0,Yes,yes,low,8,1,never smoked,0
8579,Male,82,0,0,No,yes,high,12,1,Unknown,0
715,Male,79,0,1,Yes,yes,low,9,1,formerly smoked,0
5620,Female,71,1,0,Yes,yes,high,11,1,smokes,0
31562,Male,79,0,0,Yes,yes,low,12,1,Unknown,0
5022,Female,67,0,0,Yes,yes,low,8,1,smokes,0
5199,Female,68,0,0,No,no,high,10,1,formerly smoked,0
32027,Female,80,0,0,No,yes,low,12,1,formerly smoked,0
34255,Male,42,0,0,No,yes,low,12,1,never smoked,0
20385,Male,60,0,0,Yes,yes,high,12,1,smokes,0
15473,Male,81,0,0,No,yes,low,11,1,Unknown,0
4566,Male,82,0,0,Yes,yes,low,9,1,formerly smoked,0
7,Male,80,0,0,Yes,yes,high,9,1,never smoked,0
21400,Female,39,0,0,Yes,no,high,12,1,Unknown,0
3794,Male,79,0,0,Yes,no,low,8,1,Unknown,0
7842,Male,79,0,0,Yes,no,high,10,1,never smoked,0
6767,Male,39,0,0,No,no,high,9,1,never smoked,0
44431,Male,63,1,0,Yes,no,high,10,1,Unknown,0
18550,Female,54,0,0,Yes,no,high,10,1,formerly smoked,0
39976,Male,60,0,0,Yes,no,low,8,1,smokes,0
61971,Female,78,0,0,Yes,no,low,9,1,formerly smoked,0
25729,Male,79,0,0,No,no,high,10,1,Unknown,0
14349,Female,61,0,0,No,no,high,11,1,Unknown,0
45190,Male,71,0,0,No,no,low,11,1,formerly smoked,0
2372,Male,39,0,0,No,yes,high,12,1,never smoked,0
47481,Female,52,0,0,No,yes,low,9,2,never smoked,0
2732,Female,76,0,0,No,yes,high,10,1,Unknown,0
1180,Female,66,0,0,No,yes,high,11,1,Unknown,0
9616,Female,72,0,0,Yes,yes,low,8,1,smokes,0
10656,Male,58,1,0,Yes,yes,low,10,1,Unknown,0
4374,Female,73,0,0,Yes,no,low,8,1,formerly smoked,0
1980,Female,67,0,0,Yes,no,low,8,1,never smoked,0
1853,Male,81,0,0,No,yes,high,11,1,never smoked,0
5856,Female,65,0,0,Yes,no,high,10,1,formerly smoked,0
51119,Male,65,0,0,Yes,no,low,9,1,never smoked,0
54967,Female,63,0,0,No,yes,high,8,1,Unknown,0
885,Female,80,0,0,No,yes,high,11,1,never smoked,0
19291,Male,61,0,0,Yes,no,high,9,1,smokes,0
12009,Female,67,0,0,Yes,no,high,11,1,never smoked,0
1327,Female,63,0,0,Yes,yes,high,11,1,formerly smoked,0
41278,Female,56,0,0,Yes,no,high,11,1,formerly smoked,0
10830,Male,57,0,0,Yes,no,high,10,1,never smoked,0
2044,Male,66,0,0,No,yes,high,8,1,Unknown,0
18852,Male,54,0,0,No,yes,high,8,1,smokes,0
16330,Male,78,1,0,Yes,no,high,11,1,formerly smoked,0
367,Male,74,0,0,Yes,no,high,11,1,formerly smoked,0
27776,Female,78,0,0,No,yes,high,10,1,never smoked,0
392,Male,56,0,0,No,no,high,11,1,Unknown,0
27159,Male,61,0,0,No,no,low,10,1,Unknown,0
12388,Male,61,1,0,Yes,no,low,9,1,never smoked,0
4314,Female,63,0,0,No,no,low,10,1,Unknown,0
114,Female,79,0,0,Yes,no,low,9,1,smokes,0
5598,Male,60,0,0,No,no,low,8,1,Unknown,0
674,Female,60,0,0,No,no,high,10,1,Unknown,0
45577,Male,82,1,0,Yes,no,high,8,1,never smoked,0
17770,Female,63,0,0,No,no,high,11,1,Unknown,0
12,Female,64,0,0,No,no,high,11,1,Unknown,0
2061,Female,75,0,0,No,no,low,8,1,Unknown,0
68254,Male,57,0,0,Yes,yes,high,9,1,never smoked,0
4275,Female,78,0,0,No,no,high,11,1,never smoked,0
34478,Female,49,0,0,Yes,no,high,9,1,never smoked,0
5708,Male,65,0,0,Yes,yes,high,8,1,Unknown,0
1194,Male,69,0,0,No,yes,low,9,1,Unknown,0
15965,Female,78,0,0,Yes,yes,high,11,2,never smoked,0
8971,Female,61,0,0,Yes,yes,low,10,1,smokes,0
98,Male,65,0,0,No,yes,high,8,1,smokes,0
41968,Female,76,0,0,Yes,yes,high,11,1,formerly smoked,0
50485,Female,75,0,0,Yes,yes,low,10,1,smokes,0
39758,Male,58,0,0,Yes,yes,low,8,1,never smoked,0
35310,Male,71,0,0,No,yes,high,8,1,Unknown,0
44119,Female,69,0,0,Yes,no,low,12,1,never smoked,0
17921,Female,54,0,0,No,yes,low,9,1,formerly smoked,0
4678,Female,69,0,0,No,yes,low,8,1,never smoked,0
35349,Male,77,0,0,Yes,yes,low,9,1,formerly smoked,0
39973,Male,60,0,0,No,yes,high,11,1,Unknown,0
2877,Female,75,0,0,No,yes,low,9,1,never smoked,0
2349,Female,42,0,0,No,yes,low,8,1,Unknown,0
30306,Male,67,0,0,Yes,yes,low,11,1,never smoked,0
11770,Female,57,0,0,Yes,no,high,12,1,Unknown,0
4888,Male,60,0,0,Yes,yes,high,11,1,never smoked,0
4360,Male,71,0,0,Yes,no,low,8,1,never smoked,0
1011,Male,76,0,0,No,no,low,8,1,Unknown,0
12929,Male,71,0,0,No,no,low,8,1,Unknown,0
14006,Female,69,0,0,No,no,low,12,1,never smoked,0
10698,Male,76,0,0,Yes,no,high,9,1,formerly smoked,0
439,Female,64,0,0,No,no,low,12,1,Unknown,0
24389,Female,60,0,1,Yes,no,high,12,1,Unknown,0
29421,Female,78,1,1,Yes,no,low,11,1,formerly smoked,0
5571,Female,78,0,0,Yes,no,high,8,1,never smoked,0
62498,Female,48,0,0,Yes,no,high,11,1,formerly smoked,0
240,Female,79,0,1,Yes,no,low,10,1,Unknown,0
21284,Female,72,0,0,No,no,high,9,1,Unknown,0
35837,Female,78,0,0,Yes,yes,high,8,1,Unknown,0
19476,Male,67,0,0,Yes,no,high,12,1,never smoked,0
29068,Male,64,0,0,Yes,yes,high,11,1,smokes,0
4127,Male,81,0,0,Yes,no,low,12,1,never smoked,0
50142,Female,82,0,0,No,yes,high,11,1,Unknown,0
7795,Female,73,1,0,Yes,yes,high,12,1,smokes,0
41958,Female,82,1,0,Yes,yes,low,11,1,never smoked,0
11026,Female,69,0,0,Yes,yes,high,11,1,never smoked,0
6539,Female,78,0,0,Yes,yes,high,9,1,never smoked,0
229,Male,72,0,0,No,no,high,12,2,never smoked,0
14730,Male,72,0,0,No,yes,low,12,1,Unknown,0
27976,Male,61,0,0,Yes,no,high,9,1,Unknown,0
9553,Male,73,0,0,Yes,yes,low,8,1,Unknown,0
17781,Female,79,0,0,No,yes,high,11,1,Unknown,0
18056,Male,65,0,0,Yes,no,high,8,1,never smoked,0
21355,Male,61,0,0,Yes,no,low,9,1,Unknown,0
2295,Male,63,0,0,No,yes,high,12,1,Unknown,0
11160,Female,58,0,0,Yes,no,high,9,1,never smoked,0
947,Male,75,1,0,Yes,yes,high,8,1,never smoked,0
6751,Male,64,0,0,No,yes,high,12,1,never smoked,0
47054,Female,79,0,0,Yes,no,low,12,1,formerly smoked,0
20197,Female,91,0,1,Yes,no,high,9,1,formerly smoked,0
52568,Male,65,0,0,No,yes,low,8,1,never smoked,0
16041,Male,79,0,0,Yes,no,low,12,1,never smoked,0
2144,Male,82,0,0,No,no,high,12,1,Unknown,0
29873,Female,58,0,0,Yes,no,high,9,1,smokes,0
32735,Female,63,0,0,Yes,no,high,10,1,never smoked,0
177,Female,62,1,0,Yes,no,high,11,1,never smoked,0
7378,Male,82,0,0,No,no,low,12,1,never smoked,0
23318,Female,81,0,0,No,no,high,8,1,Unknown,0
4600,Female,82,0,1,No,no,low,8,1,never smoked,0
10868,Female,63,0,1,Yes,no,high,11,1,never smoked,0
11840,Male,63,0,1,Yes,no,high,9,1,smokes,0
38037,Female,71,0,0,No,no,high,12,1,formerly smoked,0
10436,Male,82,1,0,Yes,yes,low,12,1,never smoked,0
41496,Female,58,0,0,Yes,no,low,12,1,never smoked,0
38,Male,62,0,0,Yes,no,low,12,1,Unknown,0
7570,Male,57,1,0,Yes,no,low,9,1,never smoked,0
17662,Male,60,0,0,No,yes,low,10,1,formerly smoked,0
6135,Male,71,0,0,Yes,yes,low,11,1,Unknown,0
4264,Male,63,0,0,Yes,yes,low,9,1,Unknown,0
23489,Female,75,0,0,No,yes,low,8,1,never smoked,0
26369,Male,76,0,0,Yes,yes,high,11,1,never smoked,0
5860,Male,80,0,0,Yes,no,low,10,1,formerly smoked,0
43649,Female,61,0,0,Yes,no,high,12,1,never smoked,0
24811,Male,82,0,1,Yes,yes,high,10,1,formerly smoked,0
2728,Male,74,0,0,Yes,yes,high,11,1,formerly smoked,0
12600,Male,48,0,0,Yes,no,high,10,2,never smoked,0
5293,Male,62,0,0,No,yes,high,8,1,never smoked,0
42986,Female,78,0,0,Yes,yes,high,11,1,Unknown,0
14788,Male,75,0,0,No,yes,high,9,1,never smoked,0
10475,Female,82,0,1,Yes,yes,low,9,1,never smoked,0
26451,Male,72,0,0,Yes,yes,high,10,1,never smoked,0
29135,Male,39,0,0,Yes,yes,high,10,1,never smoked,0
3841,Male,78,0,0,Yes,yes,high,10,1,formerly smoked,0
4308,Female,74,1,0,Yes,no,high,8,1,formerly smoked,0
29856,Female,80,0,0,Yes,yes,high,10,1,smokes,0
2204,Male,79,0,0,Yes,no,low,12,1,smokes,0
27773,Female,82,0,0,Yes,no,low,9,1,never smoked,0
12833,Female,71,0,0,Yes,no,low,10,1,never smoked,0
37603,Male,81,0,0,No,no,high,10,1,never smoked,0
7561,Male,52,0,0,No,no,low,9,1,smokes,0
22626,Male,79,1,0,Yes,no,low,9,1,formerly smoked,0
47333,Male,79,0,0,Yes,no,high,12,1,never smoked,0
20571,Female,81,0,0,Yes,no,high,12,1,smokes,0
3086,Male,67,0,0,Yes,no,high,11,1,never smoked,0
32173,Male,57,0,0,No,no,low,9,1,smokes,0
19231,Male,42,0,0,Yes,no,high,11,1,Unknown,0
17534,Male,74,0,0,Yes,no,high,11,1,never smoked,0
15388,Female,59,0,0,Yes,yes,low,12,1,never smoked,0
12220,Female,78,0,0,No,yes,low,9,1,Unknown,0
3890,Female,62,0,0,No,yes,low,10,1,Unknown,0
34794,Male,58,0,0,Yes,yes,high,10,1,Unknown,0
17245,Male,82,0,0,Yes,yes,low,8,1,Unknown,0
3639,Male,54,0,0,Yes,no,high,9,1,formerly smoked,0
25619,Male,80,0,0,Yes,yes,high,10,1,formerly smoked,0
7188,Male,67,0,0,No,yes,high,12,1,never smoked,0
10244,Female,49,0,1,Yes,no,high,9,1,Unknown,0
32480,Female,82,0,0,No,yes,low,12,1,Unknown,0
22926,Female,75,0,0,Yes,yes,high,12,1,formerly smoked,0
14954,Female,69,0,0,Yes,yes,low,10,1,never smoked,0
20207,Female,64,0,0,Yes,yes,high,11,1,never smoked,0
13268,Male,78,0,0,No,yes,low,12,1,Unknown,0
21534,Female,58,0,0,No,yes,low,8,1,Unknown,0
13478,Female,64,0,0,Yes,yes,high,11,1,Unknown,0
1735,Male,60,0,0,Yes,yes,high,10,2,formerly smoked,0
21463,Female,80,0,0,Yes,no,low,9,1,Unknown,0
2811,Female,76,0,0,No,yes,low,10,1,never smoked,0
33339,Male,78,0,0,No,no,high,8,1,never smoked,0
15025,Male,50,0,0,No,no,high,8,1,smokes,0
3302,Male,75,0,0,Yes,yes,low,9,1,smokes,0
27324,Female,71,0,0,Yes,no,high,10,1,never smoked,0
11988,Male,59,0,0,No,no,low,12,1,Unknown,0
10596,Male,72,0,0,Yes,no,low,10,1,never smoked,0
318,Male,64,0,0,Yes,no,low,11,1,smokes,0
31926,Male,80,0,0,Yes,no,low,10,1,never smoked,0
210,Female,79,1,1,Yes,no,high,8,1,formerly smoked,0
1492,Male,65,0,0,Yes,no,low,9,1,formerly smoked,0
21014,Female,74,0,0,No,no,high,11,1,Unknown,0
1956,Male,80,0,0,Yes,no,high,11,1,never smoked,0
10436,Male,54,0,0,Yes,no,high,8,1,smokes,0
33782,Female,74,0,0,No,no,high,9,1,formerly smoked,0
2533,Female,74,0,0,No,yes,low,9,1,Unknown,0
20828,Female,82,0,0,Yes,no,low,11,1,Unknown,0
25955,Male,71,0,0,No,yes,high,11,1,Unknown,0
4035,Male,82,0,0,Yes,no,low,11,1,never smoked,0
32460,Male,56,0,0,No,yes,low,12,1,smokes,0
12361,Male,48,0,0,Yes,yes,low,9,1,never smoked,0
18935,Male,63,0,0,No,yes,low,11,1,never smoked,0
46205,Male,56,0,0,Yes,yes,high,8,1,formerly smoked,0
25759,Female,80,0,0,Yes,no,high,11,1,never smoked,0
15637,Female,82,0,0,Yes,no,high,9,1,never smoked,0
24731,Male,62,0,0,Yes,yes,high,12,1,smokes,0
761,Female,69,0,0,Yes,yes,low,12,1,Unknown,0
8997,Female,78,0,0,Yes,yes,high,9,1,Unknown,0
15449,Male,79,0,0,Yes,yes,low,12,1,never smoked,0
8895,Female,54,0,0,No,yes,low,11,1,Unknown,0
975,Male,39,0,0,No,yes,low,8,1,Unknown,0
27199,Female,62,0,0,No,yes,high,12,1,Unknown,0
48552,Male,79,0,0,Yes,yes,high,11,1,smokes,0
25779,Female,78,0,0,No,yes,low,8,1,Unknown,0
1440,Female,81,1,0,Yes,yes,high,11,1,formerly smoked,0
4410,Male,78,0,0,Yes,yes,low,10,1,never smoked,0
23824,Female,82,0,0,Yes,yes,low,12,2,smokes,0
44091,Female,78,1,0,Yes,yes,high,12,1,never smoked,0
32072,Female,52,0,1,Yes,no,high,9,1,Unknown,0
34862,Female,76,0,1,Yes,no,low,8,1,Unknown,0
24660,Female,65,0,0,Yes,no,low,8,1,smokes,0
8672,Male,60,0,0,Yes,no,high,10,1,never smoked,0
42115,Male,78,0,0,Yes,no,low,12,1,never smoked,0
38321,Female,82,0,0,Yes,no,high,10,1,smokes,0
13978,Female,66,0,0,Yes,no,low,11,1,smokes,0
52937,Male,58,0,0,Yes,no,low,12,1,Unknown,0
10981,Female,65,0,0,No,no,low,11,1,Unknown,0
5835,Male,72,0,0,No,no,low,10,1,never smoked,0
7938,Female,70,1,0,Yes,no,low,9,1,never smoked,0
51518,Male,80,0,0,No,yes,high,9,1,Unknown,0
1383,Male,71,0,0,No,yes,low,11,1,Unknown,0
47190,Male,64,0,0,No,yes,high,10,1,Unknown,0
4986,Female,63,0,0,Yes,yes,high,11,1,smokes,0
1508,Male,81,0,0,Yes,yes,high,12,1,never smoked,0
7881,Female,58,0,0,No,yes,high,9,1,Unknown,0
12384,Female,75,0,0,No,yes,low,9,1,Unknown,0
18917,Male,68,0,0,Yes,no,high,9,1,never smoked,0
11489,Female,81,0,0,No,yes,low,12,1,Unknown,0
2473,Female,73,0,0,Yes,yes,low,9,1,formerly smoked,0
51584,Male,67,0,0,Yes,yes,low,10,1,formerly smoked,0
16751,Male,64,0,1,Yes,yes,low,12,1,formerly smoked,0
32899,Female,58,0,0,Yes,no,high,12,1,formerly smoked,0
32854,Female,63,0,0,Yes,yes,low,8,1,never smoked,0
11032,Female,66,0,0,Yes,yes,high,12,1,never smoked,0
9426,Female,82,0,0,Yes,yes,low,12,1,never smoked,0
56940,Female,75,0,0,Yes,yes,low,8,1,smokes,0
275,Male,49,0,0,Yes,yes,high,11,1,formerly smoked,0
2610,Male,71,0,0,No,yes,high,12,1,Unknown,0
11394,Female,80,0,0,Yes,no,low,9,1,smokes,0
11174,Male,48,0,0,No,yes,high,11,1,never smoked,0
13003,Female,80,0,0,No,yes,high,12,1,Unknown,0
26752,Male,60,0,0,Yes,no,low,11,1,never smoked,0
30628,Male,61,0,0,Yes,no,high,10,1,never smoked,0
34946,Male,64,0,0,Yes,no,high,12,1,never smoked,0
21488,Male,65,0,0,No,no,high,8,2,never smoked,0
29287,Male,80,0,0,No,no,high,11,1,Unknown,0
6617,Male,78,0,0,Yes,no,high,11,1,never smoked,0
8691,Male,82,0,0,Yes,no,high,9,1,never smoked,0
2656,Male,67,0,0,Yes,no,low,10,1,never smoked,0
35361,Female,82,0,0,Yes,no,high,9,1,smokes,0
8839,Female,59,0,0,No,no,low,8,1,Unknown,0
2713,Female,76,0,0,Yes,no,low,12,1,never smoked,0
19837,Female,71,0,0,No,no,high,9,1,smokes,0
61142,Male,80,1,0,Yes,no,high,9,1,never smoked,0
8689,Male,49,0,0,Yes,no,high,9,1,formerly smoked,0
929,Female,58,0,0,Yes,yes,low,8,1,formerly smoked,0
39597,Male,57,0,0,No,yes,high,8,1,never smoked,0
36673,Female,80,0,0,No,no,high,10,1,Unknown,0
16912,Male,76,0,0,No,yes,low,9,1,never smoked,0
13228,Female,82,0,0,No,yes,low,10,1,never smoked,0
3711,Male,63,0,0,No,yes,high,8,1,Unknown,0
10369,Female,64,1,0,Yes,yes,high,9,1,formerly smoked,0
42396,Female,39,0,0,No,yes,low,11,1,Unknown,0
34178,Female,69,0,0,Yes,no,high,10,1,smokes,0
6418,Male,81,0,0,No,yes,high,9,1,Unknown,0
36867,Female,74,0,0,No,yes,low,8,1,Unknown,0
578,Female,64,0,0,No,yes,low,10,1,Unknown,0
11005,Female,74,1,0,Yes,no,low,9,1,never smoked,0
3914,Female,58,1,0,Yes,no,low,11,1,formerly smoked,0
13064,Male,82,0,0,Yes,yes,low,11,1,never smoked,0
3557,Female,65,0,0,Yes,yes,high,8,1,smokes,0
25527,Male,82,0,0,Yes,yes,low,8,1,never smoked,0
230,Male,64,0,0,No,no,high,11,1,never smoked,0
971,Female,82,0,0,Yes,yes,high,8,1,never smoked,0
34977,Male,60,0,0,Yes,no,high,11,1,never smoked,0
5649,Male,80,0,0,Yes,no,low,12,1,formerly smoked,0
4276,Male,60,0,0,Yes,no,high,10,1,formerly smoked,0
4546,Male,52,0,0,Yes,no,low,12,1,never smoked,0
3889,Female,80,0,0,No,no,high,8,1,Unknown,0
15802,Male,83,0,0,No,no,high,9,1,Unknown,0
8913,Female,58,1,0,Yes,no,low,9,1,formerly smoked,0
115,Female,69,0,0,No,no,low,10,1,Unknown,0
24815,Female,49,1,1,Yes,no,low,9,2,never smoked,0
39297,Male,63,0,0,No,no,low,8,1,Unknown,0
20578,Male,76,0,0,Yes,no,high,11,1,Unknown,0
14268,Male,60,1,0,Yes,no,high,8,1,Unknown,0
1876,Female,81,1,0,Yes,no,high,9,1,never smoked,0
5561,Male,72,0,0,No,yes,high,9,1,never smoked,0
22900,Female,52,0,0,No,yes,low,8,1,Unknown,0
2108,Female,69,0,0,No,no,high,12,1,formerly smoked,0
20371,Male,73,0,0,Yes,yes,high,8,1,never smoked,0
6221,Male,60,0,0,Yes,no,low,12,1,Unknown,0
4990,Female,76,0,0,Yes,no,high,10,1,formerly smoked,0
500,Female,63,0,0,No,yes,high,12,1,Unknown,0
21104,Male,91,0,0,No,yes,high,8,1,Unknown,0
28660,Male,81,0,0,Yes,yes,high,9,1,smokes,0
26622,Male,82,0,0,Yes,yes,high,10,1,never smoked,0
9389,Male,80,0,0,No,yes,high,8,1,never smoked,0
23366,Male,87,1,1,Yes,yes,low,12,1,formerly smoked,0
2539,Female,78,0,0,Yes,no,low,10,1,Unknown,0
6358,Female,77,0,0,Yes,yes,high,9,1,formerly smoked,0
63663,Female,78,0,1,Yes,no,high,8,1,Unknown,0
20948,Male,48,0,0,Yes,no,high,11,1,Unknown,0
5420,Female,58,0,0,Yes,yes,high,10,1,formerly smoked,0
6550,Male,59,0,0,Yes,yes,low,11,1,Unknown,0
16110,Male,59,0,0,No,no,low,9,1,smokes,0
6486,Male,82,0,1,Yes,yes,high,10,1,smokes,0
1887,Male,78,0,0,No,yes,high,12,1,smokes,0
271,Female,76,0,0,No,yes,high,9,1,smokes,0
34206,Male,52,0,0,Yes,no,high,8,1,never smoked,0
34604,Male,63,0,0,Yes,no,high,9,1,never smoked,0
17383,Female,79,1,0,Yes,no,low,12,1,never smoked,0
7600,Female,73,0,0,Yes,no,low,10,1,never smoked,0
33642,Male,82,0,0,No,no,high,12,1,smokes,0
4167,Male,61,0,0,No,no,high,11,1,never smoked,0
221,Female,69,0,0,Yes,no,high,10,1,formerly smoked,0
2596,Female,71,0,0,Yes,no,low,9,1,smokes,0
9034,Female,42,0,0,Yes,no,low,9,1,formerly smoked,0
2625,Male,66,0,0,No,no,low,8,1,never smoked,0
42578,Female,79,0,0,Yes,no,high,10,1,smokes,0
4135,Female,78,0,0,No,no,low,11,2,Unknown,0
15504,Male,76,0,1,Yes,no,low,11,1,smokes,0
18355,Male,67,0,1,Yes,no,high,10,1,Unknown,0
5393,Male,78,0,0,Yes,no,low,9,1,smokes,0
10875,Male,81,0,0,Yes,yes,low,11,1,Unknown,0
6841,Male,78,0,0,Yes,yes,low,12,1,smokes,0
41377,Male,78,1,0,Yes,no,high,8,1,never smoked,0
5022,Male,54,0,0,Yes,yes,high,11,1,formerly smoked,0
27540,Male,56,0,0,Yes,yes,low,10,1,never smoked,0
18862,Male,75,0,0,Yes,yes,high,12,1,never smoked,0
48428,Male,54,0,0,Yes,yes,low,9,1,never smoked,0
24524,Male,78,0,0,No,yes,high,9,1,Unknown,0
6745,Male,80,0,0,Yes,yes,low,10,1,smokes,0
2362,Male,78,0,0,Yes,no,high,9,1,never smoked,0
13777,Female,69,0,0,Yes,yes,low,10,1,smokes,0
6037,Male,54,0,0,Yes,yes,high,9,1,Unknown,0
17131,Male,70,0,0,Yes,yes,low,8,1,smokes,0
6745,Female,67,0,0,Yes,yes,low,9,1,never smoked,0
23086,Female,71,1,0,Yes,no,high,8,1,never smoked,0
38131,Male,79,0,0,Yes,yes,high,9,1,formerly smoked,0
33370,Male,76,0,0,No,yes,low,12,1,smokes,0
8389,Female,48,1,0,Yes,no,high,9,1,never smoked,0
35940,Female,54,0,1,Yes,no,high,10,1,Unknown,0
5671,Female,78,0,0,No,yes,high,10,1,Unknown,0
14532,Female,79,0,0,Yes,no,low,10,1,never smoked,0
13234,Male,71,0,0,No,no,low,12,1,Unknown,0
2545,Female,78,0,0,Yes,no,low,8,1,never smoked,0
7223,Female,56,0,0,Yes,no,low,12,1,smokes,0
1563,Female,63,0,0,Yes,no,high,11,1,smokes,0
8853,Male,76,1,0,No,no,low,8,1,never smoked,0
56403,Female,82,0,0,No,no,low,11,1,Unknown,0
4649,Female,74,0,0,No,no,high,12,1,never smoked,0
7436,Male,67,0,0,Yes,no,low,11,1,never smoked,0
12344,Female,61,0,0,No,no,high,10,1,Unknown,0
1363,Male,61,0,0,Yes,no,high,12,1,Unknown,0
4241,Male,82,0,0,No,yes,high,11,1,never smoked,0
42615,Female,60,1,1,Yes,yes,low,10,1,formerly smoked,0
38372,Male,78,1,0,Yes,yes,low,12,1,never smoked,0
5165,Female,79,0,0,Yes,yes,high,8,2,never smoked,0
3024,Male,75,0,0,Yes,yes,high,11,1,formerly smoked,0
11421,Female,61,0,0,No,yes,high,9,1,Unknown,0
237,Female,82,0,1,Yes,no,high,8,1,Unknown,0
53241,Male,65,0,0,No,yes,high,12,1,smokes,0
217,Male,75,0,0,Yes,yes,low,8,1,smokes,0
773,Male,78,0,0,Yes,yes,low,12,1,Unknown,0
15716,Male,69,0,0,No,no,low,9,1,smokes,0
4655,Male,82,0,0,Yes,no,high,11,1,formerly smoked,0
7343,Female,61,0,0,No,yes,low,9,1,Unknown,0
20906,Male,57,0,1,No,yes,low,12,1,never smoked,0
32990,Male,61,0,1,Yes,yes,high,9,1,formerly smoked,0
11879,Male,79,0,1,No,yes,high,12,1,never smoked,0
8263,Male,78,0,1,Yes,yes,high,10,1,formerly smoked,0
4871,Female,71,1,1,Yes,no,low,10,1,never smoked,0
12771,Female,71,0,1,Yes,yes,high,11,1,formerly smoked,0
19481,Female,80,0,1,No,yes,high,9,1,never smoked,0
49635,Female,63,0,1,Yes,yes,high,11,1,never smoked,0
41905,Male,60,0,1,Yes,yes,high,10,1,never smoked,0
7503,Male,79,0,1,No,yes,high,9,1,never smoked,0
28552,Male,79,0,1,Yes,no,low,8,1,never smoked,0
4527,Male,66,0,1,Yes,no,low,12,1,never smoked,0
17756,Female,82,0,1,Yes,no,low,9,1,formerly smoked,0
22995,Male,74,0,1,Yes,no,low,11,1,smokes,0
36,Female,82,0,1,No,no,low,9,1,Unknown,0
5336,Male,75,1,1,Yes,no,low,8,1,Unknown,0
10403,Male,77,0,1,No,no,high,8,1,never smoked,0
150,Male,54,0,1,No,no,low,12,1,Unknown,0
25638,Male,72,0,1,Yes,no,high,9,1,never smoked,0
20897,Male,64,0,1,Yes,no,high,12,1,never smoked,0
51624,Female,80,0,1,Yes,no,low,11,1,never smoked,0
21918,Female,66,0,1,Yes,yes,high,12,1,never smoked,0
2442,Female,65,0,1,Yes,yes,low,10,1,never smoked,0
9483,Female,63,0,1,No,yes,high,11,1,Unknown,0
10450,Male,67,0,1,No,yes,low,8,1,Unknown,0
7709,Female,74,0,1,Yes,yes,low,11,1,never smoked,0
4944,Male,59,0,1,Yes,yes,high,11,1,Unknown,0
9718,Female,62,0,1,No,yes,low,10,1,Unknown,0
43765,Male,76,0,1,No,yes,high,8,2,smokes,0
296,Male,73,0,1,Yes,no,high,11,1,Unknown,0
10172,Male,39,0,1,Yes,yes,low,9,1,formerly smoked,0
4261,Male,73,0,1,Yes,yes,low,9,1,never smoked,0
28154,Male,79,0,1,Yes,no,high,9,1,Unknown,0
10133,Female,49,0,1,No,yes,high,9,1,smokes,0
258,Female,63,1,1,Yes,yes,low,10,1,Unknown,0
7751,Female,80,0,1,Yes,yes,low,10,1,smokes,0
28918,Male,78,0,1,No,yes,high,8,1,Unknown,0
17981,Male,60,0,1,No,yes,high,12,1,Unknown,0
4637,Male,80,0,1,Yes,yes,low,11,1,Unknown,0
14773,Female,63,0,1,No,no,low,11,1,never smoked,0
47961,Male,72,0,1,No,no,low,8,1,formerly smoked,0
24879,Male,63,0,1,No,yes,low,12,1,Unknown,0
16428,Female,59,0,1,Yes,no,low,9,1,smokes,0
7283,Female,81,0,1,Yes,no,low,10,1,Unknown,0
13842,Female,79,1,1,Yes,no,low,10,1,formerly smoked,0
38478,Female,78,0,1,Yes,no,low,12,1,Unknown,0
10259,Male,63,0,1,No,no,low,10,1,Unknown,0
5123,Male,71,0,1,Yes,no,high,11,1,never smoked,0
343,Male,74,0,1,Yes,no,low,10,1,Unknown,0
3325,Male,54,0,1,No,no,low,9,1,Unknown,0
54439,Male,63,0,1,No,no,high,9,1,never smoked,0
31336,Female,58,0,0,Yes,no,low,8,1,never smoked,0
42630,Female,78,0,0,Yes,no,low,11,1,formerly smoked,0
22913,Male,58,0,0,Yes,no,low,8,1,smokes,0
18282,Male,62,1,0,Yes,no,low,12,1,smokes,0
1290,Female,82,0,1,Yes,yes,high,12,1,formerly smoked,0
16820,Male,58,0,0,No,yes,low,9,1,Unknown,0
1500,Male,82,0,0,Yes,no,high,11,1,formerly smoked,0
21476,Male,82,0,0,No,yes,low,12,1,never smoked,0
49195,Male,54,0,0,No,yes,high,9,1,Unknown,0
4256,Female,72,0,0,No,yes,high,10,1,Unknown,0
9857,Female,76,0,0,Yes,yes,low,10,1,smokes,0
27805,Male,80,0,0,Yes,no,low,9,1,formerly smoked,0
49898,Female,78,0,0,Yes,yes,low,11,1,never smoked,0
4927,Male,58,0,0,Yes,yes,low,12,1,formerly smoked,0
35108,Female,58,0,0,Yes,no,low,10,1,smokes,0
8947,Male,74,0,0,Yes,no,high,10,2,formerly smoked,0
8451,Female,65,0,1,Yes,yes,low,11,1,Unknown,0
10038,Male,78,0,0,No,no,high,9,1,never smoked,0
2568,Female,65,0,0,Yes,yes,high,12,1,formerly smoked,0
9206,Female,39,0,0,Yes,yes,high,11,1,never smoked,0
977,Male,71,0,0,No,yes,low,8,1,formerly smoked,0
11498,Male,79,0,0,No,yes,low,8,1,never smoked,0
5007,Male,72,0,1,Yes,no,low,8,1,formerly smoked,0
15126,Male,63,0,0,No,yes,low,10,1,Unknown,0
42076,Female,76,0,0,No,yes,high,12,1,never smoked,0
37555,Male,58,0,0,No,yes,low,11,1,never smoked,0
2399,Male,79,1,0,Yes,yes,low,9,1,never smoked,0
36886,Male,54,0,0,Yes,no,high,9,1,smokes,0
41219,Female,80,0,0,Yes,no,low,10,1,Unknown,0
12456,Female,74,0,0,Yes,no,high,8,1,smokes,0
20335,Male,79,0,1,Yes,no,low,10,1,smokes,0
27325,Male,49,0,0,Yes,no,high,9,1,smokes,0
25685,Female,77,0,0,Yes,no,low,12,1,formerly smoked,0
5374,Female,66,0,0,Yes,no,high,10,1,never smoked,0
32793,Male,48,1,0,Yes,no,low,12,1,Unknown,0
8669,Female,76,0,0,Yes,no,low,9,1,never smoked,0
8561,Male,69,0,0,No,no,high,9,1,smokes,0
62590,Male,82,0,0,Yes,no,low,8,1,formerly smoked,0
48619,Male,77,0,0,Yes,no,high,8,1,never smoked,0
382,Male,81,0,0,Yes,yes,low,12,1,never smoked,0
46740,Male,80,0,0,Yes,yes,low,11,1,never smoked,0
26680,Male,75,0,0,Yes,yes,high,9,1,never smoked,0
1014,Male,71,0,0,No,yes,low,10,1,Unknown,0
28149,Male,80,0,0,Yes,yes,high,10,1,smokes,0
56866,Male,82,0,0,No,yes,high,8,1,Unknown,0
964,Female,48,0,0,Yes,yes,low,9,1,Unknown,0
33007,Female,60,0,1,Yes,yes,high,12,1,Unknown,0
6526,Male,79,0,0,Yes,yes,low,10,1,Unknown,0
1056,Male,70,0,0,No,yes,high,10,1,formerly smoked,0
9893,Male,88,0,0,Yes,yes,low,12,1,never smoked,0
6332,Male,77,0,0,Yes,yes,low,9,1,formerly smoked,0
20361,Female,82,1,0,Yes,yes,low,10,1,never smoked,0
59799,Female,67,0,0,Yes,yes,low,8,1,smokes,0
43518,Male,58,0,0,Yes,yes,low,12,2,formerly smoked,0
10913,Male,71,0,0,Yes,no,low,11,1,never smoked,0
27675,Male,78,1,0,No,yes,high,9,1,formerly smoked,0
58226,Female,78,0,0,Yes,yes,low,10,1,Unknown,0
10328,Female,77,0,0,Yes,yes,low,10,1,formerly smoked,0
2043,Female,79,0,0,Yes,no,low,11,1,formerly smoked,0
11162,Male,63,0,0,No,yes,high,11,1,formerly smoked,0
1084,Female,57,0,0,No,yes,low,9,1,Unknown,0
11439,Male,50,0,0,Yes,no,low,10,1,smokes,0
20374,Male,63,0,0,No,no,low,9,1,formerly smoked,0
47690,Male,76,0,0,Yes,no,low,8,1,smokes,0
12243,Male,80,0,0,Yes,no,low,9,1,never smoked,0
751,Male,64,0,0,Yes,no,high,9,1,never smoked,0
21368,Female,79,0,0,Yes,no,high,12,1,never smoked,0
70001,Female,79,0,0,Yes,no,low,11,1,smokes,0
1513,Male,65,0,0,Yes,no,low,10,1,never smoked,0
8105,Male,77,0,0,No,no,low,9,1,Unknown,0
12482,Male,61,0,0,Yes,no,low,11,1,never smoked,0
3291,Female,78,0,0,Yes,no,high,12,1,formerly smoked,0
185,Male,74,0,0,Yes,no,low,8,1,Unknown,0
138,Female,48,0,0,Yes,yes,high,10,1,smokes,0
3846,Male,79,0,0,No,no,low,11,1,smokes,0
26085,Male,71,0,0,Yes,no,high,8,1,formerly smoked,0
1817,Female,73,0,0,Yes,yes,low,8,1,Unknown,0
3858,Female,69,0,0,No,yes,high,11,1,Unknown,0
341,Female,74,0,0,No,yes,high,9,1,Unknown,0
33558,Male,49,0,0,Yes,yes,high,12,1,never smoked,0
47566,Female,75,0,0,No,yes,high,10,1,never smoked,0
19265,Male,66,0,0,No,yes,low,8,1,never smoked,0
18620,Male,49,0,0,Yes,no,high,9,1,formerly smoked,0
20135,Male,78,0,0,No,yes,low,10,1,Unknown,0
1974,Female,62,0,0,No,yes,low,11,1,Unknown,0
11892,Female,56,0,0,Yes,yes,high,8,1,Unknown,0
13407,Female,63,0,0,Yes,yes,high,9,1,smokes,0
3400,Male,82,1,0,Yes,yes,high,10,1,never smoked,0
9009,Female,72,0,0,No,yes,low,11,1,never smoked,0
1417,Male,48,0,0,No,yes,low,8,1,Unknown,0
6509,Female,82,0,0,No,yes,low,11,1,Unknown,0
3900,Male,50,0,0,Yes,yes,low,11,2,Unknown,0
218,Male,82,0,0,Yes,yes,high,9,1,Unknown,0
1179,Male,58,0,0,Yes,yes,low,9,1,never smoked,0
705,Female,63,0,1,Yes,no,low,10,1,formerly smoked,0
3997,Female,54,0,0,Yes,no,high,8,1,formerly smoked,0
2024,Male,74,0,0,No,no,high,12,1,Unknown,0
8092,Male,73,0,0,No,no,high,10,1,Unknown,0
19719,Male,80,0,0,Yes,no,low,9,1,never smoked,0
15449,Male,78,0,0,Yes,no,low,11,1,formerly smoked,0
12600,Female,59,0,0,No,no,high,11,1,never smoked,0
14940,Female,60,0,0,Yes,no,high,12,1,smokes,0
42058,Male,75,0,0,No,no,low,12,1,Unknown,0
12098,Male,78,0,0,Yes,no,high,9,1,formerly smoked,0
11474,Female,71,0,0,No,no,high,8,1,Unknown,0
2852,Male,65,0,0,Yes,no,high,10,1,never smoked,0
3523,Female,82,1,0,Yes,yes,high,8,1,smokes,0
3234,Male,58,0,0,No,yes,low,9,1,smokes,0
8839,Female,60,0,0,Yes,no,high,9,1,formerly smoked,0
7594,Male,63,0,0,Yes,yes,high,9,1,smokes,0
35085,Female,65,0,0,No,yes,high,10,1,formerly smoked,0
51796,Female,60,0,0,Yes,no,high,8,1,formerly smoked,0
2344,Male,74,0,0,Yes,yes,low,11,1,smokes,0
5567,Male,54,1,1,Yes,yes,low,10,1,never smoked,0
31170,Male,59,0,0,Yes,yes,high,9,1,formerly smoked,0
10459,Male,56,0,0,No,no,low,10,1,Unknown,0
49274,Male,71,1,0,Yes,yes,low,10,1,never smoked,0
30946,Male,89,0,0,Yes,yes,low,12,1,never smoked,0
21332,Male,72,0,0,Yes,yes,high,12,1,never smoked,0
23309,Female,76,0,0,Yes,yes,low,9,1,never smoked,0
32050,Female,82,0,0,No,yes,high,12,1,never smoked,0
7437,Female,76,0,0,Yes,yes,low,8,1,never smoked,0
12797,Female,58,1,0,Yes,yes,high,9,1,smokes,0
29063,Female,59,0,0,Yes,no,low,11,1,smokes,0
16451,Male,79,1,0,Yes,no,low,8,1,never smoked,0
4486,Male,57,0,0,Yes,yes,low,8,1,smokes,0
1213,Male,60,0,0,Yes,no,low,10,1,formerly smoked,0
6608,Male,79,0,0,Yes,yes,low,8,1,formerly smoked,0
991,Male,77,1,1,Yes,yes,high,10,1,smokes,0
2473,Female,72,0,0,Yes,no,low,9,2,formerly smoked,0
5665,Male,61,0,0,Yes,no,high,12,1,never smoked,0
5945,Male,79,0,0,Yes,no,low,11,1,Unknown,0
12676,Male,48,0,0,Yes,no,high,9,1,smokes,0
3415,Female,78,0,0,Yes,no,low,8,1,Unknown,0
14929,Female,73,0,0,No,no,low,10,1,Unknown,0
33718,Male,59,0,0,Yes,no,high,11,1,formerly smoked,0
25536,Female,63,0,0,Yes,no,low,9,1,never smoked,0
12944,Female,71,0,0,Yes,no,low,10,1,formerly smoked,0
647,Male,69,0,0,No,no,low,10,1,Unknown,0
613,Female,63,0,0,No,no,high,11,1,never smoked,0
36959,Male,83,0,0,Yes,no,low,11,1,Unknown,0
2449,Female,64,0,0,No,yes,low,8,1,Unknown,0
13389,Female,63,0,0,Yes,yes,high,12,1,smokes,0
11997,Female,78,0,0,No,yes,low,12,1,Unknown,0
4834,Male,76,0,0,No,yes,low,11,1,smokes,0
23751,Male,66,0,1,Yes,no,high,11,1,never smoked,0
41247,Male,66,0,0,Yes,yes,high,10,1,smokes,0
31580,Male,66,0,0,Yes,yes,low,11,1,never smoked,0
60102,Female,80,0,0,Yes,yes,high,9,1,Unknown,0
15113,Female,81,0,0,No,yes,high,12,1,Unknown,0
48757,Male,75,0,0,No,yes,high,9,1,formerly smoked,0
1993,Male,57,1,0,Yes,yes,high,10,1,never smoked,0
3119,Male,63,1,0,Yes,yes,high,12,1,smokes,0
12014,Female,82,0,0,No,yes,low,9,1,Unknown,0
33177,Female,71,1,0,Yes,yes,high,8,1,never smoked,0
5299,Female,54,0,0,No,yes,high,8,1,smokes,0
7155,Male,62,1,0,Yes,no,high,12,1,never smoked,0
5516,Male,82,0,0,Yes,yes,low,8,1,never smoked,0
10665,Male,63,0,0,Yes,yes,high,12,1,never smoked,0
12647,Female,82,0,0,No,yes,high,8,1,Unknown,0
808,Male,65,0,0,Yes,yes,low,8,1,Unknown,0
7048,Male,60,0,1,Yes,yes,high,8,1,formerly smoked,0
23568,Male,78,0,0,Yes,no,low,8,1,formerly smoked,0
7245,Female,81,0,0,No,no,high,8,1,never smoked,0
15131,Male,42,0,0,Yes,no,high,12,1,Unknown,0
4028,Male,64,0,0,No,no,low,11,1,never smoked,0
22179,Female,78,1,0,Yes,no,low,10,1,never smoked,0
40045,Female,81,0,0,No,no,high,10,2,Unknown,0
18951,Male,69,0,0,No,no,high,10,1,formerly smoked,0
8003,Male,77,0,0,Yes,no,high,12,1,formerly smoked,0
28100,Female,59,0,0,No,no,low,12,1,Unknown,0
14179,Female,82,0,0,Yes,no,high,10,1,formerly smoked,0
6341,Female,39,0,0,Yes,no,high,10,1,Unknown,0
21013,Male,79,0,0,No,no,low,12,1,never smoked,0
13630,Male,57,0,0,Yes,no,low,10,1,never smoked,0
3976,Female,83,0,0,Yes,yes,low,12,1,Unknown,0
4803,Female,66,0,0,No,yes,high,11,1,smokes,0
18944,Female,58,0,0,No,yes,low,12,1,never smoked,0
53811,Female,71,0,0,No,yes,high,12,1,formerly smoked,0
3235,Female,54,0,0,Yes,yes,low,9,1,never smoked,0
21058,Female,73,1,0,No,yes,low,11,1,never smoked,0
30691,Male,60,0,0,Yes,yes,high,11,1,Unknown,0
18749,Male,61,0,0,No,yes,low,8,1,never smoked,0
932,Male,63,0,0,No,yes,low,8,1,smokes,0
2556,Male,82,0,0,No,yes,low,11,1,Unknown,0
17180,Female,65,0,0,No,yes,high,8,1,never smoked,0
12559,Male,39,0,1,Yes,no,high,9,1,Unknown,0
31413,Male,70,0,0,No,yes,low,8,1,Unknown,0
11457,Male,61,0,0,No,yes,low,10,1,Unknown,0
28916,Male,67,1,0,Yes,yes,high,8,1,never smoked,0
9014,Female,61,0,0,Yes,no,low,12,1,Unknown,0
11287,Female,71,0,0,Yes,yes,low,11,1,smokes,0
7357,Female,54,0,0,Yes,no,low,9,1,Unknown,0
21875,Female,52,0,0,Yes,yes,high,12,1,formerly smoked,0
18813,Female,57,1,0,Yes,yes,low,11,1,smokes,0
3596,Male,80,0,0,Yes,yes,high,11,1,formerly smoked,0
11763,Male,80,0,0,No,yes,low,12,1,never smoked,0
8316,Female,72,0,0,No,no,high,8,1,Unknown,0
4000,Male,78,0,0,No,no,high,9,1,Unknown,0
15265,Male,75,0,0,Yes,no,high,11,1,never smoked,0
4514,Male,74,0,0,No,no,low,12,1,Unknown,0
14179,Male,75,0,0,Yes,no,high,12,1,never smoked,0
7523,Female,79,0,0,No,no,high,10,1,never smoked,0
19643,Male,59,0,0,Yes,no,low,11,1,never smoked,0
47758,Female,76,1,1,Yes,no,low,10,1,formerly smoked,0
24417,Male,58,0,0,Yes,no,low,8,2,Unknown,0
18045,Female,52,0,0,No,no,high,8,1,never smoked,0
11399,Male,54,0,0,No,no,high,10,1,Unknown,0
16110,Male,80,0,0,Yes,no,high,11,1,smokes,0
30382,Female,79,0,0,No,no,low,8,1,formerly smoked,0
10173,Female,80,0,0,No,yes,low,8,1,smokes,0
23816,Male,82,0,1,Yes,yes,low,8,1,never smoked,0
1066,Male,48,0,0,No,no,low,12,1,smokes,0
2452,Male,66,0,0,Yes,no,low,8,1,smokes,0
13436,Male,62,0,0,Yes,no,high,8,1,smokes,0
25777,Male,78,1,0,Yes,no,low,9,1,Unknown,0
12135,Female,82,0,0,Yes,no,high,10,1,never smoked,0
61333,Female,61,0,0,No,yes,high,11,1,never smoked,0
57623,Male,78,1,0,Yes,yes,high,12,1,Unknown,0
11068,Female,59,0,0,Yes,yes,low,12,1,formerly smoked,0
18077,Male,54,0,0,No,yes,high,12,1,Unknown,0
25151,Male,80,0,0,No,yes,high,12,1,Unknown,0
18755,Female,54,0,0,No,yes,high,11,1,Unknown,0
7522,Male,76,0,0,Yes,no,high,12,1,never smoked,0
5596,Female,54,0,0,Yes,yes,high,9,1,Unknown,0
61255,Female,71,0,0,No,yes,high,10,1,Unknown,0
12592,Male,52,0,0,Yes,no,high,11,1,never smoked,0
21372,Female,78,0,0,No,yes,high,12,1,never smoked,0
20552,Female,54,0,0,Yes,yes,high,10,1,Unknown,0
27110,Male,42,0,0,Yes,no,low,11,1,smokes,0
26507,Male,54,0,0,Yes,no,high,11,1,never smoked,0
9984,Male,63,0,0,Yes,yes,high,11,1,smokes,0
508,Male,68,0,0,Yes,no,low,8,1,smokes,0
33586,Male,67,0,0,Yes,no,high,10,1,never smoked,0
33740,Female,64,0,0,Yes,no,high,10,1,never smoked,0
40090,Male,63,0,0,Yes,no,low,12,1,Unknown,0
10502,Female,81,0,0,Yes,no,low,12,1,formerly smoked,0
6840,Male,63,0,0,Yes,no,low,9,1,never smoked,0
3483,Male,76,1,1,Yes,no,low,10,1,smokes,0
5037,Male,67,0,0,No,no,high,12,1,Unknown,0
15184,Male,70,0,0,Yes,no,low,11,1,smokes,0
21691,Male,57,0,0,Yes,no,high,11,1,never smoked,0
10049,Female,52,0,0,No,no,high,9,1,formerly smoked,0
25839,Male,77,0,0,Yes,no,high,8,2,Unknown,0
1396,Male,79,0,0,Yes,no,low,12,1,Unknown,0
757,Male,63,0,0,No,yes,high,10,1,Unknown,0
40560,Male,72,0,0,Yes,no,low,8,1,smokes,0
16763,Female,82,1,0,Yes,no,low,9,1,smokes,0
22698,Male,76,0,0,Yes,no,high,10,1,smokes,0
13710,Male,50,0,0,Yes,yes,high,12,1,never smoked,0
15290,Male,54,0,0,Yes,yes,low,9,1,Unknown,0
37467,Female,75,1,1,Yes,yes,low,11,1,formerly smoked,0
15013,Male,63,0,0,Yes,no,high,9,1,never smoked,0
1418,Male,90,0,0,No,yes,high,9,1,Unknown,0
26589,Female,78,0,0,Yes,no,high,11,1,formerly smoked,0
6303,Male,63,1,0,Yes,yes,low,12,1,never smoked,0
7538,Male,70,0,0,Yes,no,low,11,1,never smoked,0
6696,Female,54,0,0,Yes,no,low,9,1,Unknown,0
35546,Male,80,0,0,Yes,yes,low,11,1,smokes,0
4406,Male,67,0,0,Yes,yes,low,8,1,formerly smoked,0
48132,Female,63,0,0,Yes,no,low,8,1,smokes,0
50016,Female,50,0,0,No,yes,low,12,1,smokes,0
18411,Male,71,0,0,No,yes,high,8,1,never smoked,0
5904,Female,75,0,0,Yes,no,high,12,1,formerly smoked,0
53287,Male,78,0,0,No,yes,high,11,1,never smoked,0
17324,Female,65,0,0,Yes,yes,high,11,1,formerly smoked,0
485,Male,79,0,0,Yes,no,low,12,1,never smoked,0
1136,Female,57,0,0,Yes,no,low,11,1,formerly smoked,0
22880,Male,82,0,0,Yes,no,low,11,1,never smoked,0
34085,Female,69,0,1,Yes,no,low,12,1,never smoked,0
579,Female,54,0,0,No,no,high,12,1,Unknown,0
7254,Female,42,0,0,Yes,no,high,11,1,never smoked,0
28894,Male,57,0,0,No,no,high,11,1,smokes,0
40345,Male,61,0,0,No,no,low,9,1,Unknown,0
5803,Female,68,0,0,Yes,no,low,8,1,never smoked,0
30961,Male,39,0,0,No,no,high,10,1,never smoked,0
6876,Female,69,0,0,No,no,high,10,1,Unknown,0
40210,Male,79,0,0,No,no,low,9,1,never smoked,0
15332,Female,58,0,0,No,yes,high,8,1,never smoked,0
30129,Female,78,0,0,Yes,yes,low,9,1,smokes,0
26608,Female,74,1,0,No,yes,low,9,1,Unknown,0
5215,Female,58,0,0,Yes,no,high,9,2,never smoked,0
1043,Female,80,0,0,Yes,yes,low,10,1,formerly smoked,0
21502,Male,58,0,0,No,yes,high,11,1,formerly smoked,0
9457,Female,79,0,0,Yes,yes,high,8,1,never smoked,0
25989,Female,78,0,0,Yes,yes,low,11,1,Unknown,0
26188,Male,80,0,0,No,yes,high,12,1,Unknown,0
242,Male,80,0,0,Yes,no,low,10,1,formerly smoked,0
6416,Female,72,0,0,Yes,yes,low,9,1,never smoked,0
9197,Male,64,0,0,Yes,yes,low,11,1,never smoked,0
4297,Female,79,0,0,Yes,yes,high,10,1,never smoked,0
3356,Male,78,0,0,Yes,yes,high,12,1,never smoked,0
60618,Female,42,1,0,Yes,no,low,8,1,smokes,0
6663,Male,57,0,0,No,yes,low,9,1,Unknown,0
386,Male,80,0,0,No,no,low,9,1,smokes,0
990,Male,75,0,0,No,yes,high,9,1,Unknown,0
518,Female,42,0,1,Yes,no,low,10,1,formerly smoked,0
604,Female,82,0,0,Yes,yes,high,9,1,smokes,0
10001,Female,75,0,0,No,no,low,10,1,never smoked,0
27359,Male,63,0,0,Yes,no,high,8,1,Unknown,0
1968,Male,65,0,0,Yes,yes,low,9,1,never smoked,0
48592,Male,72,0,0,Yes,no,high,12,1,formerly smoked,0
1965,Male,39,0,0,Yes,no,low,9,1,never smoked,0
24430,Male,56,0,0,No,no,high,10,1,Unknown,0
2410,Male,64,0,0,No,no,high,9,1,Unknown,0
4337,Female,80,0,0,No,no,high,12,1,Unknown,0
8959,Male,57,0,0,Yes,no,low,12,1,never smoked,0
21312,Male,79,0,0,Yes,no,high,11,1,Unknown,0
116,Male,58,0,0,Yes,no,high,10,1,never smoked,0
9848,Male,63,0,0,Yes,no,low,11,1,Unknown,0
49595,Female,79,0,0,Yes,no,high,8,1,never smoked,0
17755,Male,54,0,0,Yes,no,low,12,1,smokes,0
36372,Male,61,0,0,No,yes,high,10,1,never smoked,0
45604,Male,81,0,0,Yes,yes,high,12,1,never smoked,0
920,Female,58,0,0,Yes,no,low,10,1,never smoked,0
13768,Male,56,0,0,Yes,no,high,9,1,Unknown,0
10660,Male,76,0,0,No,no,high,11,1,never smoked,0
25706,Male,79,0,0,No,yes,low,11,1,never smoked,0
103,Female,72,0,0,No,yes,low,11,1,Unknown,0
3100,Female,74,0,0,No,yes,low,10,2,formerly smoked,0
24730,Male,56,0,0,Yes,no,high,11,1,never smoked,0
2884,Female,78,0,0,Yes,yes,low,10,1,never smoked,0
30918,Male,81,0,0,Yes,yes,high,10,1,smokes,0
16947,Male,72,0,0,No,yes,high,12,1,never smoked,0
41367,Male,79,0,0,No,yes,low,8,1,Unknown,0
30504,Male,82,0,0,Yes,yes,low,11,1,never smoked,0
29941,Male,82,0,0,No,yes,low,11,1,never smoked,0
446,Male,81,0,0,Yes,yes,low,9,1,Unknown,0
15609,Female,80,0,0,Yes,no,low,10,1,formerly smoked,0
17739,Female,60,0,1,Yes,no,high,10,1,never smoked,0
5331,Female,82,0,1,Yes,no,high,8,1,formerly smoked,0
2762,Male,78,1,0,Yes,no,low,9,1,never smoked,0
20900,Male,80,0,0,No,yes,high,11,1,never smoked,0
8142,Male,82,0,0,No,yes,low,9,1,Unknown,0
1488,Female,77,0,0,No,yes,high,10,1,Unknown,0
14666,Female,81,0,0,No,no,low,11,1,Unknown,0
33873,Female,67,0,0,No,no,high,8,1,Unknown,0
6218,Male,48,0,0,Yes,no,low,10,1,never smoked,0
14183,Female,78,0,0,Yes,no,high,8,1,formerly smoked,0
25203,Male,76,0,0,No,no,low,9,1,never smoked,0
36247,Male,67,0,0,Yes,no,high,10,1,smokes,0
213,Male,61,0,0,No,no,high,9,1,Unknown,0
42142,Female,66,0,0,Yes,no,high,10,1,Unknown,0
24407,Female,56,0,0,Yes,no,high,11,1,formerly smoked,0
398,Female,75,0,0,Yes,no,low,12,1,smokes,0
12863,Female,57,0,0,Yes,no,low,10,1,formerly smoked,0
41092,Male,65,0,0,No,yes,high,11,1,formerly smoked,0
32345,Male,65,1,0,Yes,no,high,12,1,Unknown,0
27626,Male,57,0,0,Yes,yes,low,9,1,never smoked,0
20795,Male,39,0,0,No,yes,high,10,1,Unknown,0
32142,Female,79,1,0,Yes,yes,low,8,1,Unknown,0
1977,Female,42,0,0,No,yes,high,8,1,Unknown,0
27907,Male,59,0,0,No,yes,low,12,1,never smoked,0
4106,Female,72,0,0,Yes,yes,low,10,1,never smoked,0
10093,Male,64,0,0,Yes,no,low,11,1,formerly smoked,0
12985,Female,69,0,0,No,yes,low,9,1,never smoked,0
30220,Male,74,0,0,No,yes,low,11,1,Unknown,0
6676,Male,68,0,0,Yes,yes,low,8,2,smokes,0
13111,Female,49,0,0,No,no,low,10,1,never smoked,0
6060,Male,75,0,0,Yes,no,low,8,1,never smoked,0
2336,Female,67,0,1,Yes,yes,high,11,1,Unknown,0
10268,Male,49,0,0,No,yes,high,10,1,Unknown,0
12168,Male,66,0,0,Yes,yes,low,10,1,never smoked,0
69294,Female,81,0,0,No,yes,low,8,1,Unknown,0
16326,Male,79,0,0,Yes,yes,high,9,1,Unknown,0
16976,Male,82,0,0,Yes,yes,low,9,1,Unknown,0
7964,Female,67,0,0,No,yes,low,12,1,Unknown,0
11229,Male,76,0,0,Yes,yes,high,9,1,formerly smoked,0
11218,Female,80,0,1,Yes,yes,low,11,1,smokes,0
19493,Male,54,1,0,Yes,no,low,8,1,Unknown,0
6529,Female,54,0,0,No,no,high,9,1,never smoked,0
4303,Female,69,1,0,Yes,no,high,9,1,never smoked,0
11554,Male,80,0,0,Yes,no,low,10,1,Unknown,0
19119,Male,81,0,0,Yes,no,high,9,1,smokes,0
89,Male,64,0,0,Yes,no,low,12,1,formerly smoked,0
11057,Female,76,0,0,No,no,high,11,1,Unknown,0
33619,Female,79,0,0,Yes,no,low,9,1,never smoked,0
8057,Male,70,0,0,Yes,no,high,9,1,formerly smoked,0
950,Male,78,0,0,Yes,no,high,11,1,never smoked,0
30482,Male,72,0,0,Yes,no,low,9,1,Unknown,0
3104,Female,65,0,0,Yes,yes,high,9,1,never smoked,0
32307,Female,50,0,0,Yes,yes,high,12,1,never smoked,0
3079,Female,63,0,0,No,yes,low,10,1,smokes,0
43552,Female,65,0,0,Yes,yes,low,12,1,Unknown,0
5103,Female,57,0,0,No,yes,high,9,1,Unknown,0
287,Male,78,0,0,No,yes,high,11,1,never smoked,0
11154,Male,71,0,0,Yes,yes,high,8,1,Unknown,0
4660,Female,75,0,0,Yes,no,high,10,1,formerly smoked,0
1495,Female,79,0,0,No,yes,high,12,1,Unknown,0
48147,Female,81,0,0,No,yes,low,9,1,smokes,0
25688,Female,69,0,0,Yes,yes,low,8,1,smokes,0
38109,Female,54,0,0,No,yes,low,10,1,Unknown,0
11902,Female,79,1,0,Yes,no,low,10,1,never smoked,0
55166,Male,81,0,0,Yes,yes,low,8,1,formerly smoked,0
741,Female,64,1,0,Yes,yes,low,12,1,smokes,0
54531,Male,71,0,0,No,yes,low,11,2,never smoked,0
7255,Male,65,0,0,No,yes,high,9,1,smokes,0
12994,Female,61,0,0,Yes,yes,high,10,1,Unknown,0
2289,Male,60,0,0,No,yes,high,9,1,Unknown,0
41555,Male,62,0,0,No,yes,high,8,1,Unknown,0
803,Male,82,0,0,No,no,low,11,1,Unknown,0
33488,Male,80,0,0,Yes,yes,high,8,1,formerly smoked,0
43936,Female,42,0,0,Yes,no,high,10,1,Unknown,0
27144,Male,81,0,0,Yes,no,high,10,1,Unknown,0
10167,Male,79,0,0,Yes,no,high,8,1,never smoked,0
26166,Female,64,0,0,Yes,no,low,9,1,Unknown,0
28092,Female,79,0,0,No,no,low,9,1,Unknown,0
58580,Male,82,0,0,No,no,low,11,1,Unknown,0
46063,Male,63,0,0,Yes,no,low,9,1,never smoked,0
50145,Male,82,0,0,Yes,no,low,12,1,smokes,0
15669,Female,54,0,0,No,no,high,9,1,never smoked,0
10291,Male,63,0,0,Yes,no,low,10,1,smokes,0
12727,Female,79,0,0,No,no,high,10,1,Unknown,0
13867,Male,72,0,0,Yes,no,low,10,1,never smoked,0
5065,Female,72,0,0,Yes,yes,high,11,1,Unknown,0
7405,Male,63,0,0,Yes,yes,low,11,1,smokes,0
6846,Male,77,0,0,Yes,yes,low,8,1,Unknown,0
27593,Female,75,0,0,No,no,high,8,1,smokes,0
1191,Female,67,0,0,No,yes,low,11,1,Unknown,0
8181,Female,78,0,0,No,yes,high,8,1,Unknown,0
60055,Female,67,0,0,Yes,yes,low,10,1,Unknown,0
14176,Female,72,0,0,No,yes,high,11,1,Unknown,0
29132,Male,54,0,0,Yes,yes,low,9,1,Unknown,0
3285,Male,78,0,0,Yes,no,high,9,1,smokes,0
11809,Male,60,0,0,Yes,yes,high,8,1,never smoked,0
1775,Male,79,0,0,Yes,no,low,11,1,never smoked,0
17473,Female,78,0,0,No,yes,high,8,1,Unknown,0
26928,Male,74,0,0,Yes,yes,high,10,1,never smoked,0
17683,Male,69,0,0,Yes,no,low,12,1,smokes,0
7163,Female,78,0,0,Yes,no,high,10,1,never smoked,0
7220,Male,79,0,0,Yes,yes,high,12,1,never smoked,0
7059,Male,48,0,0,Yes,yes,high,8,1,never smoked,0
11421,Male,78,0,0,No,yes,low,9,1,Unknown,0
410,Male,82,0,0,Yes,no,high,12,2,never smoked,0
10480,Male,78,1,0,Yes,yes,low,12,1,never smoked,0
27457,Female,72,1,0,Yes,yes,high,12,1,formerly smoked,0
49222,Female,73,0,0,Yes,yes,high,8,1,never smoked,0
8962,Male,63,0,0,Yes,no,low,10,1,Unknown,0
45246,Male,65,0,0,No,no,low,9,1,never smoked,0
26135,Female,78,0,0,Yes,no,high,11,1,formerly smoked,0
5051,Female,74,0,0,Yes,no,high,8,1,never smoked,0
49066,Female,58,0,0,No,no,low,8,1,never smoked,0
30881,Male,72,0,1,Yes,no,low,10,1,Unknown,0
12746,Male,60,0,0,Yes,no,high,8,1,formerly smoked,0
12575,Male,78,0,0,Yes,no,high,8,1,never smoked,0
27230,Male,58,0,0,Yes,no,low,11,1,smokes,0
39043,Female,60,0,0,Yes,no,low,8,1,smokes,0
16661,Male,58,1,0,Yes,no,high,11,1,never smoked,0
17424,Male,66,0,0,Yes,no,high,11,1,formerly smoked,0
3767,Male,82,0,0,No,yes,low,10,1,never smoked,0
41681,Female,80,0,0,No,yes,high,11,1,Unknown,0
13688,Male,62,0,0,Yes,yes,low,8,1,smokes,0
10143,Male,73,0,0,No,yes,low,12,1,Unknown,0
17325,Female,65,0,0,Yes,yes,high,8,1,never smoked,0
5564,Female,81,0,0,Yes,yes,high,10,1,formerly smoked,0
38822,Male,67,0,0,No,yes,high,12,1,Unknown,0
8450,Male,78,0,0,No,yes,low,9,1,never smoked,0
1171,Female,91,0,0,Yes,no,high,11,1,formerly smoked,0
31737,Male,80,0,1,No,yes,high,10,1,smokes,0
1241,Male,54,1,0,No,yes,low,8,1,smokes,0
91,Female,74,0,0,No,yes,high,8,1,never smoked,0
7680,Female,61,0,0,Yes,yes,high,9,1,formerly smoked,0
3448,Female,39,1,1,Yes,yes,low,11,1,never smoked,0
11085,Male,78,0,0,Yes,no,low,8,1,smokes,0
6888,Male,73,1,0,No,yes,high,9,1,never smoked,0
13141,Male,80,0,0,No,yes,high,8,1,never smoked,0
44415,Female,77,0,1,No,yes,low,12,1,never smoked,0
8578,Female,81,0,0,No,yes,low,10,1,Unknown,0
16797,Male,48,0,0,Yes,no,low,11,1,never smoked,0
12480,Male,80,0,0,Yes,no,high,9,1,never smoked,0
4138,Male,81,0,0,Yes,no,high,9,1,Unknown,0
1632,Male,79,0,0,Yes,no,high,12,2,never smoked,0
697,Female,60,0,0,Yes,no,low,9,1,smokes,0
23638,Male,78,0,0,No,no,high,9,1,Unknown,0
2888,Male,76,0,0,Yes,no,low,9,1,formerly smoked,0
10716,Female,80,0,1,Yes,no,low,11,1,Unknown,0
24277,Male,75,0,0,Yes,no,low,8,1,never smoked,0
13060,Male,57,0,0,No,no,high,9,1,Unknown,0
37349,Female,61,1,1,Yes,no,high,9,1,formerly smoked,0
900,Female,56,0,0,Yes,no,high,11,1,formerly smoked,0
42058,Male,52,1,0,Yes,no,high,9,1,never smoked,0
9049,Female,39,1,0,No,no,low,12,1,formerly smoked,0
65138,Male,67,0,0,Yes,yes,low,11,1,formerly smoked,0
38073,Male,50,1,0,No,yes,high,10,1,formerly smoked,0
45397,Male,78,0,0,No,yes,low,8,1,smokes,0
69,Male,39,0,0,No,yes,high,10,1,smokes,0
14187,Female,82,0,1,Yes,yes,low,8,1,formerly smoked,0
30637,Female,80,1,0,Yes,yes,low,10,1,formerly smoked,0
2821,Female,76,0,0,No,no,low,9,1,formerly smoked,0
28893,Female,54,0,1,No,yes,low,9,1,formerly smoked,0
11216,Male,52,0,0,Yes,yes,low,10,1,Unknown,0
6396,Male,76,0,0,Yes,yes,high,10,1,never smoked,0
14604,Female,56,0,0,No,yes,low,11,1,Unknown,0
7044,Female,66,0,0,No,no,low,8,1,never smoked,0
9222,Female,62,1,0,No,no,low,10,1,smokes,0
2683,Female,63,0,0,Yes,yes,low,8,1,formerly smoked,0
25439,Male,77,0,0,No,yes,high,8,1,smokes,0
6804,Female,72,0,0,Yes,yes,low,12,1,never smoked,0
18063,Female,72,0,1,Yes,no,low,11,1,smokes,0
39548,Male,60,0,1,No,yes,high,9,1,Unknown,0
27765,Female,80,0,0,Yes,yes,high,9,1,Unknown,0
520,Female,61,0,0,Yes,yes,high,8,1,never smoked,0
33230,Male,65,0,0,Yes,yes,high,11,1,never smoked,0
12935,Male,78,0,0,Yes,yes,high,11,1,smokes,0
52951,Female,82,1,0,No,yes,high,12,1,Unknown,0
27017,Female,80,1,0,Yes,no,high,12,1,formerly smoked,0
49350,Female,77,0,0,Yes,no,low,10,1,never smoked,0
17258,Male,72,0,0,No,no,low,10,1,never smoked,0
1642,Male,73,0,1,Yes,no,low,11,1,formerly smoked,0
26240,Male,60,0,0,No,no,low,9,2,Unknown,0
4469,Female,73,0,0,No,no,high,12,1,Unknown,0
45122,Female,74,0,0,Yes,no,high,10,1,smokes,0
8837,Male,65,0,0,Yes,no,low,10,1,Unknown,0
1192,Female,78,0,0,No,no,low,8,1,Unknown,0
293,Female,66,0,0,Yes,no,low,11,1,formerly smoked,0
12347,Female,69,0,0,Yes,no,high,8,1,formerly smoked,0
19894,Male,78,0,0,No,no,high,11,1,formerly smoked,0
6182,Male,80,0,0,Yes,yes,high,10,1,never smoked,0
9864,Male,78,0,0,Yes,yes,high,8,1,never smoked,0
52652,Female,60,0,0,Yes,no,high,12,1,Unknown,0
70074,Male,58,0,0,Yes,yes,low,11,1,smokes,0
351,Male,75,0,0,Yes,yes,high,9,1,never smoked,0
1181,Female,71,0,0,No,yes,high,10,1,never smoked,0
6611,Male,79,0,0,No,no,high,9,1,never smoked,0
12968,Male,61,0,0,No,yes,low,12,1,Unknown,0
12690,Female,82,0,0,Yes,yes,low,8,1,never smoked,0
1323,Male,82,0,0,Yes,yes,high,12,1,Unknown,0
19074,Female,63,0,0,Yes,yes,high,8,1,smokes,0
17381,Female,82,0,0,No,yes,low,8,1,Unknown,0
2568,Male,76,0,0,Yes,no,high,9,1,Unknown,0
47472,Female,80,0,0,No,yes,high,11,1,Unknown,0
31815,Male,57,0,0,Yes,no,high,12,1,formerly smoked,0
15077,Male,80,0,0,Yes,no,low,10,1,never smoked,0
7369,Female,82,0,0,No,yes,low,9,1,Unknown,0
9366,Male,79,0,0,Yes,no,low,9,1,formerly smoked,0
1273,Male,54,0,0,Yes,no,low,8,1,never smoked,0
5296,Female,78,0,1,Yes,yes,low,11,1,smokes,0
8228,Male,58,1,0,Yes,no,low,9,1,never smoked,0
14268,Male,69,0,0,Yes,no,low,10,1,Unknown,0
33984,Female,65,0,0,No,no,low,12,1,Unknown,0
41615,Male,79,0,0,Yes,no,low,11,1,smokes,0
20596,Male,81,0,0,No,no,low,10,1,never smoked,0
56554,Female,80,0,0,Yes,no,high,9,1,Unknown,0
13533,Female,75,0,0,Yes,no,high,10,1,formerly smoked,0
34458,Female,80,0,0,Yes,no,low,10,1,formerly smoked,0
46984,Female,63,0,0,No,no,low,11,1,Unknown,0
3095,Male,60,0,0,Yes,no,high,12,1,Unknown,0
15708,Female,49,0,0,No,no,high,8,2,never smoked,0
3547,Female,80,0,0,Yes,no,high,8,1,formerly smoked,0
23140,Male,57,1,0,Yes,no,low,11,1,smokes,0
4452,Female,52,0,0,Yes,no,high,12,1,formerly smoked,0
18741,Male,67,0,0,No,yes,high,11,1,Unknown,0
15934,Male,81,0,0,Yes,yes,low,12,1,formerly smoked,0
3316,Female,75,0,0,No,yes,high,9,1,Unknown,0
85,Male,82,0,0,No,yes,high,11,1,formerly smoked,0
37414,Female,76,0,0,Yes,yes,high,12,1,never smoked,0
4705,Male,77,0,0,Yes,yes,high,10,1,never smoked,0
17724,Male,82,0,0,No,yes,high,8,1,smokes,0
12524,Male,58,0,0,Yes,no,high,12,1,smokes,0
15140,Male,64,0,0,No,yes,high,12,1,Unknown,0
7709,Female,63,0,0,Yes,yes,low,10,1,smokes,0
17847,Female,80,0,1,Yes,yes,low,11,1,formerly smoked,0
5860,Female,75,0,0,No,yes,high,10,1,Unknown,0
51498,Female,72,0,0,Yes,yes,high,12,1,never smoked,0
1535,Female,76,0,1,Yes,yes,low,8,1,never smoked,0
4958,Male,65,1,0,Yes,no,low,11,1,never smoked,0
181,Female,50,1,1,Yes,no,low,8,1,smokes,0
16886,Male,63,0,0,No,yes,high,8,1,Unknown,0
1991,Male,73,1,0,Yes,no,low,12,1,never smoked,0
2614,Male,48,0,0,No,yes,low,12,1,never smoked,0
31798,Female,79,0,0,No,yes,high,9,1,Unknown,0
17431,Female,74,0,0,No,yes,low,8,1,never smoked,0
18073,Male,54,0,0,Yes,yes,low,12,1,formerly smoked,0
47944,Female,69,0,0,Yes,no,low,11,1,never smoked,0
33438,Female,60,1,0,Yes,no,low,8,1,smokes,0
2793,Male,77,0,0,No,no,low,8,1,never smoked,0
5193,Male,78,0,0,Yes,no,low,8,1,smokes,0
49136,Male,82,0,1,Yes,no,low,8,1,never smoked,0
29988,Female,82,0,1,Yes,no,high,11,1,never smoked,0
29869,Male,75,0,0,Yes,no,low,8,1,never smoked,0
3067,Male,78,0,1,Yes,no,high,10,1,never smoked,0
95,Male,73,0,0,Yes,no,low,12,1,smokes,0
36782,Male,74,0,0,Yes,no,low,10,1,smokes,0
9289,Male,54,0,0,Yes,no,low,10,1,Unknown,0
2686,Male,78,0,0,Yes,no,high,10,1,formerly smoked,0
365,Female,82,1,0,Yes,no,high,12,2,never smoked,0
21488,Male,69,0,0,Yes,yes,low,11,1,formerly smoked,0
30439,Male,62,0,0,Yes,no,high,10,1,formerly smoked,0
39712,Male,56,0,0,Yes,yes,low,9,1,Unknown,0
26178,Male,72,0,0,No,yes,high,8,1,never smoked,0
18497,Female,81,0,0,Yes,no,low,9,1,formerly smoked,0
8470,Female,79,0,1,Yes,yes,high,11,1,Unknown,0
15602,Female,71,0,0,No,yes,low,9,1,never smoked,0
2047,Male,82,0,0,No,yes,low,9,1,Unknown,0
6237,Male,64,0,0,Yes,no,low,12,1,Unknown,0
14763,Female,76,0,0,Yes,yes,high,12,1,never smoked,0
38035,Female,75,0,0,Yes,yes,high,9,1,never smoked,0
17075,Female,58,0,1,No,yes,low,12,1,never smoked,0
60558,Female,82,0,0,No,yes,high,11,1,Unknown,0
58598,Male,80,0,0,No,yes,high,12,1,Unknown,0
9882,Female,82,0,0,Yes,yes,high,9,1,formerly smoked,0
51779,Male,76,0,0,Yes,yes,low,10,1,formerly smoked,0
34460,Male,79,0,0,Yes,no,high,12,1,formerly smoked,0
2582,Male,79,0,0,Yes,yes,high,10,1,never smoked,0
16228,Female,57,1,0,Yes,yes,low,12,1,never smoked,0
3111,Female,57,1,0,Yes,no,high,9,1,smokes,0
11722,Female,78,0,0,No,yes,low,9,1,Unknown,0
13921,Female,64,1,0,Yes,no,high,12,1,Unknown,0
20954,Male,56,0,0,Yes,no,low,9,1,never smoked,0
12185,Male,48,0,0,Yes,no,high,10,1,smokes,0
62029,Male,78,0,0,Yes,no,low,9,1,never smoked,0
31307,Male,75,0,0,Yes,no,high,11,1,never smoked,0
18966,Female,54,0,0,Yes,no,high,11,1,never smoked,0
40368,Female,74,0,0,Yes,no,high,10,1,never smoked,0
58415,Female,74,0,0,Yes,no,high,10,1,Unknown,0
12266,Male,59,0,0,Yes,no,high,10,1,never smoked,0
9068,Male,57,0,0,No,no,low,8,1,Unknown,0
4240,Male,79,0,0,No,no,high,10,1,Unknown,0
3494,Female,82,0,0,No,yes,low,9,1,Unknown,0
13563,Male,80,0,0,Yes,no,high,8,1,smokes,0
39528,Male,77,0,0,Yes,yes,low,9,1,never smoked,0
14299,Male,75,0,0,No,yes,low,9,1,never smoked,0
16973,Male,49,0,0,Yes,yes,high,10,1,never smoked,0
11456,Female,79,0,0,No,yes,high,11,2,Unknown,0
14180,Male,63,0,0,No,yes,high,9,1,never smoked,0
16762,Male,66,0,0,No,yes,high,8,1,Unknown,0
19783,Male,76,0,1,Yes,yes,low,8,1,never smoked,0
27128,Female,91,0,0,Yes,yes,low,10,1,never smoked,0
16214,Male,65,0,0,Yes,yes,low,11,1,never smoked,0
598,Male,59,0,0,No,no,high,9,1,never smoked,0
6526,Male,48,0,0,No,yes,high,10,1,never smoked,0
65150,Female,49,0,1,Yes,no,low,12,1,formerly smoked,0
21559,Female,68,0,0,Yes,no,low,9,1,smokes,0
3488,Male,63,0,0,Yes,yes,low,12,1,never smoked,0
8372,Female,82,0,0,No,yes,low,8,1,Unknown,0
27010,Male,73,0,0,No,yes,low,8,1,Unknown,0
34816,Male,60,0,0,Yes,yes,low,11,1,Unknown,0
18607,Female,80,0,0,Yes,yes,low,8,1,formerly smoked,0
51482,Female,61,0,0,No,no,low,11,1,never smoked,0
326,Male,71,0,0,No,yes,low,10,1,smokes,0
8900,Female,71,0,0,Yes,yes,low,9,1,formerly smoked,0
20281,Female,81,0,0,Yes,no,low,10,1,formerly smoked,0
29587,Male,67,0,0,Yes,no,high,9,1,Unknown,0
44133,Male,71,0,0,No,no,high,8,1,never smoked,0
8175,Male,61,0,0,No,no,high,8,1,Unknown,0
13859,Male,58,0,0,Yes,no,high,10,1,Unknown,0
6682,Male,59,0,0,Yes,no,high,9,1,never smoked,0
36847,Male,60,0,0,Yes,no,high,11,1,never smoked,0
4672,Male,61,0,0,Yes,no,high,11,1,smokes,0
20659,Female,76,0,0,Yes,no,high,8,1,never smoked,0
23705,Female,75,0,0,Yes,no,low,8,1,never smoked,0
2853,Male,73,0,0,Yes,no,high,9,1,never smoked,0
1414,Male,63,0,0,No,yes,low,10,1,Unknown,0
10741,Male,50,0,0,Yes,yes,high,11,1,formerly smoked,0
37485,Female,80,0,0,Yes,yes,high,8,1,formerly smoked,0
22168,Male,60,0,0,Yes,yes,low,12,1,Unknown,0
13151,Female,66,0,0,Yes,no,high,11,1,formerly smoked,0
20636,Male,75,0,0,Yes,yes,low,9,1,never smoked,0
33906,Male,61,0,0,Yes,yes,high,8,1,never smoked,0
21551,Female,49,0,1,Yes,yes,high,9,1,never smoked,0
21185,Female,78,1,0,Yes,no,high,8,1,never smoked,0
924,Female,61,0,0,Yes,yes,high,10,2,smokes,0
2686,Female,82,0,0,Yes,yes,high,9,1,Unknown,0
15919,Male,68,1,0,Yes,yes,high,11,1,never smoked,0
8697,Female,78,0,0,No,yes,low,10,1,smokes,0
30464,Female,65,0,0,No,yes,high,11,1,never smoked,0
50664,Male,80,0,0,Yes,yes,high,11,1,never smoked,0
18681,Female,78,0,0,No,yes,high,12,1,Unknown,0
24192,Male,77,0,0,Yes,no,low,12,1,never smoked,0
22042,Female,73,0,0,Yes,yes,low,10,1,smokes,0
26837,Female,68,0,0,Yes,no,low,9,1,smokes,0
18370,Female,61,1,0,Yes,yes,low,8,1,never smoked,0
20930,Male,81,0,0,Yes,no,low,12,1,formerly smoked,0
28986,Male,57,1,0,Yes,yes,low,10,1,smokes,0
51699,Female,82,0,0,Yes,yes,low,10,1,never smoked,0
4615,Male,74,0,0,Yes,no,low,10,1,Unknown,0
4408,Male,79,0,0,No,no,high,10,1,Unknown,0
5676,Male,48,0,0,Yes,no,high,12,1,smokes,0
9359,Female,54,0,0,Yes,no,low,10,1,formerly smoked,0
3083,Male,52,0,0,Yes,no,high,12,1,smokes,0
35960,Female,79,0,0,No,no,low,12,1,Unknown,0
48129,Female,58,0,0,No,no,low,11,1,Unknown,0
32101,Male,72,0,0,No,no,high,11,1,Unknown,0
865,Female,79,0,0,Yes,no,high,9,1,smokes,0
7744,Male,69,0,0,No,no,low,12,1,Unknown,0
39568,Male,39,0,0,Yes,no,low,12,1,formerly smoked,0
6474,Female,70,0,0,No,yes,high,8,1,Unknown,0
2641,Male,72,0,0,No,yes,low,10,1,Unknown,0
42888,Male,74,0,0,Yes,no,low,8,1,never smoked,0
44199,Female,81,0,0,No,yes,low,11,1,never smoked,0
21762,Female,58,0,0,Yes,yes,low,8,1,smokes,0
6000,Male,76,0,0,Yes,no,high,9,1,Unknown,0
13453,Male,78,0,0,Yes,yes,low,12,1,smokes,0
15551,Female,75,0,0,Yes,no,low,8,1,smokes,0
4781,Male,73,1,0,Yes,yes,low,9,1,formerly smoked,0
1985,Female,77,1,0,Yes,yes,low,8,1,never smoked,0
19366,Male,71,0,0,Yes,yes,low,8,1,smokes,0
491,Female,74,0,1,Yes,no,high,8,1,Unknown,0
16969,Male,78,1,0,Yes,no,high,8,1,smokes,0
15841,Male,69,0,0,No,yes,high,8,2,smokes,0
10213,Male,76,0,0,Yes,no,low,8,1,smokes,0
42792,Male,58,0,0,Yes,yes,high,9,1,Unknown,0
328,Male,76,0,0,No,yes,low,10,1,never smoked,0
9809,Male,73,0,0,Yes,yes,low,11,1,formerly smoked,0
25888,Female,71,0,0,Yes,no,low,8,1,never smoked,0
47069,Male,71,0,0,No,yes,low,12,1,Unknown,0
2632,Female,79,0,0,Yes,yes,high,8,1,Unknown,0
3896,Female,67,0,0,Yes,yes,high,8,1,formerly smoked,0
30368,Male,78,0,1,No,yes,low,12,1,smokes,0
38,Male,68,0,0,No,no,high,11,1,Unknown,0
13170,Female,75,0,0,No,no,high,12,1,smokes,0
52863,Female,54,0,0,Yes,no,high,9,1,formerly smoked,0
1161,Male,91,1,0,Yes,no,low,10,1,never smoked,0
50460,Male,76,0,0,No,no,high,12,1,never smoked,0
21802,Female,78,0,0,Yes,no,high,8,1,smokes,0
106,Female,49,0,0,Yes,no,high,12,1,never smoked,0
52174,Female,81,0,0,No,no,high,9,1,Unknown,0
9760,Male,62,0,0,Yes,no,low,8,1,never smoked,0
2556,Male,73,0,0,Yes,no,low,12,1,Unknown,0
17599,Male,80,1,0,Yes,no,low,12,1,never smoked,0
8883,Male,63,0,0,No,no,low,11,1,never smoked,0
93,Male,79,0,0,Yes,yes,high,8,1,formerly smoked,0
31794,Male,49,0,0,No,no,low,12,1,never smoked,0
38492,Female,52,0,0,No,yes,high,12,1,Unknown,0
4735,Male,78,0,0,No,yes,high,10,1,Unknown,0
2835,Female,80,0,0,No,yes,high,9,1,never smoked,0
4449,Female,73,0,0,Yes,yes,low,9,1,never smoked,0
5059,Male,57,0,0,Yes,yes,high,9,1,formerly smoked,0
27565,Male,80,0,0,Yes,yes,high,11,1,formerly smoked,0
8158,Male,50,0,0,No,yes,low,12,1,Unknown,0
18987,Female,78,0,0,No,yes,high,8,1,never smoked,0
14956,Male,72,0,0,Yes,yes,high,9,1,smokes,0
10770,Male,39,0,0,Yes,no,low,12,1,smokes,0
30311,Female,72,0,0,Yes,yes,low,8,1,Unknown,0
49,Female,81,0,0,No,yes,low,12,1,Unknown,0
30315,Female,56,1,0,Yes,no,high,9,1,smokes,0
349,Female,80,0,1,Yes,no,high,9,1,formerly smoked,0
13141,Male,79,0,0,Yes,yes,low,8,2,Unknown,0
26679,Male,82,0,1,Yes,no,high,9,1,smokes,0
13601,Male,58,0,0,Yes,no,high,10,1,smokes,0
23995,Female,61,0,0,No,yes,low,11,1,Unknown,0
1614,Male,69,0,0,No,yes,low,12,1,Unknown,0
32821,Female,69,0,0,Yes,no,high,12,1,Unknown,0
4350,Male,70,0,0,Yes,no,high,10,1,formerly smoked,0
27736,Male,63,0,0,No,no,high,11,1,Unknown,0
3061,Female,68,0,0,Yes,no,high,11,1,formerly smoked,0
6434,Male,79,0,0,No,no,high,9,1,Unknown,0
17861,Female,80,0,0,No,no,high,8,1,smokes,0
37423,Male,78,0,0,Yes,no,low,12,1,smokes,0
30520,Male,58,1,0,Yes,no,high,10,1,never smoked,0
8332,Female,80,0,0,No,no,high,8,1,Unknown,0
2358,Male,74,0,0,Yes,no,low,12,1,never smoked,0
1625,Female,60,0,0,Yes,no,high,10,1,formerly smoked,0
17798,Male,63,0,0,Yes,no,high,9,1,Unknown,0
38178,Female,69,0,0,Yes,yes,high,8,1,Unknown,0
60164,Male,61,0,0,No,yes,high,10,1,Unknown,0
38158,Male,56,0,0,Yes,yes,high,8,1,never smoked,0
7142,Female,64,0,0,Yes,yes,high,12,1,never smoked,0
2280,Male,80,0,0,Yes,yes,high,12,1,never smoked,0
719,Female,80,0,0,Yes,yes,high,11,1,Unknown,0
15460,Male,61,0,0,No,yes,high,8,1,smokes,0
43606,Male,77,0,0,No,no,high,9,1,never smoked,0
2534,Male,64,0,0,No,yes,high,8,1,formerly smoked,0
45002,Male,73,1,0,No,yes,high,12,1,never smoked,0
37543,Male,80,0,0,No,yes,low,10,1,Unknown,0
216,Male,56,0,0,No,yes,low,12,1,Unknown,0
6005,Male,82,0,0,Yes,yes,low,12,1,Unknown,0
18325,Male,54,0,0,No,yes,high,12,1,Unknown,0
40285,Female,65,0,0,Yes,yes,high,8,1,never smoked,0
21979,Male,78,0,0,Yes,yes,low,12,1,Unknown,0
20899,Male,73,0,0,No,yes,low,9,1,Unknown,0
10260,Male,63,0,0,Yes,yes,low,11,1,formerly smoked,0
26334,Male,78,0,0,Yes,yes,high,11,1,smokes,0
18862,Female,63,0,0,No,yes,low,10,1,Unknown,0
93,Male,42,0,0,Yes,no,low,8,1,never smoked,0
12299,Male,78,0,0,Yes,no,high,12,2,never smoked,0
33440,Male,54,0,0,Yes,no,high,8,1,smokes,0
23999,Female,78,0,0,No,no,low,8,1,Unknown,0
21111,Female,61,0,0,Yes,no,high,8,1,Unknown,0
14561,Male,71,0,0,No,no,high,11,1,never smoked,0
38969,Female,58,0,0,No,no,high,11,1,smokes,0
31708,Female,63,1,0,No,no,low,10,1,never smoked,0
35395,Female,82,0,0,Yes,no,high,9,1,Unknown,0
29138,Female,79,0,0,Yes,no,high,11,1,never smoked,0
26042,Female,75,0,0,Yes,no,low,10,1,never smoked,0
13311,Male,68,0,0,Yes,no,low,10,1,Unknown,0
21008,Male,81,0,0,Yes,no,high,8,1,never smoked,0
432,Female,75,0,0,No,no,low,11,1,never smoked,0
10356,Male,56,0,0,No,yes,low,11,1,never smoked,0
13278,Male,79,0,0,Yes,yes,high,12,1,smokes,0
60071,Male,78,1,0,Yes,yes,low,12,1,smokes,0
13864,Female,54,0,0,Yes,no,high,9,1,smokes,0
27523,Male,65,0,0,Yes,yes,low,8,1,smokes,0
48003,Male,65,0,0,Yes,no,low,8,1,never smoked,0
11863,Male,39,0,1,Yes,no,high,8,1,Unknown,0
50942,Male,82,0,0,Yes,yes,low,9,1,smokes,0
22394,Male,61,0,0,Yes,yes,high,12,1,formerly smoked,0
12035,Male,80,0,0,Yes,yes,low,12,1,smokes,0
2187,Female,60,1,0,Yes,no,low,8,1,never smoked,0
9371,Male,79,0,0,No,yes,high,11,1,Unknown,0
48080,Female,79,1,0,Yes,yes,low,11,1,never smoked,0
50539,Female,79,0,0,No,yes,low,8,1,Unknown,0
22529,Male,67,0,0,No,yes,low,10,1,Unknown,0
3548,Male,72,0,0,No,no,high,9,1,never smoked,0
931,Female,80,0,0,No,no,low,8,1,never smoked,0
24860,Female,71,0,0,No,no,low,10,1,Unknown,0
4763,Male,79,0,0,Yes,no,high,10,1,formerly smoked,0
36840,Female,70,0,0,Yes,yes,low,11,1,smokes,0
21434,Male,61,0,0,No,yes,low,11,1,Unknown,0
13901,Female,73,1,1,No,no,low,8,1,smokes,0
49928,Male,56,0,0,Yes,no,low,10,1,never smoked,0
1006,Female,65,0,0,Yes,no,low,11,1,never smoked,0
7979,Female,60,0,0,No,no,high,12,1,Unknown,0
9226,Female,74,0,0,No,no,low,8,2,Unknown,0
55064,Male,79,0,0,Yes,no,low,8,1,smokes,0
21678,Male,73,0,0,Yes,no,high,10,1,smokes,0
2142,Male,91,0,0,Yes,no,low,9,1,never smoked,0
1669,Male,42,0,0,Yes,no,low,12,1,smokes,0
233,Male,49,0,0,Yes,no,high,9,1,Unknown,0
532,Female,49,0,0,No,no,high,8,1,Unknown,0
29310,Male,78,0,0,Yes,no,low,9,1,never smoked,0
190,Female,72,0,0,Yes,no,high,10,1,never smoked,0
8552,Male,67,0,0,Yes,no,low,11,1,never smoked,0
7136,Male,91,0,0,No,yes,low,10,1,never smoked,0
3408,Male,63,0,0,No,yes,low,9,1,Unknown,0
23407,Male,75,0,0,Yes,yes,low,12,1,never smoked,0
29572,Female,54,0,0,No,yes,low,9,1,formerly smoked,0
38817,Male,60,0,0,Yes,no,high,12,1,never smoked,0
46985,Male,63,0,0,No,no,low,12,1,never smoked,0
3878,Female,67,0,0,Yes,yes,low,12,1,formerly smoked,0
38610,Male,71,0,0,Yes,yes,low,9,1,smokes,0
4361,Male,62,0,0,No,yes,high,12,1,never smoked,0
1000,Male,66,1,0,No,yes,low,12,1,smokes,0
14775,Male,67,0,0,No,yes,low,11,1,Unknown,0
6184,Male,71,0,0,Yes,yes,high,11,1,never smoked,0
25409,Female,78,0,0,Yes,yes,low,9,1,never smoked,0
3691,Male,54,0,0,Yes,yes,high,11,1,Unknown,0
9023,Male,71,1,0,Yes,yes,low,12,1,never smoked,0
8162,Male,82,0,0,No,no,high,11,1,never smoked,0
18472,Male,76,0,0,No,yes,high,11,1,never smoked,0
44130,Female,73,0,0,Yes,no,low,9,1,formerly smoked,0
21418,Male,50,0,0,No,yes,low,8,1,smokes,0
20617,Female,58,0,0,Yes,no,low,8,1,Unknown,0
6299,Female,78,0,0,Yes,yes,low,9,1,formerly smoked,0
4946,Female,57,0,0,Yes,no,low,10,1,Unknown,0
6916,Female,57,0,0,Yes,no,low,12,1,Unknown,0
19451,Male,52,0,0,Yes,no,high,11,1,never smoked,0
18969,Female,72,0,0,No,no,low,11,1,Unknown,0
32658,Female,63,0,0,No,no,high,9,1,Unknown,0
83,Male,66,0,0,Yes,no,low,11,1,formerly smoked,0
2577,Female,59,0,0,No,no,high,11,1,Unknown,0
3766,Male,73,0,0,Yes,no,low,9,2,never smoked,0
29721,Male,70,0,0,Yes,no,low,9,1,never smoked,0
8768,Male,82,1,0,Yes,no,low,8,1,Unknown,0
27034,Male,82,0,0,No,no,low,10,1,Unknown,0
13002,Male,91,0,0,No,no,low,11,1,Unknown,0
3372,Female,60,0,0,No,yes,high,9,1,Unknown,0
15335,Female,82,0,0,No,yes,low,10,1,Unknown,0
369,Male,80,0,0,Yes,yes,high,9,1,never smoked,0
5369,Male,80,0,0,Yes,no,low,11,1,Unknown,0
28566,Male,56,0,0,No,yes,high,10,1,never smoked,0
48408,Male,67,0,0,No,yes,high,9,1,formerly smoked,0
2999,Male,63,0,0,Yes,no,high,9,1,never smoked,0
3875,Female,60,0,0,Yes,no,high,8,1,smokes,0
3704,Male,78,0,0,No,yes,high,9,1,Unknown,0
1027,Female,72,0,0,Yes,yes,low,8,1,smokes,0
44244,Female,59,0,0,No,yes,low,8,1,Unknown,0
497,Male,79,0,0,Yes,no,high,12,1,never smoked,0
12238,Male,61,0,0,Yes,no,high,12,1,Unknown,0
353,Female,61,0,0,Yes,no,high,11,1,formerly smoked,0
23790,Female,79,0,1,Yes,no,low,9,1,smokes,0
6069,Female,77,0,0,Yes,yes,low,10,1,Unknown,0
3563,Male,77,0,0,Yes,yes,high,8,1,never smoked,0
4120,Male,69,1,1,Yes,yes,high,8,1,never smoked,0
1073,Male,80,0,0,No,yes,high,8,1,Unknown,0
29529,Female,57,0,0,Yes,no,low,11,1,Unknown,0
8902,Male,82,0,0,Yes,no,high,10,1,never smoked,0
32774,Male,82,0,0,Yes,yes,low,9,1,never smoked,0
13274,Female,63,0,1,Yes,no,low,8,1,never smoked,0
2971,Female,74,0,0,Yes,no,high,9,1,never smoked,0
11893,Male,71,0,0,No,no,low,11,1,smokes,0
23448,Male,69,0,0,Yes,no,low,11,1,never smoked,0
35711,Female,69,0,0,Yes,no,low,10,1,formerly smoked,0
12867,Female,74,0,0,No,no,low,11,1,smokes,0
18106,Female,58,0,0,Yes,no,high,12,1,Unknown,0
19406,Male,78,0,0,Yes,no,low,12,1,never smoked,0
23399,Male,67,0,0,Yes,no,high,8,1,formerly smoked,0
16159,Female,71,0,0,No,no,low,10,1,formerly smoked,0
14722,Male,67,0,0,Yes,no,high,10,1,smokes,0
47259,Female,76,0,0,No,no,low,9,2,smokes,0
5549,Female,60,0,0,No,yes,low,9,1,Unknown,0
22969,Female,58,1,1,Yes,yes,high,11,1,never smoked,0
14855,Female,63,0,0,No,yes,high,8,1,never smoked,0
30653,Female,57,1,0,Yes,yes,low,9,1,smokes,0
7843,Male,61,0,0,Yes,yes,low,12,1,formerly smoked,0
5139,Female,78,0,1,Yes,yes,high,9,1,formerly smoked,0
8681,Female,75,0,0,No,no,low,9,1,formerly smoked,0
21126,Female,78,0,1,Yes,yes,high,11,1,smokes,0
10545,Male,79,0,0,Yes,yes,high,8,1,smokes,0
1715,Female,58,1,1,Yes,yes,high,11,1,Unknown,0
11793,Female,74,0,0,Yes,yes,low,12,1,Unknown,0
7497,Male,66,0,0,No,yes,high,12,1,smokes,0
18934,Male,59,0,0,No,yes,low,12,1,formerly smoked,0
34801,Female,57,0,1,Yes,yes,low,12,1,formerly smoked,0
33,Male,61,0,0,No,yes,low,12,1,never smoked,0
16600,Male,82,1,0,Yes,yes,low,8,1,smokes,0
14958,Female,75,0,0,No,yes,high,8,1,Unknown,0
33641,Female,63,0,0,No,yes,high,11,1,Unknown,0
9759,Female,72,0,1,Yes,yes,low,11,1,Unknown,0
25769,Female,80,0,0,Yes,yes,high,11,1,formerly smoked,0
567,Male,62,1,0,Yes,yes,low,10,1,never smoked,0
25693,Female,70,0,0,No,yes,high,10,1,Unknown,0
5447,Female,54,0,0,No,yes,high,11,1,smokes,0
12093,Male,79,0,0,Yes,no,high,10,1,formerly smoked,0
3985,Female,79,0,0,No,no,high,10,1,never smoked,0
13183,Male,63,0,0,Yes,no,high,9,1,never smoked,0
2339,Female,68,0,0,Yes,no,low,11,1,never smoked,0
12834,Female,81,0,1,Yes,no,high,8,1,never smoked,0
11524,Female,65,0,0,No,no,low,8,1,never smoked,0
54085,Male,72,0,0,No,no,high,8,1,Unknown,0
10222,Female,79,0,1,Yes,no,low,12,1,smokes,0
6592,Male,80,0,0,Yes,no,high,11,1,Unknown,0
1276,Female,62,0,0,No,no,high,8,1,never smoked,0
46037,Female,42,0,0,Yes,no,low,8,1,never smoked,0
285,Female,75,1,0,Yes,yes,low,12,1,smokes,0
6602,Male,66,0,0,Yes,yes,low,10,1,formerly smoked,0
36515,Female,42,0,0,Yes,yes,low,10,1,formerly smoked,0
1564,Male,76,0,0,Yes,yes,low,9,2,never smoked,0
18483,Female,73,0,0,No,yes,low,9,1,formerly smoked,0
44412,Female,75,1,0,Yes,no,high,11,1,never smoked,0
38100,Male,72,0,0,No,yes,high,8,1,Unknown,0
2209,Male,75,0,0,Yes,no,low,9,1,Unknown,0
23415,Female,39,0,0,Yes,yes,high,12,1,Unknown,0
3524,Female,79,0,0,Yes,yes,low,8,1,never smoked,0
307,Male,79,0,0,Yes,yes,high,9,1,smokes,0
42799,Female,57,1,0,Yes,yes,low,10,1,never smoked,0
32259,Male,80,0,0,No,yes,low,9,1,never smoked,0
11035,Male,68,0,0,Yes,yes,high,9,1,never smoked,0
13556,Male,42,0,0,Yes,yes,high,11,1,Unknown,0
51776,Female,78,0,0,Yes,yes,low,8,1,never smoked,0
2356,Male,69,0,0,No,yes,low,12,1,never smoked,0
45955,Female,82,0,0,Yes,yes,high,12,1,formerly smoked,0
9293,Female,82,0,0,No,yes,low,12,1,Unknown,0
49148,Male,58,0,0,Yes,yes,low,8,1,formerly smoked,0
11408,Female,65,1,0,Yes,yes,high,9,1,never smoked,0
50807,Female,63,0,0,Yes,yes,high,11,1,Unknown,0
53768,Male,79,1,0,Yes,no,high,11,1,never smoked,0
26612,Female,42,0,0,Yes,no,low,10,1,never smoked,0
14668,Male,57,1,0,Yes,no,high,9,1,formerly smoked,0
718,Male,42,0,0,No,no,low,12,1,never smoked,0
29254,Female,71,0,0,No,no,high,10,1,Unknown,0
40763,Female,80,0,0,No,no,low,9,1,never smoked,0
11617,Male,73,0,1,No,no,low,11,1,never smoked,0
13980,Male,79,0,0,Yes,no,low,9,1,never smoked,0
44050,Male,72,0,0,Yes,no,high,11,1,smokes,0
18144,Female,62,0,0,No,no,low,9,1,Unknown,0
18832,Female,70,0,0,Yes,no,high,10,1,never smoked,0
22394,Male,67,0,0,Yes,no,low,8,1,never smoked,0
829,Female,72,0,0,Yes,yes,high,12,1,never smoked,0
11717,Male,75,0,1,Yes,yes,low,8,1,never smoked,0
3082,Male,42,0,0,Yes,yes,high,9,1,Unknown,0
18187,Male,60,0,0,Yes,yes,low,9,1,never smoked,0
4567,Male,63,0,0,No,no,low,11,1,Unknown,0
39014,Female,71,0,0,Yes,yes,high,11,1,never smoked,0
20362,Female,81,0,0,No,yes,high,9,1,Unknown,0
23392,Male,71,0,0,Yes,no,high,8,2,never smoked,0
3662,Male,80,0,0,No,yes,low,10,1,Unknown,0
751,Female,66,0,0,Yes,no,high,12,1,Unknown,0
3420,Female,75,0,1,Yes,no,low,11,1,never smoked,0
1813,Female,77,0,0,No,yes,high,11,1,Unknown,0
56422,Male,72,0,0,Yes,yes,high,9,1,Unknown,0
8868,Female,66,0,0,No,yes,high,11,1,never smoked,0
19388,Male,42,0,0,Yes,yes,high,11,1,Unknown,0
13385,Male,58,0,0,Yes,yes,low,9,1,never smoked,0
27392,Male,76,0,0,Yes,yes,low,12,1,never smoked,0
3447,Male,75,0,0,Yes,yes,low,9,1,never smoked,0
39234,Male,66,0,0,Yes,no,low,11,1,formerly smoked,0
6452,Male,72,0,0,Yes,no,high,12,1,formerly smoked,0
1232,Male,63,0,0,Yes,no,low,10,1,formerly smoked,0
8438,Male,59,0,0,Yes,no,low,11,1,formerly smoked,0
12062,Female,77,0,0,Yes,yes,high,8,1,formerly smoked,0
10890,Female,75,0,0,No,no,low,8,1,Unknown,0
67125,Female,61,1,0,Yes,no,high,9,1,Unknown,0
62108,Female,80,0,0,No,no,low,9,1,formerly smoked,0
11935,Male,61,0,0,Yes,no,high,12,1,never smoked,0
35341,Female,82,0,0,Yes,no,high,10,1,never smoked,0
31127,Male,66,0,0,Yes,no,low,10,1,smokes,0
12211,Male,50,0,0,Yes,no,low,12,1,Unknown,0
36818,Female,52,0,0,Yes,no,high,8,1,never smoked,0
39156,Female,42,0,0,No,no,high,10,1,never smoked,0
1,Male,80,0,0,Yes,no,low,8,1,formerly smoked,0
22664,Male,68,0,0,Yes,no,high,12,1,Unknown,0
62889,Male,82,0,0,Yes,no,low,10,1,smokes,0
11824,Female,75,0,0,Yes,yes,low,12,1,never smoked,0
8127,Male,76,0,0,Yes,yes,high,8,1,Unknown,0
17066,Female,78,0,0,No,yes,high,8,1,Unknown,0
104,Male,79,0,0,No,yes,high,8,1,Unknown,0
42327,Male,74,0,0,Yes,yes,high,10,1,smokes,0
1510,Female,79,0,0,Yes,yes,high,9,1,formerly smoked,0
34385,Male,80,0,0,Yes,yes,high,12,1,Unknown,0
4199,Female,58,1,0,Yes,no,low,9,1,formerly smoked,0
2182,Female,78,0,0,Yes,yes,low,11,1,Unknown,0
9851,Male,73,0,0,Yes,no,high,12,1,smokes,0
2272,Male,80,0,0,Yes,no,high,10,2,never smoked,0
15100,Male,59,0,0,No,yes,high,12,1,smokes,0
61826,Male,80,0,0,Yes,yes,low,8,1,formerly smoked,0
9996,Male,58,0,0,No,yes,low,11,1,Unknown,0
1754,Female,79,0,0,Yes,yes,low,9,1,never smoked,0
32336,Female,79,0,1,Yes,yes,high,10,1,formerly smoked,0
49502,Male,82,0,0,Yes,no,low,10,1,never smoked,0
14613,Female,65,0,0,No,yes,low,11,1,Unknown,0
3242,Male,82,0,0,Yes,no,high,11,1,formerly smoked,0
1150,Male,76,0,0,Yes,yes,low,10,1,never smoked,0
1192,Female,80,0,1,Yes,no,low,12,1,formerly smoked,0
5893,Male,82,0,0,Yes,yes,high,8,1,smokes,0
39092,Male,58,0,0,Yes,no,high,11,1,Unknown,0
46214,Female,80,0,0,Yes,no,low,11,1,smokes,0
19942,Male,71,0,0,Yes,no,high,10,1,never smoked,0
27375,Male,82,0,0,Yes,no,high,12,1,never smoked,0
10158,Male,52,0,0,Yes,no,high,11,1,Unknown,0
6237,Male,73,0,0,No,no,high,8,1,smokes,0
26226,Male,67,1,0,Yes,no,low,12,1,never smoked,0
30712,Male,73,0,0,Yes,no,high,10,1,smokes,0
41352,Female,80,0,0,Yes,no,low,12,1,smokes,0
156,Female,63,0,0,Yes,no,high,10,1,smokes,0
2343,Male,72,0,0,No,no,low,11,1,Unknown,0
64029,Female,39,0,0,Yes,no,high,9,1,Unknown,0
1059,Male,61,0,0,Yes,yes,low,12,1,never smoked,0
23176,Female,72,0,0,No,yes,low,11,1,Unknown,0
473,Male,54,0,0,No,no,low,11,1,never smoked,0
8854,Female,66,0,0,Yes,no,low,12,1,smokes,0
3308,Male,60,0,0,Yes,no,low,11,1,Unknown,0
20540,Female,75,1,0,Yes,no,low,9,1,formerly smoked,0
13346,Male,82,0,0,Yes,no,high,10,1,never smoked,0
53206,Male,39,0,0,Yes,no,low,9,1,smokes,0
66964,Male,48,0,0,No,yes,high,12,1,Unknown,0
7904,Male,67,0,0,No,yes,low,8,1,Unknown,0
46011,Female,78,0,0,Yes,yes,low,8,1,Unknown,0
50361,Female,63,0,0,No,yes,low,8,1,never smoked,0
1830,Male,78,0,0,No,yes,low,11,1,Unknown,0
37449,Female,79,0,0,Yes,no,low,8,1,never smoked,0
2246,Male,75,0,0,No,no,high,8,2,smokes,0
18976,Female,81,1,0,Yes,yes,low,8,1,formerly smoked,0
33519,Female,66,0,0,No,yes,low,11,1,Unknown,0
32031,Male,58,0,0,Yes,yes,high,12,1,formerly smoked,0
52327,Male,61,0,0,No,yes,low,9,1,never smoked,0
1962,Male,57,0,0,Yes,no,high,11,1,formerly smoked,0
13727,Male,71,0,0,No,no,high,11,1,Unknown,0
2900,Male,80,0,0,No,no,low,10,1,formerly smoked,0
45094,Male,71,0,0,Yes,no,high,8,1,formerly smoked,0
28690,Female,61,0,0,Yes,yes,low,12,1,never smoked,0
12104,Male,54,1,0,Yes,no,low,11,1,formerly smoked,0
4814,Female,82,0,0,Yes,yes,low,12,1,never smoked,0
21050,Male,82,0,0,Yes,yes,low,9,1,Unknown,0
11135,Male,60,0,0,Yes,yes,low,10,1,formerly smoked,0
4001,Female,77,0,0,No,yes,low,12,1,never smoked,0
32706,Female,60,1,0,Yes,yes,low,8,1,never smoked,0
2319,Male,72,0,0,No,yes,high,12,1,Unknown,0
50479,Female,71,0,0,No,no,high,12,1,formerly smoked,0
5143,Male,56,0,0,Yes,yes,high,9,1,Unknown,0
36514,Male,72,0,0,Yes,yes,high,8,1,Unknown,0
51559,Female,75,1,0,Yes,no,low,12,1,Unknown,0
47603,Female,70,0,0,Yes,yes,high,9,1,smokes,0
34906,Male,67,0,0,No,yes,high,8,1,Unknown,0
69890,Female,52,0,0,Yes,no,low,10,1,Unknown,0
1643,Male,77,0,0,Yes,yes,high,11,1,smokes,0
12404,Female,67,0,1,Yes,yes,high,12,1,never smoked,0
1147,Male,82,0,0,No,yes,high,11,1,smokes,0
33770,Male,63,0,0,No,yes,low,10,1,Unknown,0
17137,Male,76,0,0,Yes,yes,low,11,1,never smoked,0
26524,Male,58,0,0,No,no,high,10,1,Unknown,0
19185,Male,58,0,0,Yes,yes,low,12,1,never smoked,0
4318,Male,54,0,0,Yes,yes,low,9,1,Unknown,0
2866,Male,78,1,0,Yes,yes,high,8,1,never smoked,0
6669,Female,65,0,0,Yes,yes,low,12,1,Unknown,0
18471,Male,71,0,0,No,yes,high,12,1,formerly smoked,0
16811,Male,61,0,0,Yes,yes,high,10,1,formerly smoked,0
2325,Female,58,0,0,Yes,no,low,12,1,never smoked,0
21648,Male,65,0,0,Yes,yes,high,9,1,never smoked,0
11416,Male,49,0,0,No,yes,low,12,2,never smoked,0
11481,Female,78,0,0,Yes,no,low,10,1,smokes,0
1367,Male,82,0,0,No,yes,high,11,1,smokes,0
2709,Male,52,0,0,Yes,yes,low,10,1,formerly smoked,0
5465,Male,67,0,0,Yes,yes,low,12,1,never smoked,0
32923,Male,54,0,0,No,yes,low,8,1,Unknown,0
22904,Male,79,1,1,No,no,low,11,1,smokes,0
22836,Male,60,1,0,Yes,no,low,9,1,never smoked,0
7979,Female,79,0,0,Yes,no,low,12,1,formerly smoked,0
51036,Female,69,0,0,Yes,yes,low,12,1,formerly smoked,0
51755,Female,76,0,0,Yes,yes,high,11,1,never smoked,0
1944,Female,78,0,0,No,yes,high,10,1,Unknown,0
53297,Female,82,0,0,Yes,no,high,10,1,never smoked,0
22144,Female,73,0,0,No,yes,low,9,1,Unknown,0
11679,Male,82,0,0,No,yes,low,8,1,Unknown,0
217,Female,57,1,1,Yes,yes,high,12,1,never smoked,0
5317,Female,66,0,0,No,no,high,8,1,formerly smoked,0
2120,Male,64,0,1,Yes,no,high,8,1,formerly smoked,0
21516,Male,76,0,0,No,no,high,10,1,never smoked,0
1852,Female,82,0,0,Yes,yes,low,8,1,formerly smoked,0
16462,Male,82,0,0,No,yes,low,11,1,smokes,0
13235,Female,79,0,0,Yes,no,high,12,1,smokes,0
22638,Male,60,0,0,No,yes,high,9,1,never smoked,0
5417,Male,79,0,0,No,yes,low,9,1,formerly smoked,0
21712,Male,72,0,0,Yes,no,low,12,1,formerly smoked,0
14756,Male,72,0,0,No,yes,low,11,1,smokes,0
1771,Female,82,0,0,No,yes,high,10,1,never smoked,0
14044,Female,62,0,0,No,no,high,9,1,smokes,0
9385,Male,82,0,0,Yes,yes,low,10,1,never smoked,0
8019,Male,61,1,0,Yes,no,high,10,1,never smoked,0
33804,Female,54,0,0,No,yes,low,8,1,Unknown,0
6037,Female,63,1,0,Yes,no,low,9,1,smokes,0
21031,Male,63,0,0,Yes,no,low,10,1,formerly smoked,0
36883,Male,59,0,0,No,yes,high,9,1,never smoked,0
6730,Female,80,0,0,Yes,no,high,11,1,never smoked,0
36617,Male,52,0,0,Yes,yes,low,12,1,smokes,0
486,Male,65,0,0,No,yes,high,8,1,Unknown,0
1801,Female,49,0,0,No,no,high,10,1,Unknown,0
12446,Male,66,0,0,Yes,yes,high,12,2,never smoked,0
32175,Male,39,0,0,Yes,yes,high,8,1,formerly smoked,0
56212,Male,58,0,0,No,yes,high,8,1,never smoked,0
23730,Male,79,0,0,No,yes,high,9,1,Unknown,0
18687,Female,61,0,0,No,yes,high,11,1,Unknown,0
1372,Female,74,0,0,Yes,no,low,8,1,never smoked,0
46999,Female,76,0,0,No,no,low,9,1,never smoked,0
20695,Female,81,0,0,Yes,yes,low,12,1,smokes,0
21406,Male,78,0,0,Yes,yes,high,9,1,never smoked,0
22578,Male,75,0,0,Yes,no,low,12,1,formerly smoked,0
5580,Male,54,0,0,Yes,no,high,11,1,formerly smoked,0
37374,Male,61,0,0,Yes,yes,high,9,1,smokes,0
36416,Male,54,0,0,No,yes,low,9,1,never smoked,0
9301,Male,58,0,0,Yes,no,low,8,1,Unknown,0
7329,Female,58,0,0,No,yes,low,11,1,Unknown,0
5735,Male,69,0,0,No,yes,low,10,1,never smoked,0
2390,Male,61,0,0,Yes,yes,low,12,1,Unknown,0
13402,Male,76,0,0,Yes,yes,high,10,1,Unknown,0
13169,Male,69,0,0,Yes,no,high,8,1,never smoked,0
309,Male,58,0,0,No,yes,low,12,1,never smoked,0
614,Female,78,0,0,Yes,yes,low,11,1,formerly smoked,0
27916,Male,62,0,0,No,yes,high,8,1,Unknown,0
23469,Male,60,0,0,Yes,yes,high,10,1,Unknown,0
14938,Male,82,0,0,Yes,yes,low,12,1,never smoked,0
11416,Male,58,0,0,No,no,low,10,1,never smoked,0
55834,Female,75,0,0,Yes,no,low,10,1,never smoked,0
25910,Male,75,0,0,Yes,yes,low,11,1,formerly smoked,0
30,Female,71,1,0,Yes,yes,high,10,1,Unknown,0
17363,Female,77,0,1,Yes,no,high,12,1,formerly smoked,0
5531,Male,76,0,0,Yes,yes,low,11,1,never smoked,0
281,Male,71,0,0,Yes,no,low,9,1,formerly smoked,0
35440,Male,60,0,0,Yes,no,high,9,1,formerly smoked,0
23862,Female,75,0,0,Yes,no,low,12,1,formerly smoked,0
21408,Male,75,0,0,Yes,yes,high,8,1,Unknown,0
11591,Male,71,0,0,Yes,yes,low,11,1,formerly smoked,0
2359,Female,81,0,0,No,yes,low,11,1,Unknown,0
1257,Female,80,0,0,No,yes,low,12,1,formerly smoked,0
38813,Male,79,0,0,Yes,yes,low,10,1,never smoked,0
28345,Male,54,0,0,No,yes,high,12,2,Unknown,0
30264,Female,82,0,0,Yes,no,low,10,1,smokes,0
9308,Male,78,0,0,No,no,low,9,1,never smoked,0
6308,Male,54,0,0,Yes,no,high,11,1,never smoked,0
6381,Male,60,0,0,No,yes,low,12,1,never smoked,0
51128,Female,78,0,0,Yes,yes,high,11,1,Unknown,0
9472,Male,54,0,0,Yes,yes,high,8,1,Unknown,0
21309,Female,61,0,0,Yes,no,low,12,1,formerly smoked,0
6896,Male,60,0,0,Yes,yes,high,10,1,smokes,0
1845,Female,72,0,0,No,yes,high,10,1,never smoked,0
39083,Male,77,0,0,No,yes,high,9,1,smokes,0
875,Female,74,0,0,No,yes,high,10,1,Unknown,0
46376,Male,77,0,0,Yes,no,high,11,1,Unknown,0
2,Male,78,0,0,No,no,low,12,1,never smoked,0
35840,Female,48,0,0,Yes,yes,high,10,1,smokes,0
35954,Female,75,0,0,No,yes,high,8,1,never smoked,0
154,Female,78,0,0,Yes,yes,high,8,1,never smoked,0
36781,Female,80,0,0,No,yes,high,8,1,formerly smoked,0
5813,Male,64,0,0,Yes,yes,high,11,1,Unknown,0
16762,Male,61,0,0,Yes,yes,high,11,1,Unknown,0
12641,Male,73,0,1,Yes,no,low,8,1,never smoked,0
7057,Male,72,0,1,Yes,no,low,12,1,never smoked,0
312,Female,76,0,0,No,yes,low,11,1,Unknown,0
27740,Male,80,0,0,Yes,yes,low,11,1,never smoked,0
12239,Male,60,0,0,No,yes,high,8,1,Unknown,0
41736,Male,63,0,0,Yes,no,high,11,1,Unknown,0
9418,Male,78,0,0,No,yes,high,9,1,Unknown,0
14961,Male,59,0,0,Yes,yes,low,11,1,smokes,0
47529,Male,72,0,0,Yes,no,high,10,1,never smoked,0
6704,Male,69,0,0,No,yes,high,8,1,Unknown,0
24057,Male,61,0,0,Yes,yes,low,10,1,Unknown,0
36620,Female,76,0,0,Yes,yes,low,10,1,never smoked,0
21905,Female,64,0,0,No,yes,high,8,1,smokes,0
19745,Male,78,0,0,No,yes,high,12,1,Unknown,0
10044,Female,52,0,0,Yes,yes,low,11,1,never smoked,0
1644,Female,78,0,0,Yes,yes,high,10,1,formerly smoked,0
7721,Female,65,0,0,No,no,high,10,1,never smoked,0
2158,Female,78,0,0,Yes,yes,low,8,1,formerly smoked,0
25160,Male,74,0,0,Yes,yes,high,9,2,never smoked,0
1334,Female,79,0,1,Yes,yes,high,10,1,smokes,0
21625,Male,61,0,0,No,yes,low,10,1,Unknown,0
19095,Male,79,0,0,No,yes,high,8,1,never smoked,0
11614,Male,58,0,1,Yes,no,high,9,1,Unknown,0
4482,Male,65,0,0,Yes,yes,low,10,1,smokes,0
19094,Male,71,0,0,Yes,yes,high,11,1,Unknown,0
9866,Male,82,0,0,Yes,yes,high,9,1,never smoked,0
29554,Female,73,0,0,Yes,yes,low,11,1,smokes,0
3844,Male,82,0,0,Yes,no,high,10,1,Unknown,0
48732,Female,78,0,0,No,yes,low,12,1,Unknown,0
20931,Female,64,1,0,Yes,yes,low,11,1,formerly smoked,0
7847,Male,77,0,0,Yes,yes,high,10,1,smokes,0
15157,Male,77,0,0,Yes,yes,low,9,1,formerly smoked,0
351,Female,78,1,0,Yes,no,high,10,1,smokes,0
25116,Female,57,0,0,No,yes,low,10,1,smokes,0
37611,Male,78,0,0,Yes,yes,low,12,1,smokes,0
45624,Female,82,0,0,No,yes,low,11,1,Unknown,0
31505,Female,75,0,0,Yes,yes,low,9,1,never smoked,0
22543,Female,57,0,0,Yes,yes,low,8,1,Unknown,0
7966,Female,79,0,0,Yes,yes,low,8,1,never smoked,0
11534,Male,69,0,0,Yes,no,high,9,1,never smoked,0
19382,Female,71,0,0,No,yes,high,9,1,never smoked,0
50413,Male,81,0,0,Yes,yes,low,11,1,Unknown,0
4629,Male,82,0,0,Yes,yes,high,12,1,never smoked,0
354,Female,50,0,0,No,yes,high,8,1,smokes,0
18741,Male,63,0,0,No,yes,low,9,1,Unknown,0
44590,Male,81,0,0,Yes,no,high,9,1,smokes,0
6393,Male,71,0,0,No,yes,high,12,1,Unknown,0
291,Female,78,0,0,Yes,yes,high,8,1,never smoked,0
643,Female,80,1,0,Yes,yes,high,11,1,formerly smoked,0
16489,Female,80,0,0,Yes,yes,low,10,1,formerly smoked,0
28493,Female,76,0,0,Yes,yes,high,8,1,never smoked,0
4955,Male,82,0,0,No,yes,low,11,1,never smoked,0
126,Male,78,0,0,Yes,yes,high,9,1,Unknown,0
35,Male,61,0,0,No,no,low,8,1,Unknown,0
2422,Female,49,0,0,No,yes,low,8,1,never smoked,0
7170,Male,63,0,0,No,yes,high,8,1,Unknown,0
37198,Female,82,1,0,Yes,yes,high,12,2,smokes,0
20391,Female,58,0,0,No,yes,high,9,1,Unknown,0
855,Male,80,0,0,Yes,yes,high,10,1,Unknown,0
50299,Female,61,0,0,No,yes,low,11,1,Unknown,0
13486,Male,79,0,0,Yes,no,high,9,1,never smoked,0
30412,Female,48,0,0,Yes,no,high,9,1,smokes,0
38187,Female,82,0,0,No,yes,low,10,1,Unknown,0
35037,Male,58,0,0,No,no,low,10,1,never smoked,0
11499,Male,76,0,0,Yes,no,high,12,1,formerly smoked,0
29452,Female,69,0,0,Yes,yes,high,8,1,never smoked,0
48317,Female,82,0,0,Yes,yes,low,9,1,never smoked,0
6507,Female,60,0,0,Yes,yes,low,9,1,never smoked,0
1140,Male,82,1,1,Yes,yes,high,12,1,Unknown,0
50817,Male,78,0,0,Yes,no,low,8,1,formerly smoked,0
1695,Female,42,0,0,Yes,yes,high,12,1,smokes,0
50795,Female,60,0,0,Yes,no,high,12,1,never smoked,0
36326,Female,58,0,0,No,yes,high,9,1,never smoked,0
41109,Female,58,1,0,Yes,no,high,10,1,Unknown,0
8849,Male,58,0,0,Yes,yes,high,8,1,smokes,0
3508,Male,54,0,0,No,yes,low,8,1,Unknown,0
13195,Female,79,0,0,No,yes,low,11,1,Unknown,0
11207,Male,79,0,0,Yes,no,low,11,1,formerly smoked,0
1794,Female,61,0,0,Yes,yes,high,9,1,Unknown,0
7010,Male,78,0,0,Yes,yes,low,11,1,never smoked,0
15503,Male,42,1,0,No,yes,high,11,1,smokes,0
13164,Male,70,0,1,Yes,yes,high,12,1,never smoked,0
29036,Male,79,0,0,Yes,no,low,8,1,Unknown,0
221,Female,69,0,0,Yes,yes,high,8,1,smokes,0
2979,Male,58,1,0,Yes,no,low,10,1,formerly smoked,0
21613,Female,82,0,0,Yes,yes,low,9,1,formerly smoked,0
8493,Female,82,0,0,No,yes,high,8,1,formerly smoked,0
621,Male,62,1,0,Yes,no,high,10,1,never smoked,0
9208,Male,80,0,0,No,yes,low,11,1,Unknown,0
29776,Male,49,0,0,Yes,no,low,10,1,Unknown,0
5600,Male,78,0,0,No,yes,low,8,1,Unknown,0
12300,Female,75,0,0,Yes,yes,high,11,1,Unknown,0
4726,Female,57,0,1,Yes,yes,low,12,1,formerly smoked,0
24322,Female,76,0,0,No,yes,low,8,1,Unknown,0
26406,Female,64,0,0,Yes,yes,low,8,2,never smoked,0
17821,Male,78,0,0,Yes,yes,high,12,1,never smoked,0
23608,Female,79,0,0,Yes,yes,low,9,1,never smoked,0
35530,Female,65,0,0,Yes,yes,low,11,1,smokes,0
3652,Female,80,0,1,Yes,no,low,10,1,never smoked,0
39408,Female,62,0,0,No,yes,low,9,1,Unknown,0
17180,Female,71,0,0,Yes,yes,low,8,1,never smoked,0
5724,Male,57,0,0,Yes,yes,low,9,1,never smoked,0
3183,Female,69,0,0,No,no,high,12,1,formerly smoked,0
14954,Female,52,1,1,Yes,no,high,12,1,never smoked,0
15300,Female,71,0,0,Yes,yes,high,11,1,Unknown,0
16190,Male,79,0,0,Yes,yes,low,11,1,never smoked,0
3384,Female,65,0,0,Yes,yes,low,10,1,smokes,0
345,Female,74,0,0,Yes,yes,high,8,1,formerly smoked,0
44947,Female,75,0,0,Yes,yes,high,10,1,never smoked,0
1192,Female,76,0,0,Yes,no,low,10,1,never smoked,0
1134,Male,78,0,0,No,yes,low,9,1,never smoked,0
2650,Female,79,0,0,Yes,yes,high,11,1,smokes,0
15327,Male,58,0,0,No,yes,low,11,1,never smoked,0
1605,Male,39,0,0,No,yes,high,10,1,never smoked,0
19839,Male,63,1,0,Yes,no,high,11,1,never smoked,0
50,Male,49,0,0,Yes,yes,low,9,1,smokes,0
32125,Male,63,0,0,Yes,no,low,8,1,formerly smoked,0
11326,Male,67,0,0,Yes,yes,low,12,1,never smoked,0
7170,Male,76,0,0,No,no,low,9,1,Unknown,0
46293,Male,82,0,1,Yes,no,high,12,1,smokes,0
44608,Female,78,0,0,No,yes,low,9,1,smokes,0
32200,Female,71,0,0,No,yes,high,12,1,never smoked,0
30977,Female,62,0,0,No,yes,high,9,1,Unknown,0
34262,Female,67,0,0,Yes,no,low,12,1,smokes,0
26777,Male,67,0,0,Yes,yes,low,12,1,never smoked,0
33634,Male,72,0,0,No,no,low,12,1,never smoked,0
28994,Female,79,0,0,Yes,no,low,11,1,Unknown,0
18688,Male,82,0,0,Yes,no,low,11,1,never smoked,0
34084,Female,79,0,0,No,yes,low,10,1,never smoked,0
34836,Female,65,0,0,No,yes,low,8,1,Unknown,0
1240,Female,54,0,0,No,yes,low,12,1,Unknown,0
5956,Male,78,0,0,No,yes,high,8,1,formerly smoked,0
36442,Female,71,0,0,Yes,no,low,10,2,never smoked,0
43943,Male,79,0,0,Yes,yes,low,11,1,Unknown,0
3866,Male,78,0,0,Yes,yes,high,8,1,never smoked,0
2542,Male,63,0,1,Yes,no,low,8,1,formerly smoked,0
17543,Male,80,0,0,Yes,no,high,11,1,never smoked,0
51722,Female,58,0,0,No,yes,high,10,1,Unknown,0
51097,Female,72,0,0,Yes,yes,low,12,1,never smoked,0
30299,Female,77,0,1,Yes,no,low,9,1,formerly smoked,0
41032,Female,75,0,0,Yes,yes,low,10,1,formerly smoked,0
6452,Male,57,1,1,Yes,no,low,11,1,formerly smoked,0
16685,Male,76,0,0,Yes,no,high,9,1,Unknown,0
24309,Female,64,0,0,No,yes,low,10,1,Unknown,0
2182,Male,63,0,0,No,yes,high,10,1,never smoked,0
533,Male,65,0,0,Yes,yes,high,10,1,never smoked,0
503,Male,75,0,0,Yes,no,low,8,1,never smoked,0
2226,Male,78,0,0,No,yes,high,11,1,Unknown,0
15173,Male,73,0,0,No,yes,low,12,1,never smoked,0
45188,Male,50,0,0,Yes,yes,high,8,1,formerly smoked,0
6862,Male,63,1,0,Yes,yes,low,11,1,smokes,0
18529,Male,73,0,0,No,yes,low,12,1,smokes,0
6051,Female,78,0,0,Yes,yes,high,8,1,smokes,0
21240,Female,67,0,0,No,no,low,10,1,Unknown,0
17964,Female,78,0,0,Yes,yes,high,9,1,smokes,0
4333,Male,82,0,0,No,yes,low,11,1,Unknown,0
11423,Female,58,0,0,Yes,yes,low,10,1,never smoked,0
41308,Male,63,0,0,No,yes,high,9,1,Unknown,0
5,Female,39,0,0,Yes,yes,low,8,1,never smoked,0
7470,Female,61,0,0,No,yes,high,12,1,never smoked,0
26320,Male,58,0,0,Yes,yes,high,10,1,Unknown,0
1123,Female,39,0,0,Yes,no,low,9,1,formerly smoked,0
1357,Female,79,1,1,Yes,yes,high,8,1,smokes,0
39909,Male,78,1,0,Yes,no,high,12,1,formerly smoked,0
15196,Male,82,0,0,Yes,yes,low,9,1,smokes,0
7697,Male,78,0,0,Yes,yes,high,11,1,smokes,0
4435,Female,79,1,0,No,yes,low,11,1,Unknown,0
11176,Female,61,1,0,Yes,no,high,12,1,never smoked,0
507,Male,57,0,0,Yes,no,high,8,1,Unknown,0
41639,Female,88,0,0,Yes,no,low,12,1,never smoked,0
11026,Male,65,0,0,Yes,yes,high,11,2,smokes,0
15482,Male,58,0,0,No,yes,low,8,1,Unknown,0
51967,Male,80,0,0,No,yes,high,8,1,formerly smoked,0
24715,Male,63,0,0,No,yes,high,8,1,Unknown,0
10904,Male,63,0,0,No,yes,low,12,1,smokes,0
27899,Female,54,0,0,Yes,yes,low,11,1,formerly smoked,0
43462,Male,69,0,0,Yes,yes,high,8,1,never smoked,0
1979,Female,78,0,0,Yes,no,high,12,1,smokes,0
38777,Male,78,0,0,Yes,no,low,8,1,Unknown,0
164,Female,78,0,0,Yes,yes,high,10,1,smokes,0
22584,Male,61,1,0,Yes,no,low,11,1,formerly smoked,0
1080,Male,75,0,0,Yes,yes,high,11,1,smokes,0
49821,Male,61,0,0,Yes,yes,high,12,1,Unknown,0
33743,Female,75,1,1,Yes,no,high,10,1,never smoked,0
38117,Male,82,0,0,Yes,yes,high,11,1,formerly smoked,0
21473,Female,65,0,0,No,yes,low,12,1,never smoked,0
44017,Male,78,0,1,Yes,yes,high,9,1,never smoked,0
8231,Female,80,0,1,Yes,no,high,8,1,formerly smoked,0
14578,Male,75,0,0,No,yes,low,11,1,Unknown,0
2103,Female,64,0,0,Yes,yes,high,11,1,never smoked,0
50741,Female,48,0,0,No,yes,high,8,1,never smoked,0
880,Male,75,0,0,Yes,yes,high,10,1,formerly smoked,0
1219,Male,39,0,0,Yes,yes,low,11,1,never smoked,0
16324,Male,69,0,0,Yes,yes,high,8,1,never smoked,0
30730,Female,58,0,0,Yes,yes,low,9,1,formerly smoked,0
38803,Male,80,0,0,Yes,yes,low,9,1,never smoked,0
2673,Female,72,0,0,Yes,yes,low,8,1,formerly smoked,0
49108,Male,72,0,0,Yes,yes,low,11,1,smokes,0
2617,Female,54,0,1,Yes,yes,low,8,1,formerly smoked,0
3411,Male,82,0,0,Yes,no,high,9,1,formerly smoked,0
7052,Female,82,0,0,No,yes,low,11,1,Unknown,0
6670,Female,75,0,0,Yes,yes,low,11,1,formerly smoked,0
1180,Female,64,0,0,No,no,high,12,1,formerly smoked,0
58183,Female,63,0,0,Yes,yes,high,9,1,never smoked,0
2263,Male,78,0,0,No,yes,high,12,1,never smoked,0
1314,Male,69,0,0,No,yes,high,8,1,Unknown,0
57818,Female,49,0,0,Yes,no,low,9,1,formerly smoked,0
10356,Male,50,0,0,Yes,yes,low,9,1,Unknown,0
2845,Male,78,0,0,No,no,high,12,2,never smoked,0
183,Male,63,0,0,Yes,yes,high,11,1,never smoked,0
1185,Male,80,0,0,No,yes,high,12,1,Unknown,0
31106,Female,56,0,0,Yes,no,high,8,1,smokes,0
43520,Male,61,0,0,No,yes,high,8,1,formerly smoked,0
28274,Male,68,1,0,Yes,no,low,10,1,smokes,0
36941,Male,60,0,0,Yes,no,high,11,1,Unknown,0
10135,Male,76,1,0,Yes,yes,low,9,1,formerly smoked,0
2323,Male,54,0,0,Yes,yes,high,12,1,Unknown,0
48306,Male,60,0,0,Yes,yes,low,10,1,smokes,0
19054,Female,65,0,0,Yes,no,high,9,1,formerly smoked,0
30664,Male,91,0,0,Yes,yes,high,11,1,Unknown,0
14110,Male,57,1,0,Yes,yes,low,8,1,formerly smoked,0
12286,Female,60,0,0,Yes,yes,low,9,1,Unknown,0
15961,Female,63,0,0,Yes,no,high,11,1,formerly smoked,0
496,Female,64,0,0,Yes,yes,low,10,1,smokes,0
10755,Male,76,0,0,Yes,no,low,12,1,never smoked,0
24984,Male,54,0,0,Yes,no,high,11,1,smokes,0
31675,Male,54,0,0,No,yes,high,12,1,Unknown,0
9630,Female,58,1,0,Yes,yes,low,8,1,Unknown,0
30026,Female,78,0,0,Yes,no,low,10,1,never smoked,0
2647,Male,79,1,0,Yes,yes,high,12,1,smokes,0
7079,Male,74,0,0,Yes,yes,high,10,1,formerly smoked,0
36194,Male,77,1,0,Yes,yes,low,8,1,Unknown,0
11599,Female,61,0,1,No,yes,low,12,1,Unknown,0
15507,Female,82,0,0,Yes,yes,low,10,1,formerly smoked,0
64,Male,82,0,0,Yes,yes,low,9,1,Unknown,0
6740,Male,60,0,0,No,yes,low,10,1,Unknown,0
1261,Female,76,0,0,Yes,no,low,12,1,smokes,0
16454,Female,81,0,0,Yes,yes,low,11,1,Unknown,0
4875,Male,49,0,0,No,yes,low,11,1,never smoked,0
39029,Female,57,0,0,No,yes,high,11,1,Unknown,0
7715,Female,76,0,0,Yes,yes,low,10,1,never smoked,0
902,Male,78,0,0,No,yes,low,8,1,formerly smoked,0
1612,Male,82,0,0,Yes,yes,high,8,1,never smoked,0
9810,Male,75,0,0,No,yes,high,9,1,Unknown,0
29365,Male,71,0,0,Yes,yes,high,11,1,Unknown,0
11739,Male,50,0,0,No,yes,high,9,1,formerly smoked,0
9230,Male,42,0,0,Yes,yes,low,8,2,smokes,0
2340,Male,78,0,0,Yes,no,high,9,1,formerly smoked,0
33263,Male,63,0,0,No,yes,low,8,1,never smoked,0
32994,Male,54,1,0,Yes,no,low,8,1,smokes,0
37319,Male,74,0,0,Yes,no,low,12,1,formerly smoked,0
31083,Female,77,0,0,No,yes,high,10,1,never smoked,0
7624,Male,82,0,0,No,yes,high,9,1,never smoked,0
8331,Female,78,0,0,Yes,yes,high,10,1,never smoked,0
2689,Male,78,0,0,Yes,yes,high,11,1,never smoked,0
3760,Male,72,0,1,No,no,low,10,1,Unknown,0
14361,Male,80,0,0,Yes,no,low,10,1,never smoked,0
1171,Female,64,0,1,Yes,no,high,9,1,never smoked,0
4465,Male,76,0,0,No,no,low,12,1,never smoked,0
22642,Female,54,0,0,No,yes,high,10,1,Unknown,0
104,Male,82,0,0,Yes,yes,low,8,1,Unknown,0
638,Female,63,0,0,Yes,no,high,11,1,never smoked,0
285,Male,64,0,0,Yes,yes,high,11,1,formerly smoked,0
59086,Female,54,0,0,Yes,yes,low,12,1,never smoked,0
30549,Male,78,0,0,No,yes,low,8,1,Unknown,0
25579,Male,57,0,0,No,yes,low,12,1,never smoked,0
15554,Male,58,0,0,Yes,yes,low,9,1,Unknown,0
12185,Male,63,0,0,No,no,low,12,1,never smoked,0
29605,Male,63,0,0,No,yes,low,11,1,formerly smoked,0
2212,Male,79,1,0,Yes,yes,low,9,1,never smoked,0
40032,Male,73,1,1,Yes,yes,low,10,1,never smoked,0
66555,Male,62,0,0,Yes,yes,high,12,1,never smoked,0
46961,Male,60,0,0,Yes,yes,low,8,1,never smoked,0
5434,Male,72,0,0,Yes,no,low,12,1,smokes,0
49070,Male,80,0,0,Yes,yes,low,12,1,never smoked,0
7748,Male,80,0,0,Yes,no,high,8,1,never smoked,0
3782,Female,78,1,1,Yes,no,low,8,1,smokes,0
21251,Male,66,0,0,Yes,yes,high,10,1,never smoked,0
5326,Male,79,0,0,No,no,low,12,1,never smoked,0
34435,Male,77,0,0,Yes,yes,low,10,1,formerly smoked,0
382,Female,82,0,0,No,yes,high,8,1,Unknown,0
18780,Male,78,0,0,Yes,yes,high,12,1,never smoked,0
7752,Male,48,0,0,Yes,no,high,11,1,formerly smoked,0
11989,Male,76,0,0,Yes,yes,high,10,1,Unknown,0
1356,Female,77,1,0,No,no,low,10,2,never smoked,0
30290,Male,77,0,0,Yes,yes,high,9,1,never smoked,0
43166,Female,70,0,1,Yes,yes,high,11,1,never smoked,0
2985,Female,69,0,0,No,yes,high,11,1,never smoked,0
38748,Male,42,0,0,No,yes,low,11,1,Unknown,0
8764,Male,79,0,0,Yes,no,low,12,1,smokes,0
16787,Male,81,1,0,Yes,yes,high,8,1,never smoked,0
43647,Male,54,0,0,Yes,no,high,12,1,Unknown,0
19368,Male,78,0,0,Yes,yes,high,9,1,Unknown,0
28762,Male,75,0,0,No,yes,low,12,1,Unknown,0
27691,Female,78,0,0,Yes,yes,high,10,1,smokes,0
51239,Female,63,0,0,No,yes,low,11,1,Unknown,0
2479,Female,73,0,0,No,yes,low,9,1,Unknown,0
30417,Male,63,0,0,No,yes,low,12,1,Unknown,0
12286,Female,75,0,0,No,yes,low,8,1,Unknown,0
19209,Male,79,0,0,Yes,yes,high,9,1,formerly smoked,0
4210,Male,81,0,0,No,yes,high,10,1,smokes,0
24672,Female,60,0,0,Yes,yes,low,8,1,smokes,0
22181,Male,68,0,0,Yes,yes,low,8,1,never smoked,0
48565,Female,49,0,0,Yes,yes,high,11,1,formerly smoked,0
5307,Female,76,0,0,Yes,yes,high,10,1,Unknown,0
23691,Male,78,0,0,Yes,yes,low,12,1,smokes,0
1899,Male,72,0,0,Yes,yes,low,10,1,smokes,0
26726,Male,54,0,0,Yes,yes,high,9,1,Unknown,0
57,Female,65,0,0,No,yes,high,12,1,Unknown,0
37243,Female,81,0,0,No,no,low,9,1,never smoked,0
3533,Male,54,0,0,Yes,no,low,8,1,smokes,0
38821,Male,82,0,0,No,yes,low,11,1,Unknown,0
2130,Female,80,0,0,Yes,no,low,12,1,formerly smoked,0
8303,Male,57,0,0,Yes,no,low,11,1,smokes,0
10780,Male,82,1,0,Yes,yes,low,11,1,never smoked,0
2351,Female,69,0,0,No,no,low,9,1,Unknown,0
11206,Male,56,0,0,Yes,no,low,8,1,never smoked,0
30703,Other,67,0,0,No,yes,high,9,1,formerly smoked,0
13471,Male,67,0,0,No,yes,high,9,1,Unknown,0
21155,Male,56,0,0,Yes,no,low,8,1,never smoked,0
8045,Male,64,0,0,No,yes,high,12,1,Unknown,0
26212,Female,80,0,0,No,yes,high,11,1,never smoked,0
32847,Male,69,0,0,No,yes,high,12,2,Unknown,0
15103,Male,64,1,0,Yes,no,high,11,1,smokes,0
25357,Female,81,0,0,Yes,yes,high,9,1,never smoked,0
9410,Male,66,0,0,Yes,yes,low,9,1,never smoked,0
23549,Male,63,0,0,No,no,low,9,1,never smoked,0
9179,Female,67,0,0,Yes,no,low,9,1,formerly smoked,0
2992,Female,54,0,0,No,no,high,10,1,formerly smoked,0
4556,Male,54,0,0,Yes,no,high,11,1,never smoked,0
5990,Female,82,0,0,No,yes,low,9,1,Unknown,0
22849,Male,60,1,0,Yes,no,high,9,1,never smoked,0
9258,Female,58,0,0,No,yes,low,10,1,Unknown,0
69531,Female,80,0,0,No,yes,high,12,1,Unknown,0
19310,Male,65,0,0,No,yes,low,10,1,never smoked,0
9446,Male,52,0,1,Yes,yes,high,10,1,never smoked,0
799,Female,79,1,0,Yes,yes,high,8,1,Unknown,0
39620,Female,81,0,0,Yes,yes,high,9,1,smokes,0
7722,Female,60,0,0,No,yes,low,9,1,Unknown,0
2864,Male,69,0,0,Yes,yes,high,9,1,Unknown,0
22182,Male,50,0,0,Yes,no,high,10,1,formerly smoked,0
31166,Male,61,0,0,Yes,no,low,11,1,Unknown,0
41495,Female,91,0,0,Yes,yes,low,8,1,smokes,0
3358,Female,58,0,0,Yes,no,high,8,1,Unknown,0
48358,Male,74,0,0,Yes,yes,high,10,1,never smoked,0
1418,Male,50,0,0,No,no,high,8,1,Unknown,0
20322,Female,82,0,0,No,yes,high,11,1,never smoked,0
5317,Male,52,0,0,Yes,no,high,10,1,never smoked,0
13368,Female,54,0,0,Yes,yes,low,9,1,never smoked,0
5152,Female,68,0,0,Yes,no,low,11,1,Unknown,0
50165,Male,80,0,0,Yes,yes,low,9,1,formerly smoked,0
28545,Female,70,0,0,Yes,no,high,10,1,smokes,0
29874,Male,77,0,0,Yes,no,low,9,1,never smoked,0
20081,Female,80,1,0,Yes,yes,low,11,1,formerly smoked,0
10782,Male,76,0,0,Yes,yes,low,9,1,Unknown,0
3272,Male,64,0,0,Yes,yes,high,9,1,formerly smoked,0
12163,Male,58,0,0,No,yes,low,8,1,formerly smoked,0
1689,Male,61,0,0,Yes,no,high,10,1,never smoked,0
10341,Male,80,1,0,Yes,no,low,9,1,never smoked,0
4510,Male,82,0,0,No,yes,high,8,1,formerly smoked,0
18373,Male,48,0,0,Yes,yes,high,10,2,formerly smoked,0
15426,Male,52,0,0,No,yes,high,8,1,never smoked,0
33456,Female,88,0,0,Yes,yes,low,11,1,Unknown,0
1956,Female,78,1,0,Yes,no,low,8,1,Unknown,0
7445,Female,64,0,0,Yes,yes,high,10,1,smokes,0
993,Male,82,0,0,No,yes,low,8,1,smokes,0
20439,Female,65,0,0,Yes,yes,high,11,1,Unknown,0
141,Female,50,0,0,Yes,yes,high,11,1,formerly smoked,0
19751,Male,73,0,0,Yes,yes,high,10,1,formerly smoked,0
4643,Female,69,0,0,Yes,yes,high,8,1,smokes,0
1651,Female,77,0,0,Yes,yes,low,9,1,Unknown,0
8160,Female,63,0,0,No,yes,low,10,1,Unknown,0
24050,Male,63,0,0,Yes,no,low,12,1,Unknown,0
15392,Male,65,0,0,Yes,yes,high,8,1,never smoked,0
55282,Female,49,0,0,No,yes,high,8,1,Unknown,0
5725,Male,52,0,0,Yes,yes,low,12,1,Unknown,0
12557,Male,77,0,0,No,yes,low,11,1,Unknown,0
1078,Female,72,0,0,Yes,yes,high,10,1,smokes,0
19388,Female,60,0,0,Yes,no,high,11,1,smokes,0
54284,Male,65,0,0,Yes,yes,high,12,1,Unknown,0
14870,Female,72,0,0,Yes,yes,low,12,1,smokes,0
50954,Male,77,0,0,No,no,low,11,1,never smoked,0
9820,Female,73,0,1,Yes,no,low,11,1,smokes,0
3274,Male,52,1,0,Yes,yes,high,9,1,never smoked,0
1135,Male,58,0,0,No,no,high,9,1,Unknown,0
15814,Male,78,0,0,Yes,yes,high,8,1,formerly smoked,0
644,Male,71,0,0,No,no,low,9,1,smokes,0
1839,Male,71,0,0,Yes,no,high,11,1,formerly smoked,0
20507,Female,75,0,0,No,yes,low,12,1,smokes,0
1227,Male,57,0,0,Yes,yes,high,9,1,never smoked,0
6479,Male,71,0,0,Yes,yes,low,10,1,never smoked,0
1686,Male,76,0,0,Yes,yes,low,11,1,never smoked,0
18416,Female,68,0,0,No,yes,high,8,1,never smoked,0
32712,Male,78,1,0,No,yes,high,9,1,never smoked,0
13229,Female,58,0,0,No,yes,high,11,1,formerly smoked,0
11312,Female,74,0,0,Yes,yes,high,9,1,Unknown,0
15274,Male,75,1,0,Yes,yes,low,9,1,formerly smoked,0
44889,Female,79,0,0,No,no,low,12,1,never smoked,0
10649,Female,76,0,0,Yes,no,high,9,2,Unknown,0
18005,Male,39,1,0,Yes,no,low,12,1,never smoked,0
13488,Male,77,0,0,Yes,no,low,11,1,never smoked,0
9233,Male,75,0,0,No,yes,low,10,1,Unknown,0
18161,Female,79,0,0,Yes,yes,high,10,1,formerly smoked,0
5749,Male,54,0,0,No,no,low,12,1,Unknown,0
24504,Female,68,0,0,Yes,yes,high,11,1,formerly smoked,0
18408,Male,78,0,0,Yes,yes,low,12,1,never smoked,0
5723,Female,78,0,0,Yes,no,low,10,1,smokes,0
7042,Male,79,0,0,Yes,yes,low,9,1,formerly smoked,0
10442,Male,78,0,0,Yes,yes,low,8,1,formerly smoked,0
5402,Female,82,0,0,No,yes,high,11,1,never smoked,0
48906,Female,58,0,0,Yes,yes,high,11,1,formerly smoked,0
50691,Female,82,0,0,Yes,yes,low,11,1,smokes,0
555,Male,58,0,0,Yes,no,low,8,1,never smoked,0
10480,Male,78,1,0,Yes,no,high,12,1,formerly smoked,0
12261,Female,54,0,1,Yes,no,low,8,1,Unknown,0
462,Male,57,0,0,Yes,no,low,8,1,formerly smoked,0
19935,Female,79,0,0,Yes,yes,low,8,1,Unknown,0
6248,Male,80,1,0,Yes,no,high,11,1,never smoked,0
1620,Male,42,0,0,Yes,yes,low,12,1,Unknown,0
40948,Female,79,0,0,Yes,yes,high,12,1,never smoked,0
6617,Male,58,0,0,Yes,no,high,11,1,never smoked,0
60489,Male,80,1,0,Yes,no,low,12,1,never smoked,0
21155,Female,71,0,0,Yes,yes,high,12,1,formerly smoked,0
21178,Male,65,0,0,Yes,yes,low,11,1,Unknown,0
20749,Male,73,0,0,Yes,yes,low,8,1,formerly smoked,0
31012,Female,62,0,0,Yes,no,high,10,1,never smoked,0
4495,Female,82,1,0,Yes,no,low,9,1,Unknown,0
5370,Male,63,0,0,No,yes,low,12,1,Unknown,0
13429,Female,79,0,0,Yes,yes,low,12,1,formerly smoked,0
44381,Female,78,0,0,Yes,yes,low,9,1,formerly smoked,0
7558,Male,79,0,0,No,yes,high,11,1,never smoked,0
12541,Male,81,0,0,Yes,yes,low,8,1,never smoked,0
828,Male,69,0,0,Yes,no,low,8,1,smokes,0
7712,Male,82,0,0,Yes,yes,low,10,1,formerly smoked,0
21469,Female,60,0,0,No,yes,low,11,1,Unknown,0
40273,Female,59,1,0,Yes,no,high,11,1,formerly smoked,0
3309,Male,70,0,0,Yes,no,high,9,2,never smoked,0
16551,Male,82,0,0,Yes,yes,high,12,1,formerly smoked,0
57991,Male,79,0,0,Yes,yes,low,12,1,never smoked,0
6252,Male,63,0,0,Yes,no,high,8,1,never smoked,0
2028,Male,74,0,0,No,yes,high,9,1,never smoked,0
7318,Male,66,0,0,No,yes,high,10,1,Unknown,0
8195,Male,82,0,0,Yes,no,high,12,1,formerly smoked,0
43967,Male,77,0,0,No,yes,high,12,1,Unknown,0
10338,Male,71,1,0,Yes,no,low,11,1,formerly smoked,0
3587,Male,63,0,0,Yes,yes,high,10,1,Unknown,0
46251,Male,79,1,0,Yes,yes,high,10,1,formerly smoked,0
10336,Male,76,0,0,No,yes,high,9,1,formerly smoked,0
61789,Male,72,0,0,Yes,yes,high,10,1,formerly smoked,0
4204,Male,76,1,0,Yes,yes,low,11,1,smokes,0
53643,Male,72,0,0,Yes,no,low,12,1,Unknown,0
9678,Male,48,0,0,Yes,yes,high,11,1,never smoked,0
6256,Female,54,0,0,No,yes,high,8,1,Unknown,0
358,Male,79,0,0,No,yes,high,12,1,Unknown,0
14241,Male,73,0,0,Yes,no,high,8,1,smokes,0
221,Male,60,0,0,Yes,no,low,8,1,smokes,0
7910,Male,63,0,0,No,yes,low,12,1,formerly smoked,0
16386,Male,71,0,0,No,yes,low,8,1,Unknown,0
1268,Male,76,0,0,Yes,yes,high,12,1,formerly smoked,0
2942,Male,81,0,0,Yes,no,low,9,1,never smoked,0
13853,Female,39,0,0,Yes,yes,low,11,1,never smoked,0
4034,Male,80,0,0,Yes,no,low,11,1,Unknown,0
4318,Female,74,0,0,No,yes,low,10,1,Unknown,0
991,Female,75,0,0,Yes,yes,high,9,1,smokes,0
8428,Male,77,1,0,No,no,high,12,1,formerly smoked,0
12522,Male,75,0,0,Yes,yes,high,10,1,formerly smoked,0
3403,Female,70,0,0,Yes,no,high,11,1,never smoked,0
13089,Male,78,0,0,Yes,yes,low,10,1,smokes,0
32002,Male,78,0,0,Yes,yes,low,12,1,never smoked,0
7909,Male,78,0,0,No,yes,high,12,2,Unknown,0
21617,Male,63,0,0,Yes,no,low,12,3,never smoked,0
49476,Male,79,0,0,Yes,no,high,11,4,smokes,0
41729,Female,67,0,0,Yes,yes,high,8,1,formerly smoked,0
498,Female,49,0,0,Yes,no,high,12,4,formerly smoked,0
35377,Male,68,0,0,Yes,yes,high,8,2,smokes,0
24615,Male,78,0,0,Yes,no,low,10,2,formerly smoked,0
21626,Male,70,0,0,Yes,no,low,8,3,never smoked,0
24684,Male,61,0,0,Yes,no,low,11,1,Unknown,0
2015,Female,65,0,0,Yes,yes,high,12,4,never smoked,0
10617,Male,82,0,0,Yes,yes,low,10,4,never smoked,0
35542,Male,78,0,0,Yes,yes,low,10,3,Unknown,0
8814,Male,72,0,0,No,yes,high,9,3,Unknown,0
35626,Male,60,0,0,No,yes,high,8,3,Unknown,0
6825,Female,73,0,0,No,yes,low,8,1,Unknown,0
213,Female,75,0,0,No,yes,low,9,2,never smoked,0
196,Male,79,0,0,No,yes,high,9,4,never smoked,0
43531,Female,79,0,0,No,no,low,9,3,smokes,0
2064,Male,82,0,0,Yes,yes,high,12,4,never smoked,0
8238,Female,58,0,0,No,no,high,11,1,formerly smoked,0
26094,Female,78,0,0,Yes,no,high,8,1,formerly smoked,0
7422,Male,64,0,0,Yes,yes,high,8,2,never smoked,0
28383,Male,82,0,0,Yes,yes,high,9,3,never smoked,0
49801,Male,49,0,0,Yes,no,low,11,2,never smoked,0
3323,Female,79,0,0,No,yes,high,8,2,never smoked,0
6876,Female,73,0,0,Yes,yes,low,9,4,Unknown,0
42654,Female,58,0,0,Yes,yes,high,12,4,smokes,0
5963,Female,71,0,0,No,yes,high,12,4,Unknown,0
48014,Female,50,0,0,No,no,high,11,1,never smoked,0
8995,Female,78,0,0,Yes,no,high,12,1,never smoked,0
20608,Male,75,0,0,Yes,yes,low,10,4,never smoked,0
32061,Female,81,0,1,Yes,yes,low,10,2,never smoked,0
5618,Female,79,0,0,No,no,high,9,2,never smoked,0
23436,Female,82,0,0,No,yes,high,9,4,Unknown,0
4489,Female,63,0,0,Yes,yes,low,11,3,Unknown,0
15749,Male,77,0,0,Yes,no,low,11,3,Unknown,0
9150,Male,71,0,0,No,yes,high,8,3,Unknown,0
18834,Male,61,0,0,No,yes,low,11,2,Unknown,0
14612,Female,75,1,0,Yes,no,low,10,1,smokes,0
559,Male,71,0,0,Yes,no,low,11,3,Unknown,0
17496,Female,61,1,0,Yes,yes,low,9,4,formerly smoked,0
33856,Female,75,0,0,Yes,yes,low,11,1,never smoked,0
31875,Female,61,0,0,Yes,yes,high,11,3,Unknown,0
8287,Male,49,0,0,No,yes,low,10,2,Unknown,0
27268,Female,67,0,0,Yes,yes,low,10,1,smokes,0
15165,Male,67,0,0,No,yes,high,8,3,Unknown,0
1587,Male,75,0,0,Yes,yes,high,9,4,never smoked,0
589,Male,60,0,0,No,yes,low,11,1,Unknown,0
13832,Male,82,0,0,Yes,no,low,8,3,formerly smoked,0
41444,Male,75,1,0,Yes,yes,high,8,1,never smoked,0
46293,Female,78,1,1,No,yes,high,12,2,never smoked,0
15934,Male,76,0,0,No,yes,low,12,3,Unknown,0
28004,Female,64,0,0,Yes,no,low,12,1,never smoked,0
25386,Female,54,0,0,No,yes,low,9,2,Unknown,0
7734,Male,77,0,0,No,yes,low,12,4,formerly smoked,0
517,Male,39,0,0,No,yes,high,11,1,Unknown,0
3910,Male,81,0,0,No,yes,low,9,1,Unknown,0
6288,Male,81,0,0,Yes,yes,high,10,4,formerly smoked,0
13513,Male,64,0,0,No,yes,high,10,3,formerly smoked,0
881,Male,63,0,0,No,no,low,11,4,never smoked,0
15007,Female,78,0,1,Yes,no,low,10,2,smokes,0
24265,Female,76,0,0,Yes,yes,high,8,1,Unknown,0
18366,Male,76,0,0,Yes,yes,low,10,3,never smoked,0
713,Female,63,0,0,No,yes,low,12,3,Unknown,0
18326,Female,42,0,0,Yes,yes,low,9,2,Unknown,0
44335,Male,64,0,0,Yes,yes,high,9,2,never smoked,0
52646,Female,79,0,0,No,yes,high,9,1,never smoked,0
4393,Male,54,0,0,Yes,yes,high,8,3,Unknown,0
13453,Male,58,0,0,Yes,no,high,12,4,never smoked,0
19047,Male,80,0,0,Yes,yes,low,12,4,smokes,0
6484,Female,72,0,0,No,yes,low,9,4,Unknown,0
17679,Male,63,0,0,Yes,no,high,11,3,Unknown,0
3677,Female,48,0,0,No,yes,low,8,4,Unknown,0
125,Male,60,0,0,Yes,yes,high,9,2,Unknown,0
24199,Female,79,0,0,Yes,no,low,8,2,smokes,0
42506,Female,82,0,0,No,yes,high,8,1,Unknown,0
8921,Female,58,0,0,No,yes,low,12,2,Unknown,0
3761,Male,74,0,1,No,no,high,9,2,formerly smoked,0
2396,Male,71,0,0,Yes,yes,high,12,3,never smoked,0
10507,Female,82,0,0,Yes,no,low,12,1,never smoked,0
37020,Male,66,0,0,No,yes,low,11,3,Unknown,0
206,Female,48,0,0,Yes,no,low,12,2,smokes,0
316,Male,60,1,0,Yes,yes,low,9,4,never smoked,0
4021,Female,58,0,0,Yes,yes,high,8,2,Unknown,0
33105,Female,80,0,0,Yes,no,high,9,3,formerly smoked,0
48716,Female,64,0,0,Yes,yes,high,11,1,Unknown,0
6274,Male,69,0,0,No,yes,low,8,3,never smoked,0
11989,Female,76,0,0,No,yes,high,12,3,never smoked,0
763,Female,67,0,0,No,no,high,8,4,formerly smoked,0
4160,Female,54,0,0,No,yes,high,10,2,Unknown,0
2053,Female,82,0,1,No,no,high,12,4,Unknown,0
15623,Male,79,0,0,No,yes,low,9,3,never smoked,0
1431,Female,82,0,1,Yes,no,low,11,4,formerly smoked,0
46839,Female,50,0,0,Yes,yes,high,8,2,Unknown,0
1557,Female,67,0,0,Yes,yes,high,12,1,Unknown,0
43244,Female,54,0,0,Yes,yes,high,8,3,smokes,0
52079,Female,62,0,0,Yes,yes,low,9,1,formerly smoked,0
1743,Male,60,0,0,No,yes,high,10,3,Unknown,0
2050,Male,65,0,0,Yes,yes,low,12,2,never smoked,0
14301,Female,49,0,0,No,no,low,8,3,Unknown,0
32275,Female,63,0,0,Yes,yes,low,11,1,Unknown,0
4786,Male,79,0,0,Yes,no,low,10,1,formerly smoked,0
1097,Male,50,0,0,No,yes,high,10,2,Unknown,0
3776,Male,72,0,0,Yes,yes,high,10,3,never smoked,0
7974,Female,82,0,0,Yes,yes,low,8,1,formerly smoked,0
15858,Male,60,0,0,Yes,no,high,9,1,Unknown,0
6854,Male,60,0,0,No,yes,low,12,2,Unknown,0
4066,Male,72,0,0,Yes,yes,low,9,2,never smoked,0
6520,Male,78,0,0,Yes,yes,high,8,2,never smoked,0
20120,Male,77,0,0,Yes,no,low,9,4,never smoked,0
17162,Female,80,0,0,No,no,high,10,3,never smoked,0
5042,Male,64,0,0,Yes,yes,low,8,4,formerly smoked,0
63518,Male,72,1,0,Yes,no,low,9,1,never smoked,0
32136,Female,72,0,0,Yes,yes,low,10,3,smokes,0
10219,Male,65,0,0,No,yes,low,10,3,smokes,0
25613,Male,77,0,0,Yes,no,low,11,3,never smoked,0
43959,Male,58,0,0,Yes,yes,low,9,2,smokes,0
2882,Female,61,0,0,No,yes,high,12,1,Unknown,0
859,Male,78,0,0,No,yes,low,10,4,smokes,0
27206,Male,80,1,0,No,no,high,9,2,never smoked,0
30832,Male,63,0,0,Yes,no,high,12,4,formerly smoked,0
21048,Female,78,0,0,Yes,yes,low,12,1,never smoked,0
29713,Male,52,0,0,Yes,yes,high,11,4,never smoked,0
7100,Male,56,1,0,Yes,yes,low,10,3,never smoked,0
8766,Female,63,0,0,No,yes,low,12,1,Unknown,0
11313,Male,64,1,0,Yes,no,high,8,4,never smoked,0
2378,Male,78,0,0,No,yes,low,8,2,never smoked,0
5497,Male,79,0,0,Yes,yes,low,10,2,never smoked,0
16613,Male,54,1,0,Yes,yes,high,8,1,smokes,0
4499,Male,79,0,0,No,yes,low,9,4,Unknown,0
8233,Male,82,0,0,No,yes,high,12,4,never smoked,0
3583,Male,75,1,1,Yes,no,high,12,2,smokes,0
23557,Male,54,1,1,Yes,yes,low,10,4,never smoked,0
14784,Female,57,0,0,No,no,low,11,2,Unknown,0
10507,Female,68,0,0,No,yes,high,8,1,Unknown,0
1036,Female,74,0,0,No,yes,low,11,1,never smoked,0
9140,Male,82,0,0,Yes,yes,low,9,1,Unknown,0
11884,Female,79,0,0,Yes,yes,high,12,2,formerly smoked,0
3386,Female,78,0,0,No,yes,high,12,4,smokes,0
6891,Male,68,0,0,Yes,no,low,11,1,never smoked,0
8927,Male,81,0,0,Yes,yes,high,10,2,never smoked,0
20066,Female,82,0,0,Yes,yes,low,8,4,smokes,0
23546,Female,56,0,0,Yes,yes,high,11,4,never smoked,0
3498,Male,79,0,0,Yes,yes,high,10,1,never smoked,0
12447,Male,79,0,0,No,yes,high,8,1,never smoked,0
19510,Female,63,0,0,No,yes,low,12,3,never smoked,0
44102,Female,66,0,0,No,yes,low,11,2,Unknown,0
2602,Female,80,0,0,No,yes,low,9,2,Unknown,0
754,Male,67,0,0,Yes,yes,low,9,4,formerly smoked,0
8966,Male,72,1,0,Yes,no,high,12,1,never smoked,0
9696,Male,75,0,0,No,yes,high,9,4,Unknown,0
10264,Male,80,0,0,Yes,no,high,12,2,formerly smoked,0
9501,Female,73,0,0,No,yes,low,10,1,Unknown,0
607,Male,80,0,0,Yes,no,high,12,2,never smoked,0
3712,Male,78,0,0,Yes,no,high,11,1,Unknown,0
801,Female,78,0,0,No,yes,high,9,3,Unknown,0
1321,Female,77,0,0,Yes,yes,high,11,4,formerly smoked,0
71,Male,79,0,0,No,yes,high,10,2,formerly smoked,0
8894,Male,78,0,0,No,yes,high,8,3,never smoked,0
15194,Male,62,0,0,Yes,yes,low,10,4,Unknown,0
8030,Male,75,0,0,Yes,yes,high,10,2,never smoked,0
3045,Male,78,0,0,Yes,yes,high,10,1,never smoked,0
3945,Female,74,0,0,Yes,no,high,11,3,Unknown,0
199,Male,54,0,0,Yes,yes,high,12,3,Unknown,0
34161,Male,52,0,0,Yes,no,low,12,1,Unknown,0
45207,Male,80,0,0,Yes,yes,low,12,1,never smoked,0
418,Female,82,0,0,No,no,high,8,1,Unknown,0
28126,Male,75,0,0,No,yes,high,12,1,Unknown,0
40000,Female,71,1,1,Yes,no,high,8,1,smokes,0
6448,Female,58,0,0,Yes,yes,high,10,1,never smoked,0
2285,Female,54,0,0,No,yes,high,9,1,never smoked,0
14235,Male,71,0,0,Yes,no,low,9,1,Unknown,0
7621,Female,80,0,0,No,yes,low,11,1,Unknown,0
31570,Male,54,0,0,Yes,no,low,10,1,smokes,0
58058,Female,80,0,0,Yes,yes,low,8,1,smokes,0
385,Female,58,0,0,Yes,yes,low,12,1,never smoked,0
31414,Male,57,0,0,Yes,no,low,10,1,formerly smoked,0
4713,Male,78,0,0,Yes,yes,low,12,1,never smoked,0
7947,Male,80,0,0,No,yes,low,11,1,never smoked,0
14882,Male,82,0,0,No,yes,high,12,1,Unknown,0
1468,Female,78,0,0,Yes,no,low,9,1,never smoked,0
12160,Male,63,0,0,Yes,yes,high,11,1,never smoked,0
2398,Female,79,1,0,Yes,no,high,9,1,formerly smoked,0
13629,Male,65,0,0,Yes,yes,high,10,1,never smoked,0
34923,Male,57,0,0,Yes,no,low,9,1,never smoked,0
51870,Male,74,0,0,Yes,yes,low,9,1,never smoked,0
2867,Female,82,0,0,Yes,yes,high,12,1,Unknown,0
672,Female,73,0,0,Yes,no,low,11,1,never smoked,0
18220,Male,76,1,0,Yes,yes,low,8,1,never smoked,0
884,Male,71,0,0,No,yes,low,8,1,never smoked,0
10360,Male,64,0,0,Yes,yes,low,8,1,Unknown,0
956,Female,65,0,0,Yes,no,low,8,1,never smoked,0
11720,Male,63,0,0,No,yes,low,8,1,never smoked,0
3717,Male,80,1,1,No,no,low,10,2,never smoked,0
10095,Female,78,0,0,Yes,no,low,10,2,formerly smoked,0
514,Female,61,0,0,Yes,yes,high,11,2,never smoked,0
40808,Male,54,0,0,No,yes,low,12,1,Unknown,0
33963,Male,65,0,0,Yes,yes,high,10,2,never smoked,0
354,Male,64,0,0,Yes,no,high,11,2,never smoked,0
3381,Male,75,0,0,Yes,yes,high,8,1,smokes,0
32737,Female,63,0,0,No,no,high,10,2,never smoked,0
2558,Male,69,1,0,Yes,no,low,9,1,formerly smoked,0
6713,Male,54,0,0,Yes,no,high,10,2,Unknown,0
4391,Female,73,0,0,Yes,yes,low,8,1,formerly smoked,0
13036,Female,63,0,0,No,yes,low,11,1,Unknown,0
4876,Male,60,0,0,Yes,yes,low,8,2,never smoked,0
21207,Male,82,0,0,Yes,no,high,10,1,formerly smoked,0
2512,Female,74,0,0,Yes,yes,high,12,2,smokes,0
6464,Male,72,0,0,Yes,yes,high,8,2,smokes,0
23684,Female,42,0,0,No,yes,low,12,1,Unknown,0
4660,Male,54,0,0,Yes,yes,low,8,2,never smoked,0
2208,Female,75,0,1,Yes,yes,low,12,1,formerly smoked,0
53158,Female,61,0,0,Yes,yes,low,8,2,formerly smoked,0
17006,Male,64,0,0,No,yes,high,9,2,formerly smoked,0
22875,Male,82,0,0,Yes,no,high,10,2,Unknown,0
15285,Male,72,0,0,No,yes,high,11,2,Unknown,0
17266,Male,61,0,0,Yes,yes,high,8,2,never smoked,0
13839,Female,79,1,0,Yes,no,low,8,1,never smoked,0
44887,Male,82,0,0,No,yes,low,8,2,Unknown,0
56963,Female,65,0,0,Yes,no,low,12,1,smokes,0
57514,Male,60,0,0,No,yes,low,10,2,Unknown,0
47914,Male,60,0,0,Yes,yes,high,9,2,never smoked,0
16492,Female,65,1,0,Yes,no,low,8,2,formerly smoked,0
17254,Male,82,0,0,No,yes,high,11,1,Unknown,0
32239,Male,81,0,0,Yes,yes,high,12,2,Unknown,0
19447,Male,80,0,0,Yes,yes,high,9,2,never smoked,0
4572,Male,50,0,0,Yes,yes,low,11,2,smokes,0
13524,Male,65,0,0,Yes,no,low,9,1,formerly smoked,0
9586,Male,82,0,0,No,yes,low,9,1,smokes,0
5681,Male,78,0,0,Yes,yes,low,8,2,smokes,0
2290,Male,59,0,0,Yes,no,high,9,1,never smoked,0
3811,Male,71,0,0,Yes,yes,high,10,1,never smoked,0
32062,Female,64,1,0,Yes,no,high,10,1,formerly smoked,0
34076,Female,56,0,0,No,yes,high,10,2,Unknown,0
952,Female,63,0,1,Yes,no,high,10,1,Unknown,0
55437,Female,71,0,1,No,no,high,10,1,formerly smoked,0
8915,Female,76,1,0,Yes,no,high,12,1,formerly smoked,0
31051,Male,82,0,0,Yes,no,low,11,2,never smoked,0
51047,Female,60,0,0,No,yes,high,12,1,never smoked,0
33174,Male,79,0,0,Yes,no,low,11,1,formerly smoked,0
39962,Male,75,0,0,Yes,yes,low,11,2,never smoked,0
13554,Male,79,0,0,Yes,no,high,9,2,never smoked,0
8551,Male,74,0,0,No,yes,low,10,1,never smoked,0
50986,Male,58,0,0,Yes,yes,low,9,2,smokes,0
34767,Male,57,0,0,Yes,yes,high,10,1,Unknown,0
13897,Female,78,0,0,No,yes,high,9,1,smokes,0
3682,Female,75,0,0,Yes,yes,high,9,2,Unknown,0
25487,Male,81,0,0,Yes,yes,low,11,1,formerly smoked,0
3604,Female,82,0,0,Yes,yes,low,9,2,smokes,0
21884,Female,69,0,0,Yes,yes,low,8,2,Unknown,0
2490,Male,76,0,0,No,yes,high,10,1,Unknown,0
14868,Male,73,0,0,Yes,yes,high,12,2,formerly smoked,0
12656,Female,77,0,0,No,no,low,10,1,Unknown,0
35244,Female,80,0,0,Yes,yes,high,11,2,never smoked,0
5501,Female,66,1,0,Yes,yes,low,9,2,formerly smoked,0
23442,Male,64,0,0,Yes,no,high,11,2,never smoked,0
15049,Female,78,0,0,Yes,yes,low,11,1,never smoked,0
48677,Male,48,0,0,Yes,no,low,8,1,smokes,0
15943,Male,66,0,0,No,no,low,11,2,Unknown,0
28502,Male,60,0,0,No,yes,low,11,1,Unknown,0
19896,Male,56,0,0,Yes,yes,low,8,2,never smoked,0
7141,Female,76,0,0,Yes,no,low,9,1,never smoked,0
22669,Male,76,0,0,No,yes,high,8,2,Unknown,0
12535,Male,63,0,0,Yes,yes,low,11,1,never smoked,0
14533,Male,76,0,0,No,yes,high,11,1,Unknown,0
14540,Female,63,0,0,No,yes,high,12,2,never smoked,0
1477,Male,65,0,0,Yes,yes,low,12,2,never smoked,0
29223,Male,56,0,0,Yes,yes,high,10,2,Unknown,0
1643,Female,59,1,0,Yes,no,high,8,2,never smoked,0
38220,Female,67,0,0,No,no,low,9,2,never smoked,0
15160,Male,79,0,0,Yes,yes,high,10,2,smokes,0
37899,Female,54,0,0,No,yes,high,9,2,Unknown,0
113,Male,79,0,0,No,yes,high,10,2,smokes,0
6413,Female,67,0,0,No,no,high,12,1,never smoked,0
29843,Male,60,0,0,Yes,no,low,9,1,never smoked,0
8913,Female,42,0,0,No,yes,low,10,1,Unknown,0
39487,Female,73,0,0,Yes,yes,high,11,2,never smoked,0
18482,Male,42,0,0,No,yes,low,10,2,never smoked,0
6458,Male,80,0,0,No,yes,low,10,1,Unknown,0
60617,Male,78,0,0,Yes,yes,low,9,2,never smoked,0
6697,Female,76,0,0,Yes,no,high,10,1,never smoked,0
51448,Male,60,1,0,Yes,yes,low,12,2,smokes,0
23473,Male,82,0,0,Yes,yes,low,10,1,never smoked,0
8050,Male,78,0,0,Yes,yes,high,12,1,never smoked,0
7570,Female,60,0,0,Yes,yes,high,10,2,Unknown,0
3177,Female,79,0,1,Yes,no,low,11,2,formerly smoked,0
620,Male,75,0,0,Yes,yes,high,11,2,never smoked,0
26979,Female,80,0,0,No,yes,low,11,1,Unknown,0
10215,Female,73,1,0,Yes,yes,high,8,1,never smoked,0
21834,Female,57,0,0,Yes,no,low,8,2,formerly smoked,0
14547,Male,76,0,0,Yes,yes,high,8,2,never smoked,0
15526,Female,39,0,0,Yes,no,low,8,2,never smoked,0
9619,Male,82,0,0,No,yes,high,12,1,Unknown,0
4708,Female,60,0,0,No,no,high,10,2,smokes,0
293,Male,71,0,0,Yes,no,high,11,2,Unknown,0
9705,Female,63,0,1,Yes,yes,high,9,2,Unknown,0
3875,Male,82,0,1,Yes,yes,low,10,1,Unknown,0
29361,Male,71,0,0,Yes,yes,low,9,2,never smoked,0
60491,Female,76,0,0,Yes,yes,high,11,1,never smoked,0
23748,Male,75,0,0,Yes,no,low,10,1,never smoked,0
9526,Female,57,1,0,Yes,yes,high,11,2,smokes,0
29267,Male,80,0,0,Yes,no,high,11,2,never smoked,0
9369,Female,82,0,0,Yes,yes,low,8,2,never smoked,0
46947,Female,82,0,1,Yes,no,low,11,2,never smoked,0
29522,Female,71,0,1,No,yes,low,11,1,never smoked,0
5443,Male,78,0,1,No,yes,high,11,2,Unknown,0
4464,Female,82,0,1,No,yes,low,10,1,formerly smoked,0
20819,Male,57,0,1,Yes,yes,low,8,2,Unknown,0
585,Female,78,0,1,Yes,yes,high,10,2,formerly smoked,0
3452,Male,81,0,1,No,yes,low,12,2,never smoked,0
11773,Male,76,1,0,Yes,yes,high,9,1,never smoked,0
20047,Male,58,0,1,No,no,low,12,2,never smoked,0
49,Female,50,0,1,Yes,yes,low,11,2,never smoked,0
20239,Male,48,0,1,Yes,yes,high,11,1,Unknown,0
13805,Female,79,0,1,Yes,no,high,8,2,Unknown,0
1756,Male,78,0,1,Yes,no,low,11,1,formerly smoked,0
19246,Male,80,0,1,No,yes,high,10,1,Unknown,0
12541,Male,76,0,0,Yes,no,high,11,1,never smoked,0
14220,Male,67,0,0,Yes,yes,high,11,2,never smoked,0
3881,Male,62,1,1,Yes,yes,low,12,2,formerly smoked,0
99,Female,63,0,0,Yes,yes,low,12,2,never smoked,0
6737,Female,72,0,0,Yes,yes,low,10,1,never smoked,0
11911,Male,57,1,0,Yes,yes,high,8,2,formerly smoked,0
16393,Male,71,0,1,Yes,yes,low,11,2,never smoked,0
37014,Male,79,0,1,Yes,no,low,12,1,never smoked,0
15390,Male,72,0,1,Yes,no,low,8,2,formerly smoked,0
39652,Male,57,0,1,Yes,yes,high,9,2,never smoked,0
2920,Female,56,0,0,Yes,no,high,10,2,smokes,0
37434,Male,71,0,0,Yes,yes,low,11,1,never smoked,0
1154,Male,76,0,0,Yes,no,low,12,1,never smoked,0
4005,Female,75,0,0,Yes,yes,high,12,1,never smoked,0
20860,Female,82,1,0,Yes,no,high,10,2,formerly smoked,0
1454,Male,79,1,0,Yes,no,high,11,2,formerly smoked,0
9804,Male,69,0,0,No,yes,low,9,2,Unknown,0
890,Male,66,0,0,No,no,high,9,2,never smoked,0
4197,Female,63,0,0,No,no,low,11,2,smokes,0
28569,Male,76,0,1,Yes,yes,high,12,2,smokes,0
19653,Female,74,0,0,No,yes,high,8,1,Unknown,0
2740,Female,73,1,0,Yes,no,high,9,1,Unknown,0
30659,Male,39,0,0,Yes,yes,high,8,1,formerly smoked,0
12451,Female,67,0,1,No,yes,high,9,2,never smoked,0
18002,Male,63,0,0,No,yes,low,8,1,Unknown,0
23793,Male,64,0,0,No,yes,high,9,2,Unknown,0
13547,Female,48,0,0,Yes,yes,low,11,1,Unknown,0
35363,Female,54,0,1,No,yes,high,11,1,never smoked,0
14763,Male,60,1,0,Yes,no,low,9,1,formerly smoked,0
10038,Female,71,0,0,Yes,no,low,9,2,smokes,0
25155,Female,49,0,0,Yes,yes,high,9,2,smokes,0
1092,Male,65,0,1,No,yes,low,10,2,Unknown,0
41612,Female,69,0,0,Yes,yes,high,10,2,never smoked,0
12495,Female,56,0,0,No,yes,low,11,2,Unknown,0
9869,Male,63,0,0,No,yes,low,12,2,Unknown,0
40075,Female,79,0,0,Yes,yes,high,9,2,never smoked,0
533,Male,82,0,1,Yes,yes,high,12,1,never smoked,0
30141,Male,80,0,0,No,yes,low,11,2,Unknown,0
7443,Female,65,0,0,No,yes,low,12,1,Unknown,0
4878,Female,76,0,0,No,yes,low,10,1,Unknown,0
38619,Female,74,0,1,Yes,no,high,8,2,formerly smoked,0
6852,Female,79,0,0,No,yes,high,11,1,Unknown,0
21191,Male,79,1,0,Yes,yes,high,11,2,smokes,0
13573,Male,82,1,0,Yes,yes,low,10,2,never smoked,0
6801,Female,75,0,1,Yes,yes,low,8,2,smokes,0
11843,Female,50,0,0,Yes,no,high,10,2,never smoked,0
36286,Male,60,0,0,Yes,yes,low,8,1,never smoked,0
59233,Male,77,0,0,No,no,high,11,2,Unknown,0
3996,Male,65,0,1,Yes,yes,low,12,1,Unknown,0
40287,Female,76,0,0,Yes,no,low,11,2,formerly smoked,0
25300,Male,78,1,0,Yes,yes,high,8,1,never smoked,0
252,Male,77,0,0,No,yes,high,8,2,never smoked,0
25706,Female,59,0,1,Yes,yes,low,11,1,formerly smoked,0
10415,Male,62,0,0,Yes,no,high,12,2,Unknown,0
6978,Male,67,1,0,Yes,yes,high,9,1,never smoked,0
5234,Male,58,0,0,Yes,no,low,8,1,Unknown,0
5236,Female,63,0,1,Yes,yes,low,11,1,never smoked,0
15969,Male,79,0,1,Yes,no,low,9,1,formerly smoked,0
16677,Female,76,0,0,Yes,yes,low,9,1,formerly smoked,0
3619,Female,82,0,0,No,yes,low,9,1,formerly smoked,0
49016,Male,77,0,0,No,yes,low,8,1,smokes,0
30640,Male,79,0,1,Yes,yes,low,12,1,never smoked,0
10216,Male,78,0,0,No,yes,low,9,1,Unknown,0
24123,Male,57,0,0,No,yes,low,8,2,never smoked,0
16472,Male,70,0,0,Yes,no,low,10,2,never smoked,0
25319,Male,54,0,1,Yes,no,high,12,1,never smoked,0
47773,Female,54,0,0,No,yes,high,12,1,Unknown,0
21377,Male,77,0,0,No,yes,low,8,2,never smoked,0
30608,Male,81,0,0,No,yes,high,9,2,never smoked,0
3901,Male,72,0,1,Yes,yes,low,10,2,Unknown,0
1267,Female,65,0,0,No,yes,high,11,2,Unknown,0
2873,Male,65,0,0,Yes,no,high,10,2,never smoked,0
3808,Female,72,0,0,No,yes,high,8,1,Unknown,0
4465,Female,79,0,0,Yes,no,low,10,2,formerly smoked,0
34801,Female,54,1,1,Yes,no,low,9,2,never smoked,0
32448,Male,78,0,0,Yes,yes,low,11,1,never smoked,0
5787,Female,76,0,0,No,yes,high,9,1,Unknown,0
41255,Female,78,0,0,No,yes,high,9,2,Unknown,0
30960,Male,80,0,1,Yes,no,high,11,2,never smoked,0
120,Female,71,0,0,Yes,yes,high,10,2,Unknown,0
1939,Male,61,1,0,Yes,yes,low,12,2,never smoked,0
17204,Male,79,0,0,Yes,no,high,12,2,never smoked,0
3648,Male,79,1,1,Yes,no,high,12,1,never smoked,0
1255,Male,82,0,0,Yes,yes,high,9,2,never smoked,0
5938,Female,79,0,0,No,yes,low,8,2,never smoked,0
49503,Male,61,0,0,Yes,no,high,12,2,never smoked,0
8433,Female,77,0,0,No,yes,low,8,2,Unknown,0
2602,Female,73,1,1,No,yes,high,11,1,never smoked,0
20223,Female,81,0,0,Yes,no,high,9,1,never smoked,0
25409,Female,63,0,0,Yes,no,low,10,2,formerly smoked,0
9734,Male,76,0,0,Yes,yes,high,8,2,formerly smoked,0
4715,Male,57,0,1,No,yes,high,12,2,Unknown,0
3889,Female,80,1,0,Yes,yes,high,12,1,formerly smoked,0
24366,Male,77,0,0,No,yes,high,9,1,Unknown,0
9454,Female,74,0,0,Yes,yes,high,11,2,smokes,0
4640,Female,79,0,1,Yes,no,low,12,2,formerly smoked,0
139,Male,65,0,0,No,yes,low,12,2,Unknown,0
52900,Male,75,0,0,Yes,no,low,11,2,never smoked,0
25399,Female,76,0,1,Yes,no,high,10,2,Unknown,0
24357,Male,50,0,0,No,yes,high,11,1,Unknown,0
37157,Male,82,0,0,No,yes,low,8,1,Unknown,0
1410,Male,54,1,0,Yes,no,low,9,1,Unknown,0
24992,Male,71,0,0,Yes,no,low,11,1,never smoked,0
24899,Female,60,1,0,Yes,no,high,12,1,formerly smoked,0
14903,Male,63,0,0,Yes,no,high,12,2,formerly smoked,0
49676,Male,59,0,0,Yes,no,high,8,2,never smoked,0
34990,Male,61,0,0,Yes,no,low,10,2,smokes,0
13794,Male,60,0,0,No,yes,low,8,1,Unknown,0
31138,Female,72,0,0,No,yes,high,10,2,smokes,0
10902,Female,65,0,0,No,yes,low,12,1,smokes,0
7699,Male,64,0,0,No,yes,low,10,2,Unknown,0
34534,Male,49,0,0,Yes,yes,low,9,1,never smoked,0
444,Male,61,1,0,Yes,yes,high,8,2,formerly smoked,0
14410,Male,79,0,0,No,yes,high,9,1,smokes,0
2918,Male,82,0,0,Yes,yes,low,12,1,never smoked,0
28562,Male,81,0,0,Yes,yes,high,10,1,never smoked,0
41853,Male,79,0,0,Yes,no,low,11,2,smokes,0
1767,Female,79,0,0,No,yes,high,11,2,smokes,0
851,Female,77,0,0,Yes,no,high,11,2,never smoked,0
5626,Male,63,0,0,No,yes,low,10,1,Unknown,0
7630,Female,63,0,0,No,yes,high,12,2,Unknown,0
7266,Female,78,0,0,Yes,yes,low,11,2,never smoked,0
1633,Male,65,0,0,Yes,yes,high,11,1,formerly smoked,0
14431,Male,63,0,0,Yes,yes,high,10,2,formerly smoked,0
869,Male,80,0,0,No,yes,low,8,2,never smoked,0
410,Female,59,0,0,Yes,yes,high,11,2,formerly smoked,0
18653,Female,69,1,0,Yes,yes,high,10,2,never smoked,0
74,Female,71,0,0,No,yes,low,9,2,Unknown,0
9922,Male,72,0,0,No,yes,low,8,1,Unknown,0
39329,Male,60,0,0,No,yes,low,9,2,Unknown,0
794,Male,75,0,0,No,yes,high,9,1,Unknown,0
28471,Male,60,0,0,No,yes,low,12,1,smokes,0
64942,Male,42,0,0,No,yes,low,12,1,formerly smoked,0
29135,Male,58,0,0,Yes,yes,low,9,1,never smoked,0
7925,Male,59,0,0,No,yes,low,8,2,Unknown,0
26051,Female,58,0,0,Yes,yes,high,10,1,never smoked,0
16695,Male,58,0,0,No,yes,low,10,1,Unknown,0
14742,Female,57,0,0,Yes,yes,high,12,2,Unknown,0
17165,Female,66,0,0,Yes,yes,high,9,1,formerly smoked,0
25102,Female,57,0,0,Yes,no,high,10,1,Unknown,0
12906,Female,65,0,0,Yes,yes,high,8,1,never smoked,0
3679,Female,72,0,0,No,yes,low,12,1,Unknown,0
2731,Male,75,0,0,Yes,yes,low,11,2,Unknown,0
2519,Male,81,0,0,No,yes,high,8,1,never smoked,0
59506,Female,65,0,0,Yes,yes,high,10,2,Unknown,0
4621,Female,78,1,0,Yes,yes,low,11,1,smokes,0
53216,Female,71,0,0,No,yes,high,8,1,Unknown,0
22109,Female,80,1,0,Yes,yes,high,8,2,smokes,0
11457,Male,82,0,0,Yes,yes,low,8,1,Unknown,0
46149,Male,58,0,0,No,yes,high,10,2,Unknown,0
26537,Male,79,0,0,Yes,yes,high,9,1,never smoked,0
46345,Female,63,1,0,Yes,no,low,10,1,Unknown,0
18270,Male,73,0,0,Yes,no,high,8,2,Unknown,0
19686,Male,83,0,0,Yes,yes,high,11,2,formerly smoked,0
19554,Female,81,0,0,No,yes,high,9,1,never smoked,0
5226,Male,61,0,0,Yes,yes,low,10,2,never smoked,0
6312,Male,75,0,0,Yes,yes,high,11,2,Unknown,0
23176,Female,62,0,0,Yes,no,high,9,2,formerly smoked,0
1517,Male,79,0,0,Yes,no,low,11,1,smokes,0
14286,Female,64,0,0,No,yes,high,10,1,never smoked,0
37969,Male,42,0,0,No,yes,low,9,1,never smoked,0
3606,Female,63,0,0,No,yes,low,8,2,Unknown,0
32830,Male,71,0,0,Yes,yes,low,9,1,never smoked,0
3009,Male,65,1,0,No,no,low,10,1,formerly smoked,0
27670,Male,56,0,0,No,no,high,10,1,never smoked,0
66106,Male,80,0,0,Yes,yes,high,10,2,Unknown,0
3356,Male,74,0,0,No,yes,low,11,1,never smoked,0
2421,Male,75,1,0,Yes,yes,low,12,2,smokes,0
8405,Female,42,1,1,Yes,no,high,8,2,never smoked,0
15059,Female,71,0,0,No,no,high,12,1,Unknown,0
14019,Female,60,0,0,Yes,yes,low,10,1,never smoked,0
2667,Female,54,0,1,Yes,yes,low,8,1,never smoked,0
4300,Male,58,0,0,Yes,yes,low,10,1,never smoked,0
8865,Female,62,0,0,No,yes,high,10,1,Unknown,0
45187,Male,65,0,0,Yes,yes,low,12,2,never smoked,0
34825,Male,68,0,0,No,yes,low,11,2,never smoked,0
10908,Male,81,0,0,Yes,yes,high,9,1,Unknown,0
33247,Female,82,0,0,No,yes,low,11,1,Unknown,0
16222,Male,59,0,0,Yes,yes,high,12,2,never smoked,0
8726,Female,72,0,0,Yes,yes,low,11,2,smokes,0
1567,Male,74,0,0,No,yes,high,12,1,Unknown,0
19626,Male,74,0,0,No,yes,low,8,1,smokes,0
233,Male,57,0,0,Yes,no,low,8,2,smokes,0
45896,Female,54,0,0,Yes,yes,low,12,2,Unknown,0
56184,Female,79,0,0,Yes,no,low,9,2,smokes,0
23437,Male,65,0,0,Yes,no,high,10,1,Unknown,0
21375,Female,54,0,1,Yes,yes,high,8,1,formerly smoked,0
60464,Female,56,0,0,Yes,no,high,11,2,formerly smoked,0
4995,Male,78,0,0,Yes,no,high,8,2,never smoked,0
525,Male,71,0,0,No,yes,low,12,1,Unknown,0
3175,Male,82,0,0,Yes,yes,low,10,2,Unknown,0
53432,Female,42,0,0,No,yes,low,10,1,Unknown,0
16926,Male,81,0,0,No,yes,high,8,1,never smoked,0
30535,Male,75,0,0,No,yes,low,9,2,smokes,0
862,Male,79,0,0,Yes,no,low,11,1,never smoked,0
1201,Female,63,0,0,Yes,yes,low,10,2,Unknown,0
31795,Male,54,0,1,No,yes,low,12,1,never smoked,0
222,Male,61,0,0,Yes,no,high,12,2,never smoked,0
4760,Female,73,0,0,Yes,no,high,9,1,formerly smoked,0
34711,Male,54,0,1,Yes,yes,high,12,1,never smoked,0
5127,Male,61,0,0,No,yes,high,12,2,Unknown,0
1890,Male,82,0,0,No,yes,high,12,1,Unknown,0
29352,Male,69,0,0,No,yes,low,11,2,never smoked,0
58507,Male,80,0,0,Yes,yes,low,11,1,never smoked,0
25992,Male,71,0,0,No,yes,low,8,1,Unknown,0
25100,Male,79,0,0,Yes,yes,high,8,1,smokes,0
19709,Male,70,0,0,Yes,no,low,10,2,never smoked,0
40693,Male,58,0,0,Yes,yes,low,8,1,Unknown,0
37965,Male,77,0,0,No,yes,low,10,2,never smoked,0
33874,Female,54,0,0,Yes,yes,high,9,1,never smoked,0
32288,Female,82,0,0,Yes,yes,high,10,1,never smoked,0
53371,Female,76,0,0,No,yes,low,12,2,formerly smoked,0
27012,Male,39,0,0,Yes,yes,high,12,1,Unknown,0
7899,Female,78,0,0,No,yes,low,10,2,Unknown,0
1564,Male,72,0,0,Yes,yes,high,11,1,never smoked,0
5535,Male,63,0,0,No,yes,low,12,1,Unknown,0
15094,Male,82,0,0,Yes,yes,low,8,2,never smoked,0
11342,Male,79,0,0,Yes,yes,high,12,2,never smoked,0
232,Male,63,1,0,Yes,yes,high,9,2,never smoked,0
21636,Female,77,0,0,Yes,no,low,11,2,smokes,0
393,Male,82,0,1,Yes,no,low,11,2,smokes,0
47708,Male,78,0,0,No,yes,high,11,1,Unknown,0
22763,Female,74,0,0,No,yes,high,10,1,Unknown,0
4729,Male,42,0,0,No,no,high,12,2,formerly smoked,0
1483,Male,58,0,0,No,yes,low,8,2,Unknown,0
15244,Male,67,0,0,Yes,yes,low,10,2,Unknown,0
18287,Male,78,0,0,Yes,no,high,12,2,never smoked,0
2740,Male,67,0,0,No,no,low,8,1,Unknown,0
4334,Female,73,0,0,Yes,no,high,8,2,Unknown,0
28879,Male,80,0,0,Yes,yes,high,10,1,never smoked,0
14934,Male,59,0,0,Yes,no,low,9,2,formerly smoked,0
45641,Female,66,0,0,Yes,no,high,9,1,Unknown,0
11507,Male,80,0,0,No,yes,high,9,2,never smoked,0
16329,Female,69,0,0,No,yes,low,10,2,smokes,0
1076,Male,78,0,0,No,yes,low,9,2,Unknown,0
14938,Male,80,0,0,Yes,yes,low,11,1,never smoked,0
53319,Female,78,1,0,Yes,yes,low,8,2,smokes,0
22201,Male,63,0,0,Yes,yes,low,8,1,never smoked,0
52753,Female,81,0,0,No,yes,low,12,2,formerly smoked,0
14651,Male,81,0,0,Yes,no,high,8,2,never smoked,0
30786,Male,78,0,0,Yes,yes,high,9,1,smokes,0
3430,Male,82,0,0,Yes,no,high,12,2,never smoked,0
32344,Male,78,0,0,Yes,yes,low,11,2,never smoked,0
36215,Female,72,0,0,Yes,no,high,12,1,never smoked,0
933,Female,73,0,0,No,yes,low,12,1,Unknown,0
29247,Male,58,0,0,Yes,yes,low,12,1,never smoked,0
5781,Male,56,0,0,No,no,high,11,1,never smoked,0
57851,Male,49,0,0,No,yes,high,10,1,never smoked,0
18487,Male,76,0,0,Yes,yes,high,9,1,never smoked,0
45385,Female,82,1,0,Yes,yes,high,10,2,never smoked,0
22782,Female,82,0,0,No,yes,high,12,1,Unknown,0
54065,Female,61,0,0,No,yes,low,12,1,Unknown,0
7260,Male,63,0,0,No,yes,high,9,1,never smoked,0
12616,Female,58,0,0,Yes,no,low,10,2,formerly smoked,0
13757,Female,39,0,0,No,no,low,12,2,Unknown,0
636,Male,77,0,0,No,yes,low,10,2,formerly smoked,0
3748,Male,76,0,0,Yes,yes,high,8,1,Unknown,0
11434,Male,76,0,0,Yes,yes,low,8,1,never smoked,0
4925,Male,58,0,0,Yes,yes,low,9,2,Unknown,0
15313,Male,65,0,0,No,yes,high,8,2,Unknown,0
33053,Male,65,0,0,Yes,no,low,8,1,never smoked,0
1195,Female,79,0,0,No,yes,low,9,2,Unknown,0
50646,Female,75,0,0,Yes,yes,high,8,2,never smoked,0
10961,Male,79,0,0,Yes,yes,low,12,2,never smoked,0
17104,Male,57,0,0,No,yes,low,11,2,Unknown,0
1782,Female,72,0,0,Yes,no,low,11,1,smokes,0
4456,Female,77,0,0,No,yes,low,12,1,Unknown,0
7339,Male,58,0,0,No,yes,high,9,2,never smoked,0
2974,Male,39,0,0,Yes,no,high,12,1,never smoked,0
8739,Male,76,0,0,No,no,low,8,1,smokes,0
1835,Female,71,0,0,Yes,no,high,12,1,Unknown,0
35194,Female,80,0,0,Yes,no,low,9,1,smokes,0
13449,Female,54,0,0,No,yes,low,11,2,smokes,0
28690,Male,64,0,0,No,yes,high,12,2,never smoked,0
6731,Female,67,0,0,No,yes,low,12,2,Unknown,0
16386,Male,71,0,1,Yes,no,high,11,1,never smoked,0
3849,Female,79,0,0,Yes,yes,high,10,2,Unknown,0
17704,Male,66,0,1,Yes,yes,high,10,2,smokes,0
38881,Female,63,1,0,Yes,yes,low,10,1,formerly smoked,0
49050,Female,73,0,1,No,yes,low,9,2,Unknown,0
38485,Male,81,0,0,Yes,no,low,11,1,smokes,0
15460,Male,58,0,0,Yes,yes,high,12,2,never smoked,0
7401,Male,54,0,1,No,yes,high,10,2,smokes,0
26895,Male,56,0,0,No,yes,high,8,1,Unknown,0
11692,Male,60,0,0,Yes,yes,low,9,2,never smoked,0
30185,Female,82,0,1,No,yes,high,10,1,Unknown,0
62068,Male,63,1,0,Yes,yes,high,11,2,formerly smoked,0
31991,Female,75,1,1,No,no,low,11,1,formerly smoked,0
63713,Female,78,0,0,No,yes,low,11,1,smokes,0
44112,Female,50,0,1,No,yes,low,9,2,smokes,0
42862,Female,62,0,0,Yes,yes,high,12,1,never smoked,0
26070,Male,58,0,1,No,yes,low,9,1,Unknown,0
8253,Female,71,0,0,No,yes,low,11,2,Unknown,0
6994,Male,65,0,0,Yes,yes,low,12,1,Unknown,0
9565,Male,54,0,0,Yes,no,high,9,2,smokes,0
7143,Male,58,0,0,No,yes,high,8,2,Unknown,0
34566,Male,69,0,1,Yes,no,low,12,2,smokes,0
27307,Female,77,1,1,Yes,no,high,8,1,formerly smoked,0
4958,Male,79,0,0,No,yes,low,10,2,Unknown,0
4513,Female,78,0,0,Yes,no,low,11,1,never smoked,0
36654,Male,65,0,1,Yes,yes,high,10,2,smokes,0
10073,Male,76,0,0,Yes,yes,low,9,1,never smoked,0
6919,Female,50,0,1,No,yes,low,9,2,smokes,0
28384,Female,71,0,0,No,yes,high,9,1,Unknown,0
31023,Male,63,0,0,No,yes,low,11,1,formerly smoked,0
8113,Female,50,1,1,Yes,no,high,11,2,formerly smoked,0
45828,Female,42,0,0,Yes,no,low,8,2,Unknown,0
22773,Female,28,0,1,Yes,no,low,12,2,Unknown,0
27310,Male,58,0,0,Yes,yes,high,9,2,smokes,0
5634,Male,63,0,0,No,yes,low,8,2,Unknown,0
8304,Male,78,0,0,Yes,yes,high,11,1,never smoked,0
1462,Male,80,0,1,No,yes,low,12,1,smokes,0
6625,Female,54,0,0,No,yes,high,12,2,Unknown,0
14256,Female,76,1,0,Yes,yes,high,9,1,Unknown,0
41669,Male,81,0,0,Yes,no,low,11,1,never smoked,0
3231,Male,61,1,0,Yes,yes,low,12,1,never smoked,0
68656,Female,65,0,0,No,yes,low,9,2,never smoked,0
11104,Male,80,0,0,Yes,yes,low,12,2,smokes,0
7089,Female,58,0,0,Yes,yes,low,11,2,never smoked,0
1132,Male,63,0,0,Yes,no,high,10,1,never smoked,0
514,Female,63,0,0,Yes,yes,low,12,1,formerly smoked,0
531,Female,63,0,0,Yes,no,low,8,2,Unknown,0
516,Male,83,0,0,Yes,yes,high,9,2,Unknown,0
10844,Male,58,0,0,No,yes,high,9,1,Unknown,0
2379,Female,42,0,0,Yes,yes,low,8,2,Unknown,0
32509,Female,61,0,0,Yes,no,low,8,2,formerly smoked,0
33783,Male,70,0,0,Yes,yes,low,12,2,Unknown,0
31628,Female,72,0,0,Yes,no,high,12,1,never smoked,0
1975,Male,69,0,0,Yes,yes,high,8,1,smokes,0
1275,Male,74,0,0,Yes,yes,high,11,2,never smoked,0
17927,Female,78,0,0,Yes,yes,low,11,2,formerly smoked,0
4954,Male,63,0,0,Yes,yes,low,9,2,smokes,0
54912,Female,72,0,0,No,yes,low,10,2,never smoked,0
13118,Female,72,0,0,Yes,no,high,8,1,smokes,0
15382,Male,82,1,0,Yes,yes,high,8,2,Unknown,0
8718,Male,78,0,0,Yes,yes,high,10,2,smokes,0
34211,Male,54,0,0,No,yes,high,11,2,Unknown,0
13303,Male,67,0,0,Yes,yes,low,8,2,never smoked,0
5071,Female,59,0,0,Yes,yes,high,9,2,never smoked,0
6959,Female,67,0,0,No,yes,high,12,1,never smoked,0
792,Male,76,0,0,Yes,yes,high,11,1,smokes,0
13315,Female,63,0,0,Yes,yes,high,9,2,Unknown,0
32874,Male,56,0,0,Yes,yes,low,8,2,Unknown,0
16830,Female,70,0,0,No,yes,high,9,2,Unknown,0
37859,Female,71,0,0,No,yes,high,12,1,never smoked,0
7625,Male,77,0,0,Yes,no,high,11,2,never smoked,0
23036,Male,72,1,0,No,no,high,12,1,formerly smoked,0
9532,Male,69,0,0,No,yes,high,10,2,never smoked,0
7951,Male,72,0,0,Yes,no,low,12,2,formerly smoked,0
11933,Male,80,0,0,Yes,yes,high,10,1,never smoked,0
13873,Male,59,0,0,Yes,no,high,10,2,Unknown,0
12826,Male,82,0,0,Yes,yes,low,10,1,smokes,0
18835,Male,82,0,0,No,yes,low,12,2,Unknown,0
179,Male,79,0,0,No,yes,high,12,1,Unknown,0
30634,Female,64,0,0,Yes,yes,low,12,1,never smoked,0
69,Female,61,0,0,No,yes,low,11,1,Unknown,0
11033,Male,67,0,0,Yes,yes,high,11,1,Unknown,0
3068,Female,56,0,0,No,yes,low,11,1,Unknown,0
7213,Female,78,1,0,Yes,yes,high,12,2,smokes,0
39153,Female,82,0,0,No,yes,low,10,1,Unknown,0
765,Male,75,0,1,Yes,no,low,11,1,smokes,0
1222,Male,50,0,0,No,yes,high,11,1,Unknown,0
6151,Female,80,0,0,Yes,no,low,9,2,formerly smoked,0
16910,Female,79,0,0,Yes,no,high,12,1,never smoked,0
8271,Male,78,0,0,Yes,yes,high,12,2,Unknown,0
20022,Female,75,0,0,No,yes,high,10,1,Unknown,0
338,Male,81,1,0,Yes,no,high,8,1,never smoked,0
51693,Male,59,0,0,No,yes,low,10,1,formerly smoked,0
471,Male,81,0,0,Yes,no,low,11,1,formerly smoked,0
52766,Male,69,0,0,Yes,no,high,12,1,formerly smoked,0
504,Male,82,0,0,No,yes,high,9,2,never smoked,0
9452,Female,65,0,0,No,yes,low,10,2,Unknown,0
2354,Male,79,0,0,Yes,no,low,11,2,never smoked,0
1734,Female,61,0,0,No,yes,high,10,1,smokes,0
30582,Male,57,0,0,No,yes,low,9,1,formerly smoked,0
3610,Male,73,0,0,Yes,yes,low,11,2,smokes,0
2210,Female,77,0,0,Yes,yes,low,9,1,never smoked,0
34370,Male,81,0,0,Yes,no,low,12,1,never smoked,0
48249,Female,82,0,0,Yes,yes,high,10,2,never smoked,0
18563,Male,70,0,0,No,yes,high,8,2,never smoked,0
6350,Male,76,1,0,Yes,yes,low,9,1,smokes,0
992,Female,78,0,0,No,yes,low,12,2,Unknown,0
17157,Male,73,0,0,Yes,yes,high,10,1,Unknown,0
20991,Female,73,0,0,No,yes,high,10,2,Unknown,0
12472,Female,82,0,0,No,no,low,10,1,formerly smoked,0
1620,Female,63,0,0,No,yes,low,12,2,Unknown,0
37584,Male,79,0,0,No,yes,high,8,2,smokes,0
44167,Female,71,0,0,No,no,low,11,2,Unknown,0
17452,Female,60,0,0,Yes,no,high,8,2,never smoked,0
8036,Female,48,1,0,Yes,yes,high,9,1,never smoked,0
756,Male,71,0,0,Yes,no,low,11,2,Unknown,0
24757,Female,69,0,0,Yes,yes,high,8,1,Unknown,0
3199,Male,65,0,0,Yes,yes,high,8,1,formerly smoked,0
16279,Female,78,0,0,No,yes,low,9,2,never smoked,0
23571,Female,54,0,0,Yes,yes,high,11,2,never smoked,0
3622,Male,58,0,0,Yes,yes,high,11,1,smokes,0
14910,Female,67,0,0,Yes,no,high,11,1,Unknown,0
814,Male,39,0,0,Yes,yes,high,8,2,Unknown,0
2746,Male,69,0,0,Yes,yes,low,9,2,formerly smoked,0
1505,Male,72,0,0,Yes,no,high,10,2,never smoked,0
28520,Male,54,0,0,Yes,no,low,12,1,Unknown,0
12142,Female,71,0,0,No,yes,high,9,1,Unknown,0
1763,Male,82,0,0,Yes,no,low,11,1,Unknown,0
1102,Female,63,0,0,Yes,no,high,10,1,formerly smoked,0
47476,Female,60,0,0,Yes,yes,low,10,1,Unknown,0
36204,Male,48,0,0,No,yes,high,8,2,formerly smoked,0
378,Male,79,0,0,Yes,yes,low,8,2,never smoked,0
6388,Female,49,0,0,Yes,yes,high,8,1,formerly smoked,0
4906,Male,75,0,0,Yes,yes,low,9,2,formerly smoked,0
7566,Male,60,1,1,Yes,yes,low,12,2,formerly smoked,0
24631,Female,82,0,0,Yes,yes,high,8,2,smokes,0
19398,Female,58,0,0,Yes,yes,high,9,2,never smoked,0
3246,Female,60,0,1,Yes,yes,high,10,2,smokes,0
37502,Male,69,0,0,Yes,yes,low,8,2,never smoked,0
28228,Male,67,0,0,Yes,yes,high,8,2,formerly smoked,0
22056,Male,54,0,0,Yes,yes,low,10,1,never smoked,0
31194,Female,72,0,0,No,yes,high,12,1,Unknown,0
23540,Male,58,0,0,No,yes,high,12,2,never smoked,0
39357,Male,64,0,0,No,yes,high,12,2,Unknown,0
1576,Male,82,0,0,Yes,no,low,11,1,Unknown,0
6531,Female,69,0,0,Yes,no,high,10,2,never smoked,0
14892,Male,78,0,0,No,yes,low,11,2,Unknown,0
13402,Female,76,0,0,No,yes,high,10,2,Unknown,0
25518,Female,48,0,0,Yes,yes,high,12,1,never smoked,0
3681,Male,76,0,0,No,no,low,8,1,smokes,0
62654,Male,80,0,0,Yes,no,low,11,2,never smoked,0
27457,Female,60,0,0,Yes,yes,high,9,2,never smoked,0
2230,Female,39,0,0,Yes,yes,low,10,1,never smoked,0
19980,Female,72,1,0,Yes,yes,high,9,1,never smoked,0
13950,Female,62,0,0,Yes,no,low,11,1,never smoked,0
6875,Male,61,0,0,Yes,no,low,9,2,formerly smoked,0
2750,Male,72,0,0,No,no,high,12,1,formerly smoked,0
50932,Male,52,0,0,Yes,yes,high,9,2,smokes,0
15953,Female,62,0,0,No,yes,high,10,2,Unknown,0
43455,Female,74,0,0,No,yes,low,9,2,never smoked,0
30109,Female,64,0,0,No,yes,high,8,2,Unknown,0
2708,Female,70,0,0,No,yes,low,10,2,Unknown,0
22429,Male,79,1,0,Yes,no,low,8,2,never smoked,0
6751,Male,69,0,0,Yes,yes,low,11,2,formerly smoked,0
26762,Male,50,0,0,Yes,no,high,11,1,never smoked,0
38805,Female,50,0,0,No,yes,high,8,2,Unknown,0
3391,Male,82,0,0,Yes,no,low,12,1,formerly smoked,0
35766,Male,42,0,0,Yes,no,high,9,1,never smoked,0
25117,Male,64,0,0,Yes,yes,high,11,2,smokes,0
39348,Female,67,0,0,Yes,no,low,12,1,never smoked,0
12844,Female,76,0,0,No,yes,high,12,2,Unknown,0
7078,Male,80,0,0,Yes,yes,high,12,1,never smoked,0
43236,Male,78,0,1,Yes,yes,low,11,1,Unknown,0
15140,Female,82,1,0,Yes,no,high,11,2,smokes,0
6696,Male,61,0,1,Yes,yes,high,10,2,smokes,0
8629,Male,54,0,0,No,yes,high,10,1,smokes,0
26012,Male,63,0,0,Yes,no,low,12,2,smokes,0
26200,Male,58,0,0,Yes,yes,low,11,1,smokes,0
24980,Female,79,0,0,Yes,yes,low,9,1,never smoked,0
4341,Female,79,0,0,No,yes,high,9,2,Unknown,0
40321,Male,39,0,0,No,yes,low,12,2,Unknown,0
156,Female,82,0,0,No,yes,high,9,1,Unknown,0
8568,Female,67,0,0,No,yes,high,12,2,Unknown,0
17317,Male,60,0,1,No,yes,high,10,2,Unknown,0
68558,Male,58,0,0,Yes,no,low,11,1,smokes,0
51961,Female,76,0,0,Yes,no,low,8,1,never smoked,0
3831,Male,78,0,1,Yes,yes,low,8,1,never smoked,0
36804,Male,79,0,0,Yes,yes,low,8,2,formerly smoked,0
6556,Female,39,0,0,Yes,yes,low,11,2,formerly smoked,0
61933,Male,39,0,1,Yes,yes,high,8,2,never smoked,0
35684,Male,73,0,0,No,yes,high,8,2,never smoked,0
47570,Female,78,0,0,Yes,no,low,10,1,never smoked,0
121,Male,54,0,0,Yes,no,low,8,1,formerly smoked,0
36694,Male,63,0,0,No,yes,high,12,1,Unknown,0
47720,Male,79,0,1,No,yes,high,12,1,formerly smoked,0
44051,Female,66,0,1,Yes,yes,high,10,1,never smoked,0
43435,Female,75,0,0,No,yes,low,11,1,Unknown,0
4031,Male,60,0,0,Yes,yes,high,8,2,smokes,0
18962,Female,58,0,0,No,yes,low,8,2,Unknown,0
9266,Female,79,0,0,Yes,yes,low,8,2,smokes,0
15576,Male,57,0,0,Yes,no,high,12,2,never smoked,0
14312,Female,60,0,0,Yes,no,low,11,2,Unknown,0
18981,Male,79,0,0,Yes,yes,low,9,2,formerly smoked,0
11874,Male,50,0,0,No,yes,low,12,2,Unknown,0
4419,Male,82,0,0,No,yes,high,10,2,smokes,0
24925,Female,63,0,0,No,yes,low,12,2,Unknown,0
19761,Female,80,0,0,No,no,low,11,1,Unknown,0
123,Male,79,0,0,Yes,yes,low,8,1,never smoked,0
21644,Male,77,0,0,No,no,low,12,2,never smoked,0
384,Female,61,0,0,Yes,yes,low,9,2,smokes,0
408,Female,75,0,0,Yes,no,low,11,2,smokes,0
12660,Male,80,1,0,Yes,yes,low,12,2,formerly smoked,0
20295,Male,57,0,0,Yes,yes,high,9,1,formerly smoked,0
8120,Male,61,0,0,Yes,no,high,11,2,formerly smoked,0
19838,Male,71,0,0,Yes,no,high,10,2,never smoked,0
34025,Male,69,0,0,No,yes,high,12,2,Unknown,0
6510,Male,48,0,0,Yes,yes,low,9,2,Unknown,0
21959,Female,76,0,0,Yes,no,low,8,1,never smoked,0
11285,Female,76,0,0,No,no,high,10,2,formerly smoked,0
17986,Male,82,0,0,No,yes,low,12,1,formerly smoked,0
10710,Male,48,0,0,Yes,yes,high,9,2,formerly smoked,0
5699,Female,76,0,0,Yes,yes,high,9,1,never smoked,0
5366,Female,61,0,0,No,yes,low,11,1,Unknown,0
19073,Male,79,0,0,Yes,no,low,11,2,Unknown,0
26935,Female,42,0,0,No,yes,low,9,2,Unknown,0
24886,Female,74,0,1,Yes,yes,low,8,1,never smoked,0
54853,Female,52,0,1,Yes,yes,high,10,1,never smoked,0
1021,Male,69,0,0,No,yes,low,12,1,Unknown,0
7380,Male,70,0,1,Yes,no,high,9,1,Unknown,0
15088,Female,58,0,0,Yes,no,low,8,2,Unknown,0
31393,Male,81,0,0,Yes,no,low,12,1,never smoked,0
12537,Male,73,0,0,No,no,high,10,1,Unknown,0
649,Female,78,0,0,Yes,no,low,10,1,smokes,0
64936,Male,64,0,0,Yes,no,high,11,2,never smoked,0
10567,Female,71,0,0,Yes,no,low,9,1,formerly smoked,0
48611,Male,52,0,0,Yes,no,low,11,2,never smoked,0
2907,Male,79,0,1,Yes,yes,high,11,1,formerly smoked,0
2290,Female,62,0,0,Yes,no,low,12,2,formerly smoked,0
6476,Female,77,0,0,Yes,yes,high,11,1,formerly smoked,0
26008,Female,80,0,0,No,yes,low,10,1,Unknown,0
23199,Male,80,0,0,No,yes,high,9,2,never smoked,0
14315,Male,54,0,0,Yes,yes,high,9,2,Unknown,0
22889,Male,54,0,0,Yes,no,low,9,2,never smoked,0
17839,Male,64,0,0,No,no,low,12,2,Unknown,0
27589,Male,76,0,0,Yes,yes,low,9,1,never smoked,0
4501,Male,57,0,0,No,no,low,10,2,smokes,0
9124,Female,48,0,0,Yes,no,low,11,1,never smoked,0
12217,Male,78,0,0,Yes,no,low,11,2,Unknown,0
1404,Female,56,0,0,Yes,yes,low,8,2,Unknown,0
2002,Female,77,0,0,Yes,yes,high,10,2,Unknown,0
10830,Female,54,0,0,Yes,no,high,8,2,Unknown,0
17089,Male,81,0,0,Yes,yes,low,10,1,never smoked,0
26860,Male,66,0,0,Yes,yes,low,9,2,never smoked,0
38431,Female,73,0,0,Yes,yes,high,12,1,Unknown,0
15351,Female,77,0,0,No,yes,low,10,1,smokes,0
5836,Male,58,0,0,No,yes,high,9,1,formerly smoked,0
3974,Male,67,0,0,Yes,no,high,11,2,never smoked,0
13593,Male,58,0,0,Yes,no,low,11,2,never smoked,0
45542,Male,66,0,0,Yes,no,high,9,2,never smoked,0
3829,Male,54,0,0,Yes,yes,low,10,2,never smoked,0
17361,Male,78,0,0,Yes,yes,high,10,1,never smoked,0
16790,Female,60,0,0,Yes,no,low,12,1,never smoked,0
406,Female,80,0,0,Yes,yes,low,11,1,never smoked,0
13174,Female,76,0,1,Yes,yes,low,11,2,Unknown,0
22039,Male,63,0,0,Yes,yes,high,10,1,never smoked,0
10892,Female,74,0,0,Yes,yes,low,8,2,formerly smoked,0
5303,Male,82,0,0,Yes,yes,low,11,2,Unknown,0
30630,Female,72,0,0,Yes,no,high,8,2,never smoked,0
8253,Male,57,0,0,No,yes,high,9,1,Unknown,0
5947,Male,76,0,0,Yes,no,high,12,1,formerly smoked,0
4817,Male,82,0,0,Yes,yes,low,10,1,smokes,0
18165,Female,80,0,0,No,yes,low,12,2,Unknown,0
21506,Female,79,1,0,Yes,yes,high,10,1,Unknown,0
20,Female,62,0,0,No,yes,low,8,1,Unknown,0
2063,Male,39,0,0,Yes,yes,low,12,1,never smoked,0
8180,Female,68,0,0,Yes,no,low,9,1,smokes,0
17125,Female,80,0,1,No,yes,low,8,2,smokes,0
7599,Male,61,0,0,Yes,yes,high,12,2,smokes,0
1759,Male,82,0,0,Yes,no,low,8,1,never smoked,0
4452,Female,50,0,0,Yes,yes,high,8,2,never smoked,0
6556,Female,39,0,0,No,yes,low,9,2,Unknown,0
24334,Male,69,0,0,Yes,yes,high,10,2,never smoked,0
17676,Male,60,0,0,Yes,yes,high,11,1,never smoked,0
22903,Male,77,0,0,Yes,yes,high,12,2,Unknown,0
5047,Female,59,0,0,Yes,no,high,8,1,formerly smoked,0
12005,Female,65,0,0,Yes,yes,high,8,2,Unknown,0
56305,Female,78,0,0,Yes,yes,low,12,1,never smoked,0
1201,Female,70,0,1,No,no,low,8,2,never smoked,0
10210,Female,79,0,0,No,no,low,9,1,never smoked,0
39766,Male,75,1,1,Yes,no,low,10,2,formerly smoked,0
26129,Female,65,0,0,Yes,yes,high,10,2,formerly smoked,0
44323,Female,81,0,0,No,yes,low,12,2,Unknown,0
5946,Female,54,0,0,Yes,no,high,10,2,smokes,0
12311,Female,76,1,0,Yes,no,low,11,2,formerly smoked,0
29425,Male,78,0,0,Yes,yes,high,11,1,Unknown,0
8461,Male,60,1,0,Yes,yes,high,9,2,never smoked,0
34200,Male,81,0,0,Yes,yes,low,10,1,never smoked,0
22604,Male,48,0,0,No,yes,high,8,2,Unknown,0
29200,Female,63,0,0,No,yes,high,10,2,never smoked,0
1967,Male,65,0,0,No,yes,low,9,2,never smoked,0
18351,Male,78,0,0,No,no,low,8,2,never smoked,0
6179,Female,68,0,0,Yes,yes,high,11,2,smokes,0
3313,Male,67,0,1,Yes,no,low,9,2,smokes,0
5751,Male,78,0,0,Yes,yes,high,9,1,Unknown,0
35334,Male,78,1,0,Yes,yes,low,11,2,formerly smoked,0
35949,Female,59,0,1,Yes,yes,high,9,1,smokes,0
6557,Female,67,0,0,Yes,yes,high,8,1,formerly smoked,0
5502,Male,64,0,0,Yes,yes,low,12,1,never smoked,0
5191,Male,71,0,0,Yes,yes,low,12,1,Unknown,0
8146,Male,48,0,0,Yes,yes,high,10,2,smokes,0
5776,Male,75,0,0,No,yes,low,9,2,Unknown,0
1440,Female,49,0,0,Yes,yes,low,11,1,formerly smoked,0
24034,Female,79,0,0,No,yes,low,11,2,Unknown,0
6611,Female,79,0,0,No,yes,low,12,2,Unknown,0
2995,Male,77,0,0,Yes,no,low,12,1,never smoked,0
3520,Male,58,0,0,Yes,yes,high,11,2,Unknown,0
7762,Female,69,0,0,Yes,yes,high,10,1,never smoked,0
2387,Female,79,0,0,Yes,no,low,8,2,smokes,0
25475,Male,80,0,0,Yes,no,low,10,2,never smoked,0
12360,Female,80,0,0,Yes,no,low,11,2,never smoked,0
42507,Female,61,0,0,Yes,yes,low,8,2,smokes,0
78,Male,71,0,0,Yes,yes,low,10,1,smokes,0
23601,Male,81,0,0,No,yes,high,8,1,never smoked,0
39097,Male,60,0,0,Yes,no,high,10,1,never smoked,0
19119,Male,69,0,0,Yes,yes,high,10,1,never smoked,0
27644,Male,82,0,0,Yes,yes,low,8,2,never smoked,0
6221,Male,70,0,0,No,yes,high,12,2,never smoked,0
15799,Male,42,0,0,Yes,yes,low,12,2,never smoked,0
64898,Male,58,0,0,Yes,yes,high,9,2,never smoked,0
10117,Male,79,0,0,Yes,yes,low,11,1,never smoked,0
8979,Male,79,0,0,No,yes,low,12,2,never smoked,0
10720,Male,58,0,0,Yes,yes,high,8,1,never smoked,0
15297,Male,48,0,0,No,yes,high,9,1,smokes,0
31923,Male,56,0,0,No,yes,low,11,1,Unknown,0
7182,Male,61,0,0,Yes,yes,low,8,2,smokes,0
891,Female,76,0,0,No,yes,high,8,1,Unknown,0
38940,Male,77,0,0,No,yes,high,9,1,Unknown,0
15798,Female,57,0,1,Yes,yes,high,11,1,smokes,0
35,Female,82,0,0,Yes,no,low,9,2,formerly smoked,0
61564,Male,78,0,0,Yes,yes,high,12,2,formerly smoked,0
6602,Male,39,0,0,Yes,no,high,12,1,Unknown,0
40544,Female,56,0,0,Yes,yes,high,8,1,formerly smoked,0
7143,Female,57,1,0,No,yes,high,8,2,Unknown,0
181,Male,80,0,0,No,yes,high,11,2,Unknown,0
6764,Male,58,0,0,Yes,yes,high,9,2,smokes,0
11869,Female,39,0,0,Yes,yes,low,9,2,Unknown,0
7007,Male,78,0,0,No,yes,high,11,1,never smoked,0
9577,Female,72,0,0,Yes,yes,high,11,2,Unknown,0
52753,Male,80,0,0,Yes,no,low,8,1,never smoked,0
21020,Female,75,1,0,Yes,yes,high,11,1,never smoked,0
12959,Male,54,0,0,No,yes,low,11,2,never smoked,0
9836,Male,76,0,1,No,no,low,12,1,Unknown,0
44836,Female,50,0,0,Yes,yes,low,12,1,never smoked,0
27209,Male,63,0,0,No,yes,high,9,2,smokes,0
11573,Female,69,0,0,Yes,no,high,11,2,never smoked,0
15356,Male,65,0,0,No,yes,high,12,1,Unknown,0
38810,Male,67,0,0,No,yes,low,8,1,never smoked,0
4166,Female,60,1,0,Yes,no,high,12,2,never smoked,0
12200,Male,61,0,0,No,yes,low,10,2,Unknown,0
28834,Male,52,0,0,Yes,no,low,11,1,formerly smoked,0
33190,Female,72,0,0,Yes,yes,low,9,2,never smoked,0
34483,Female,76,0,0,Yes,yes,high,12,2,never smoked,0
4755,Male,54,0,0,Yes,yes,high,8,1,Unknown,0
21841,Male,63,0,0,Yes,no,high,11,2,Unknown,0
11043,Male,39,0,0,Yes,yes,low,11,2,formerly smoked,0
12674,Male,64,0,0,Yes,yes,high,12,2,Unknown,0
5581,Male,78,0,0,Yes,no,high,8,2,smokes,0
48502,Male,71,0,0,No,yes,high,12,1,Unknown,0
20584,Female,54,0,0,Yes,no,high,11,1,smokes,0
47104,Male,76,0,0,No,yes,low,12,2,formerly smoked,0
56,Male,59,0,0,No,yes,low,12,1,formerly smoked,0
20287,Male,68,1,0,Yes,no,low,12,1,never smoked,0
25622,Female,54,0,0,No,yes,high,10,2,Unknown,0
8712,Male,54,0,0,No,yes,high,10,1,Unknown,0
20906,Male,79,0,0,No,yes,high,8,1,formerly smoked,0
13610,Female,54,0,0,No,yes,high,11,1,never smoked,0
32520,Male,80,0,0,Yes,yes,low,11,2,smokes,0
34507,Male,81,0,0,Yes,no,low,9,2,never smoked,0
27550,Male,82,0,1,Yes,yes,high,9,2,smokes,0
25645,Male,76,0,0,Yes,no,low,8,2,formerly smoked,0
10575,Male,71,1,0,Yes,yes,low,10,2,smokes,0
11191,Female,78,0,0,Yes,no,high,11,2,Unknown,0
919,Female,76,0,0,Yes,no,low,11,1,never smoked,0
42339,Female,65,0,0,No,yes,high,11,1,Unknown,0
5794,Female,78,0,0,No,yes,high,12,1,Unknown,0
4928,Male,72,0,0,No,yes,low,11,1,Unknown,0
22192,Male,57,0,0,No,yes,high,11,1,never smoked,0
8750,Female,79,0,0,No,yes,high,8,2,Unknown,0
14636,Female,72,0,0,No,no,high,12,2,formerly smoked,0
9419,Male,76,0,0,Yes,no,low,8,1,smokes,0
14673,Male,58,0,0,Yes,yes,low,11,1,smokes,0
2819,Male,39,0,0,No,yes,low,11,2,never smoked,0
12265,Female,78,0,0,No,yes,low,12,2,Unknown,0
14368,Male,58,0,0,Yes,no,high,8,2,never smoked,0
24777,Male,60,0,0,No,yes,low,10,1,Unknown,0
562,Male,63,0,0,No,yes,high,9,1,smokes,0
21502,Male,58,0,0,No,yes,high,11,1,Unknown,0
15589,Male,61,0,0,No,no,low,10,2,never smoked,0
3154,Male,80,0,0,Yes,no,low,8,2,Unknown,0
6021,Male,65,1,0,Yes,yes,high,12,2,never smoked,0
8165,Female,56,0,0,Yes,yes,low,11,1,Unknown,0
20521,Female,74,0,0,No,yes,high,9,2,never smoked,0
1892,Male,78,0,0,No,yes,low,11,2,Unknown,0
14030,Female,50,1,0,Yes,yes,low,10,2,never smoked,0
29389,Female,71,0,0,Yes,no,low,12,2,never smoked,0
16865,Male,71,0,0,Yes,yes,high,10,1,Unknown,0
5213,Female,79,0,0,No,yes,low,10,2,formerly smoked,0
6298,Female,61,0,0,Yes,yes,high,10,1,never smoked,0
62263,Male,73,0,0,Yes,no,low,9,1,smokes,0
3364,Female,59,0,0,No,yes,high,9,2,never smoked,0
2437,Female,61,0,0,Yes,yes,high,8,1,smokes,0
17748,Female,82,0,0,Yes,yes,low,12,2,formerly smoked,0
9610,Male,78,0,0,No,yes,low,9,2,Unknown,0
941,Male,74,0,0,No,no,high,11,1,never smoked,0
54121,Male,80,0,0,Yes,no,low,12,2,never smoked,0
13076,Male,58,0,0,No,yes,low,11,1,Unknown,0
6860,Male,78,0,0,No,no,high,9,2,Unknown,0
24112,Male,82,0,0,No,yes,high,8,2,Unknown,0
1246,Male,81,0,0,Yes,no,low,9,1,smokes,0
17437,Male,74,0,0,Yes,no,low,8,2,never smoked,0
36955,Male,42,0,0,No,yes,high,10,1,Unknown,0
2657,Male,54,0,0,Yes,yes,low,12,1,smokes,0
4010,Male,49,0,0,Yes,yes,low,12,1,formerly smoked,0
30551,Female,63,1,0,Yes,no,high,8,2,formerly smoked,0
3099,Female,75,1,1,Yes,yes,low,10,1,formerly smoked,0
56221,Male,72,0,0,Yes,yes,low,12,1,Unknown,0
22215,Female,58,0,0,No,yes,high,10,2,Unknown,0
22262,Female,65,0,0,Yes,no,high,9,1,never smoked,0
10662,Male,71,1,0,Yes,no,high,12,1,Unknown,0
5536,Female,65,0,0,Yes,yes,high,11,2,formerly smoked,0
1826,Male,79,0,0,Yes,yes,high,8,2,never smoked,0
24830,Male,79,0,0,Yes,no,high,9,1,never smoked,0
14623,Female,71,0,0,Yes,no,high,8,1,smokes,0
29416,Female,63,0,0,No,yes,low,10,2,Unknown,0
18777,Male,72,0,0,No,yes,low,11,2,never smoked,0
14442,Male,54,0,0,Yes,no,high,9,2,Unknown,0
5547,Male,79,0,0,Yes,yes,high,11,2,formerly smoked,0
15023,Male,78,0,0,No,no,high,9,1,never smoked,0
19774,Male,69,0,0,No,yes,high,9,2,never smoked,0
25083,Male,63,0,0,Yes,no,high,10,2,never smoked,0
30119,Female,82,0,0,Yes,yes,low,10,1,never smoked,0
1905,Male,42,0,0,Yes,yes,high,12,2,Unknown,0
14406,Female,77,0,0,No,yes,low,10,1,never smoked,0
7788,Female,75,0,0,No,yes,high,9,2,Unknown,0
4054,Male,63,0,0,Yes,no,low,11,2,never smoked,0
16289,Male,62,0,0,Yes,no,low,8,1,formerly smoked,0
16472,Male,61,0,0,No,no,low,8,1,Unknown,0
28328,Female,59,0,0,Yes,yes,low,10,2,smokes,0
39,Male,79,0,0,Yes,yes,low,12,2,formerly smoked,0
48892,Female,56,0,0,Yes,yes,low,12,2,smokes,0
23927,Male,81,0,0,Yes,no,high,8,1,never smoked,0
4018,Male,58,0,0,Yes,yes,high,9,1,never smoked,0
9764,Female,59,1,0,Yes,yes,high,9,2,never smoked,0
28269,Female,63,0,0,Yes,yes,low,9,1,Unknown,0
8878,Male,75,0,0,Yes,no,low,9,1,never smoked,0
11638,Male,82,0,0,Yes,yes,low,12,2,formerly smoked,0
19124,Female,82,0,0,No,yes,low,8,2,Unknown,0
8184,Male,80,0,0,Yes,yes,low,12,1,formerly smoked,0
44202,Male,78,0,0,Yes,yes,low,10,2,smokes,0
18496,Male,48,0,0,No,yes,low,10,1,Unknown,0
11472,Female,79,1,0,Yes,no,high,12,1,never smoked,0
39834,Female,60,0,0,Yes,no,low,9,2,formerly smoked,0
12459,Female,72,0,0,No,yes,low,9,1,Unknown,0
13639,Female,76,0,0,No,yes,high,9,1,Unknown,0
1748,Male,79,0,0,No,no,high,11,2,formerly smoked,0
4121,Female,68,0,0,Yes,no,high,10,1,formerly smoked,0
2772,Male,58,0,0,Yes,no,high,12,2,never smoked,0
10321,Male,82,1,0,Yes,yes,high,12,2,smokes,0
3662,Male,56,0,0,No,yes,high,12,1,Unknown,0
46243,Male,63,0,0,No,yes,low,10,2,never smoked,0
5498,Male,54,0,0,Yes,no,low,10,2,smokes,0
33744,Female,80,0,0,Yes,yes,low,12,1,formerly smoked,0
45718,Male,60,0,0,No,yes,low,10,2,Unknown,0
22641,Male,70,0,0,No,yes,low,11,2,formerly smoked,0
73,Male,75,1,0,Yes,yes,high,9,2,smokes,0
521,Female,58,0,0,Yes,yes,low,12,2,smokes,0
7904,Female,79,0,1,Yes,yes,high,10,1,Unknown,0
11936,Female,58,0,0,No,yes,low,10,2,formerly smoked,0
728,Female,62,1,0,Yes,no,high,9,2,smokes,0
71240,Male,79,0,0,Yes,yes,high,9,1,never smoked,0
36000,Male,66,0,0,Yes,no,high,10,2,Unknown,0
8815,Male,80,0,0,No,yes,low,12,1,never smoked,0
2998,Female,79,0,0,No,yes,low,11,2,Unknown,0
24448,Male,75,0,0,Yes,yes,low,12,2,never smoked,0
45341,Male,56,0,0,Yes,yes,high,9,2,never smoked,0
10389,Male,80,0,0,Yes,yes,low,8,1,never smoked,0
13995,Male,82,0,0,No,yes,low,9,2,never smoked,0
21091,Male,63,0,0,Yes,yes,low,12,1,never smoked,0
15973,Male,72,0,0,Yes,no,high,11,2,never smoked,0
4430,Male,78,0,0,Yes,yes,high,9,1,smokes,0
3934,Male,77,0,0,Yes,no,low,12,1,Unknown,0
49439,Male,70,0,0,Yes,yes,low,11,2,never smoked,0
6389,Female,59,0,0,No,no,high,12,2,Unknown,0
29435,Male,56,0,0,Yes,yes,low,8,1,formerly smoked,0
4781,Male,71,0,0,No,yes,high,9,2,never smoked,0
35622,Male,63,1,0,Yes,no,high,11,1,never smoked,0
42342,Male,78,0,0,Yes,yes,low,11,2,smokes,0
530,Female,58,0,0,Yes,no,low,12,1,formerly smoked,0
21474,Male,58,0,0,No,yes,low,12,2,smokes,0
8638,Male,76,0,0,No,yes,high,10,1,Unknown,0
42505,Male,54,0,1,Yes,yes,high,12,1,formerly smoked,0
27998,Male,54,0,0,No,yes,low,11,2,formerly smoked,0
30643,Male,60,1,0,Yes,no,low,12,1,smokes,0
6275,Female,82,0,0,No,yes,low,9,1,never smoked,0
27448,Female,39,0,0,No,yes,low,10,1,Unknown,0
6154,Female,74,0,0,Yes,yes,low,11,1,Unknown,0
1986,Female,49,0,0,Yes,no,high,8,1,formerly smoked,0
35082,Male,72,0,0,Yes,no,low,8,1,never smoked,0
51137,Male,79,0,0,Yes,yes,low,10,1,smokes,0
6602,Male,73,0,0,Yes,no,high,10,1,Unknown,0
5910,Male,71,0,0,No,yes,low,8,1,Unknown,0
47046,Male,82,0,0,Yes,no,high,11,1,Unknown,0
47205,Male,60,0,0,No,yes,high,11,2,Unknown,0
12415,Female,54,0,0,No,yes,high,8,1,Unknown,0
51255,Male,77,0,0,Yes,yes,high,10,1,never smoked,0
4314,Male,79,0,1,Yes,no,low,12,2,never smoked,0
202,Male,61,0,0,Yes,no,low,8,1,never smoked,0
5073,Male,54,0,0,Yes,no,high,8,2,Unknown,0
2839,Male,72,0,0,No,yes,high,10,2,Unknown,0
6670,Male,82,0,0,No,yes,low,9,2,Unknown,0
5896,Female,83,0,0,Yes,yes,low,8,1,never smoked,0
9381,Male,63,0,0,No,no,low,12,2,Unknown,0
34019,Male,79,0,0,No,yes,high,11,2,never smoked,0
3902,Female,60,0,0,No,yes,high,9,2,Unknown,0
140,Male,61,0,0,Yes,yes,low,12,1,smokes,0
35650,Male,66,0,0,No,yes,high,12,2,never smoked,0
19750,Male,65,0,0,No,yes,high,8,1,never smoked,0
1362,Male,82,0,0,Yes,no,low,10,2,never smoked,0
24028,Male,82,0,0,Yes,no,low,8,1,formerly smoked,0
1833,Male,63,0,0,Yes,yes,low,9,1,Unknown,0
10729,Male,78,1,1,Yes,yes,high,11,2,Unknown,0
63240,Female,58,0,0,No,yes,low,8,1,smokes,0
23763,Male,78,0,0,No,yes,high,9,2,Unknown,0
34564,Male,79,0,0,No,yes,high,12,1,smokes,0
4480,Male,58,0,0,Yes,yes,high,10,1,Unknown,0
14511,Male,60,0,0,Yes,no,high,11,1,Unknown,0
27136,Male,76,0,0,Yes,yes,high,12,1,smokes,0
20980,Male,80,0,0,Yes,yes,low,10,1,formerly smoked,0
4463,Female,65,0,0,No,yes,high,8,1,Unknown,0
28614,Male,60,0,0,Yes,no,high,10,2,never smoked,0
54154,Female,77,0,0,Yes,no,high,9,1,smokes,0
2964,Female,68,0,0,Yes,no,high,12,2,Unknown,0
396,Female,54,0,0,Yes,yes,low,10,1,never smoked,0
22210,Male,69,0,0,No,yes,low,10,1,Unknown,0
49,Female,71,0,0,Yes,yes,low,12,1,never smoked,0
54148,Male,65,0,0,Yes,yes,high,9,1,Unknown,0
487,Male,81,0,0,Yes,yes,high,12,2,never smoked,0
39462,Male,80,0,0,No,yes,low,11,2,formerly smoked,0
144,Female,48,0,0,Yes,yes,high,9,2,never smoked,0
1605,Male,58,0,0,No,yes,high,11,2,Unknown,0
22352,Female,82,0,0,No,no,low,11,2,Unknown,0
12376,Female,76,0,1,Yes,no,low,11,1,never smoked,0
18961,Male,79,0,0,Yes,yes,low,12,1,never smoked,0
13529,Female,78,0,0,No,yes,low,11,2,Unknown,0
11757,Male,54,0,0,Yes,yes,low,12,1,Unknown,0
12870,Male,61,0,0,No,yes,low,9,1,never smoked,0
44565,Male,58,0,0,Yes,yes,high,11,2,never smoked,0
5662,Male,59,0,0,Yes,no,low,10,2,Unknown,0
8319,Female,79,0,0,No,yes,high,9,1,never smoked,0
7006,Female,65,0,0,Yes,no,low,11,2,never smoked,0
9806,Male,82,0,0,No,yes,high,8,1,Unknown,0
1336,Male,58,0,0,No,yes,low,8,2,formerly smoked,0
777,Male,63,0,0,No,no,high,12,1,never smoked,0
6988,Female,57,0,0,No,yes,high,11,2,never smoked,0
27702,Male,72,0,0,No,yes,high,10,1,Unknown,0
46689,Male,50,0,0,No,yes,low,11,1,Unknown,0
13382,Female,79,0,0,Yes,no,high,9,2,never smoked,0
59394,Male,56,0,0,Yes,yes,high,8,2,never smoked,0
4527,Female,49,0,0,No,yes,low,10,2,smokes,0
1870,Male,74,0,0,Yes,yes,low,10,1,smokes,0
38527,Male,91,1,0,Yes,no,high,10,1,formerly smoked,0
9925,Male,58,0,0,Yes,yes,high,8,1,never smoked,0
46220,Male,69,0,0,No,yes,high,8,1,never smoked,0
20114,Male,73,0,0,No,yes,low,12,2,never smoked,0
9887,Male,68,1,0,Yes,no,low,8,1,never smoked,0
11906,Female,82,0,0,No,yes,high,9,2,Unknown,0
3760,Male,52,0,0,Yes,yes,low,8,2,never smoked,0
57094,Male,71,0,0,Yes,no,high,11,1,never smoked,0
36115,Female,63,0,0,No,no,high,12,1,never smoked,0
10811,Female,82,0,0,No,yes,low,8,2,never smoked,0
41459,Female,54,0,0,Yes,yes,low,9,1,Unknown,0
27486,Male,62,0,0,Yes,yes,low,10,1,formerly smoked,0
11122,Female,54,0,0,Yes,yes,high,8,1,formerly smoked,0
14323,Male,52,1,0,Yes,no,high,10,1,never smoked,0
8083,Female,64,0,0,Yes,no,low,10,2,never smoked,0
22076,Male,58,1,0,Yes,no,high,12,2,never smoked,0
2519,Male,82,0,0,Yes,yes,low,9,2,never smoked,0
31743,Male,57,0,0,Yes,yes,low,10,2,never smoked,0
22672,Female,78,0,0,Yes,yes,high,11,2,formerly smoked,0
10567,Male,71,0,0,Yes,no,low,12,2,formerly smoked,0
6925,Male,52,0,0,Yes,yes,low,12,2,formerly smoked,0
2063,Male,74,0,0,Yes,no,low,9,2,smokes,0
25446,Male,48,1,0,Yes,yes,low,12,2,formerly smoked,0
26178,Female,59,1,0,Yes,yes,high,11,2,never smoked,0
15690,Male,58,0,0,No,yes,high,9,2,Unknown,0
10800,Female,78,0,0,No,yes,high,9,1,never smoked,0
4695,Male,76,0,0,Yes,no,high,11,1,never smoked,0
26275,Male,75,1,0,Yes,no,high,12,1,formerly smoked,0
32178,Female,67,0,0,No,yes,high,11,2,Unknown,0
3097,Male,57,1,0,Yes,no,high,11,2,never smoked,0
2056,Female,57,0,0,Yes,no,high,11,1,smokes,0
6146,Male,69,0,0,Yes,yes,high,9,1,never smoked,0
3489,Male,76,0,0,No,yes,high,11,2,Unknown,0
57210,Female,58,0,0,Yes,yes,high,8,1,smokes,0
49622,Male,75,0,0,No,no,high,9,2,never smoked,0
4945,Male,75,0,0,No,yes,low,11,1,Unknown,0
1566,Male,82,0,0,No,yes,high,9,1,Unknown,0
33085,Female,69,0,0,Yes,yes,high,12,1,never smoked,0
76,Male,75,0,0,No,yes,low,8,2,never smoked,0
7582,Male,72,0,0,No,no,high,12,1,smokes,0
8617,Female,79,0,0,No,yes,low,10,2,formerly smoked,0
2324,Female,54,0,0,Yes,yes,high,10,1,never smoked,0
12795,Male,60,0,0,No,yes,low,8,1,Unknown,0
41761,Male,82,0,0,Yes,no,low,11,2,formerly smoked,0
16064,Male,48,0,0,Yes,yes,low,12,2,never smoked,0
54531,Male,63,1,0,Yes,no,high,9,2,never smoked,0
187,Female,82,0,1,Yes,no,low,10,1,smokes,0
11710,Female,88,1,0,Yes,yes,high,10,2,smokes,0
28676,Female,82,0,0,Yes,no,high,12,2,never smoked,0
18652,Male,79,0,0,Yes,yes,low,10,2,Unknown,0
9843,Female,66,0,0,Yes,yes,high,10,2,smokes,0
18824,Male,78,0,0,Yes,yes,low,10,2,never smoked,0
776,Male,79,0,0,Yes,yes,high,9,1,never smoked,0
14217,Male,64,1,0,Yes,yes,high,11,2,smokes,0
5553,Male,50,0,0,No,yes,low,8,2,never smoked,0
65992,Male,82,0,0,Yes,yes,low,12,2,never smoked,0
28193,Female,71,0,0,No,yes,low,9,2,formerly smoked,0
44236,Male,78,0,0,No,yes,low,11,2,formerly smoked,0
97,Female,60,0,0,Yes,no,high,10,1,Unknown,0
13060,Male,80,0,0,Yes,no,low,11,2,Unknown,0
11700,Female,72,0,0,No,yes,low,10,1,smokes,0
11572,Female,78,0,0,Yes,no,low,12,1,Unknown,0
15860,Male,80,0,0,No,yes,low,9,1,Unknown,0
4401,Male,60,0,0,Yes,no,low,9,1,Unknown,0
15933,Female,75,0,0,No,yes,high,9,2,formerly smoked,0
13932,Female,52,0,0,No,yes,high,11,2,Unknown,0
12941,Male,73,0,0,Yes,no,low,11,1,formerly smoked,0
32227,Female,67,0,0,Yes,no,low,8,2,formerly smoked,0
2575,Male,50,0,0,Yes,no,high,12,2,never smoked,0
53772,Female,63,0,0,Yes,yes,high,12,2,never smoked,0
9799,Female,69,0,0,Yes,no,low,9,2,formerly smoked,0
21635,Female,65,0,0,No,yes,low,12,1,Unknown,0
16219,Female,78,0,0,No,yes,low,9,1,Unknown,0
492,Male,62,0,0,No,yes,high,11,2,never smoked,0
41173,Female,73,0,0,Yes,no,high,8,2,never smoked,0
23730,Male,61,1,0,Yes,yes,low,8,2,never smoked,0
6312,Male,69,0,0,Yes,no,low,12,1,never smoked,0
19994,Female,82,0,0,No,yes,low,8,1,never smoked,0
7463,Male,69,0,0,No,yes,high,12,2,Unknown,0
1905,Female,71,0,0,No,yes,low,8,1,never smoked,0
5275,Male,57,0,0,No,yes,low,11,1,Unknown,0
2007,Male,60,0,0,Yes,yes,low,10,1,smokes,0
15444,Male,64,0,0,Yes,yes,low,10,1,smokes,0
1863,Male,81,0,0,Yes,yes,high,12,2,formerly smoked,0
11985,Male,63,1,0,Yes,no,high,11,1,never smoked,0
23282,Male,67,1,0,Yes,no,low,12,1,never smoked,0
50042,Male,80,0,0,Yes,yes,high,12,1,never smoked,0
45653,Male,63,0,0,No,yes,low,10,1,Unknown,0
26920,Male,61,0,0,No,yes,high,12,1,smokes,0
11054,Female,72,0,0,Yes,no,low,8,1,never smoked,0
36715,Male,58,0,0,No,yes,high,11,1,Unknown,0
14666,Female,57,1,0,Yes,yes,high,10,2,never smoked,0
17233,Female,80,1,0,Yes,no,high,10,1,smokes,0
10450,Male,57,0,0,Yes,yes,low,12,1,never smoked,0
19892,Male,49,0,0,Yes,yes,low,9,1,never smoked,0
7481,Male,75,0,0,Yes,yes,low,10,2,never smoked,0
889,Female,71,0,0,Yes,yes,low,12,1,Unknown,0
2491,Male,79,0,0,No,yes,low,10,2,Unknown,0
7532,Male,78,0,0,Yes,no,high,11,2,formerly smoked,0
2375,Female,52,0,1,Yes,yes,low,10,2,never smoked,0
53771,Male,54,0,0,Yes,no,low,9,2,Unknown,0
24074,Male,79,0,0,Yes,yes,high,11,2,never smoked,0
12600,Female,75,0,0,Yes,yes,high,10,1,smokes,0
25665,Male,54,0,0,Yes,yes,high,9,1,never smoked,0
11027,Male,82,0,0,No,yes,high,8,2,never smoked,0
27045,Female,82,0,0,No,yes,high,10,1,formerly smoked,0
41813,Male,54,1,0,Yes,yes,low,10,2,Unknown,0
14336,Male,72,0,0,Yes,no,low,12,1,smokes,0
2330,Female,61,0,0,No,yes,low,11,2,Unknown,0
31643,Male,78,0,0,Yes,no,high,12,2,never smoked,0
3624,Female,71,0,0,No,yes,low,10,2,Unknown,0
19544,Male,58,0,0,Yes,yes,high,10,2,formerly smoked,0
24361,Male,79,0,1,Yes,yes,low,10,1,smokes,0
8445,Female,54,0,1,Yes,no,high,9,1,never smoked,0
36117,Male,81,0,0,Yes,yes,low,8,2,never smoked,0
22256,Female,69,0,0,No,yes,low,12,2,never smoked,0
3758,Male,69,0,0,No,yes,high,8,1,Unknown,0
12256,Female,58,0,0,Yes,yes,high,10,2,formerly smoked,0
44078,Female,80,0,0,Yes,yes,high,11,1,formerly smoked,0
13368,Male,39,0,0,No,yes,high,12,1,never smoked,0
437,Female,63,0,0,No,yes,low,10,1,Unknown,0
28517,Female,67,0,0,Yes,yes,high,8,1,never smoked,0
26839,Female,78,1,1,Yes,yes,high,11,2,never smoked,0
65102,Male,82,0,0,Yes,yes,low,12,2,never smoked,0
8913,Male,73,0,0,Yes,no,low,12,1,formerly smoked,0
15260,Male,57,0,0,No,yes,high,10,2,smokes,0
29703,Male,63,0,0,No,yes,low,10,1,smokes,0
225,Female,69,0,0,No,yes,high,8,2,never smoked,0
11053,Female,60,0,0,No,no,high,11,1,smokes,0
3524,Male,71,0,0,Yes,yes,low,10,2,Unknown,0
2511,Female,49,1,0,Yes,no,low,10,2,formerly smoked,0
23179,Male,78,0,1,Yes,yes,high,8,2,formerly smoked,0
67218,Male,48,0,0,Yes,no,low,12,1,never smoked,0
1598,Male,81,0,0,Yes,no,low,8,2,never smoked,0
21398,Male,80,0,0,Yes,yes,low,11,1,Unknown,0
39415,Male,74,0,0,Yes,no,low,10,2,formerly smoked,0
3986,Male,65,0,0,Yes,yes,high,8,2,Unknown,0
2408,Female,72,0,0,No,yes,high,10,1,Unknown,0
10579,Male,63,0,0,No,yes,low,12,1,Unknown,0
10457,Male,77,0,0,No,yes,high,10,2,never smoked,0
25784,Female,72,0,0,No,yes,low,8,2,never smoked,0
28103,Male,71,0,0,Yes,yes,low,9,1,Unknown,0
734,Female,82,0,0,No,yes,low,9,1,never smoked,0
12535,Female,54,0,0,Yes,yes,high,9,2,never smoked,0
17026,Female,82,0,0,Yes,yes,low,10,2,Unknown,0
34466,Female,71,0,0,Yes,yes,low,11,2,smokes,0
56083,Male,61,0,0,Yes,yes,high,8,2,smokes,0
2481,Female,74,0,0,Yes,no,low,9,2,never smoked,0
16410,Female,78,0,0,Yes,no,high,9,2,never smoked,0
12613,Female,78,0,0,No,no,high,8,2,smokes,0
17990,Male,59,0,0,Yes,no,low,9,2,never smoked,0
12372,Male,79,0,0,No,yes,high,10,2,Unknown,0
14965,Male,73,0,0,Yes,no,low,9,1,smokes,0
11212,Male,71,0,0,Yes,no,high,10,1,Unknown,0
21568,Male,62,0,0,No,yes,low,8,2,Unknown,0
2359,Female,80,0,0,No,yes,low,12,1,Unknown,0
17153,Male,75,0,0,Yes,yes,low,12,1,never smoked,0
44240,Female,49,0,0,No,yes,low,10,1,Unknown,0
9453,Male,82,1,0,No,yes,low,11,1,Unknown,0
38712,Female,62,0,0,Yes,yes,low,12,2,Unknown,0
10441,Male,58,1,1,Yes,no,low,10,2,never smoked,0
5962,Male,69,0,0,Yes,yes,low,8,1,formerly smoked,0
2401,Female,68,0,0,No,yes,low,8,2,Unknown,0
8889,Female,63,0,0,No,yes,low,8,2,never smoked,0
13680,Female,79,0,0,No,yes,low,12,2,Unknown,0
7786,Female,61,0,0,Yes,no,high,10,2,Unknown,0
20587,Male,74,0,0,No,yes,low,11,1,never smoked,0
1479,Male,80,0,0,Yes,yes,high,12,2,formerly smoked,0
18182,Male,78,0,0,Yes,no,high,8,2,never smoked,0
52868,Female,69,0,0,Yes,yes,high,9,2,formerly smoked,0
17387,Female,67,0,0,No,yes,high,10,2,Unknown,0
3041,Female,54,0,0,Yes,yes,high,9,1,never smoked,0
29758,Female,63,0,0,No,yes,low,12,1,Unknown,0
36434,Male,82,0,0,No,no,low,12,2,formerly smoked,0
6589,Female,61,0,0,No,yes,low,9,2,never smoked,0
21569,Female,76,0,0,Yes,yes,low,11,1,formerly smoked,0
142,Male,80,0,0,No,yes,low,11,2,never smoked,0
66497,Female,64,0,0,Yes,no,high,9,2,formerly smoked,0
8672,Female,49,0,0,Yes,yes,high,12,1,formerly smoked,0
40220,Male,73,0,0,Yes,yes,low,9,1,never smoked,0
50902,Male,78,0,0,No,no,low,8,1,smokes,0
6003,Male,64,0,0,No,no,low,9,1,never smoked,0
21519,Male,67,0,0,No,yes,low,10,2,never smoked,0
20798,Male,80,0,0,No,yes,low,9,2,never smoked,0
22974,Male,67,0,0,Yes,no,high,9,2,Unknown,0
11764,Male,76,0,0,Yes,yes,high,11,1,formerly smoked,0
3176,Female,62,0,0,Yes,yes,low,10,1,Unknown,0
5097,Female,82,0,0,Yes,no,low,12,2,formerly smoked,0
25814,Female,60,0,0,No,yes,low,8,1,never smoked,0
31750,Male,60,0,0,Yes,yes,low,9,2,Unknown,0
26685,Female,39,0,0,Yes,yes,low,12,2,never smoked,0
1284,Male,76,0,0,Yes,yes,low,9,2,never smoked,0
1411,Female,69,0,0,No,yes,low,12,2,Unknown,0
2651,Female,52,0,0,Yes,no,low,8,2,never smoked,0
3958,Male,75,0,0,Yes,yes,low,9,1,Unknown,0
25954,Male,78,0,0,No,no,low,9,2,Unknown,0
4354,Female,65,0,0,Yes,yes,low,8,2,smokes,0
28607,Female,70,0,0,Yes,yes,high,11,1,never smoked,0
1983,Male,67,0,0,Yes,no,high,9,2,never smoked,0
22141,Female,57,0,0,Yes,yes,low,8,1,never smoked,0
5077,Female,64,0,0,Yes,yes,low,12,2,never smoked,0
7073,Female,83,0,0,Yes,no,high,8,2,Unknown,0
988,Male,42,0,0,Yes,yes,high,9,1,never smoked,0
44557,Male,79,0,0,Yes,yes,high,12,2,smokes,0
5969,Female,76,0,0,Yes,yes,low,9,2,Unknown,0
33636,Male,63,0,0,Yes,no,high,12,1,Unknown,0
34284,Male,81,0,0,Yes,no,low,11,1,never smoked,0
22665,Female,60,0,0,Yes,yes,low,11,1,formerly smoked,0
13331,Female,82,1,1,Yes,yes,high,9,2,formerly smoked,0
6859,Female,59,0,0,Yes,yes,low,9,1,smokes,0
5219,Male,66,0,0,No,yes,high,8,1,Unknown,0
25921,Male,75,0,0,Yes,no,high,11,2,Unknown,0
29858,Male,79,1,0,Yes,yes,low,8,2,never smoked,0
17355,Male,63,0,0,Yes,yes,high,12,2,never smoked,0
2016,Female,77,0,0,Yes,yes,low,8,2,smokes,0
7268,Male,63,0,0,No,yes,high,8,2,Unknown,0
64743,Male,76,0,0,Yes,no,low,12,1,Unknown,0
4949,Female,76,0,0,Yes,yes,high,8,2,formerly smoked,0
15551,Male,75,0,0,Yes,yes,low,8,1,never smoked,0
7009,Female,75,0,0,No,yes,low,10,2,Unknown,0
46650,Female,79,0,0,Yes,yes,high,12,1,formerly smoked,0
2458,Female,83,0,0,Yes,yes,low,11,1,Unknown,0
1966,Female,71,0,0,Yes,yes,low,12,2,formerly smoked,0
35282,Male,65,0,0,Yes,no,low,9,2,formerly smoked,0
6663,Male,77,0,0,Yes,yes,low,9,2,Unknown,0
27797,Male,78,0,0,No,yes,low,10,1,never smoked,0
1224,Female,82,0,0,No,yes,high,12,2,smokes,0
19330,Female,82,0,0,No,yes,high,11,2,Unknown,0
18667,Male,80,0,0,Yes,no,low,8,1,formerly smoked,0
18447,Male,60,0,0,Yes,yes,low,8,2,smokes,0
24121,Male,63,1,0,Yes,yes,high,11,1,never smoked,0
8963,Male,57,0,0,Yes,yes,high,11,1,formerly smoked,0
14741,Female,66,0,0,No,yes,high,10,1,never smoked,0
2627,Female,61,0,0,Yes,yes,high,12,2,Unknown,0
9063,Male,69,0,0,No,yes,high,9,2,never smoked,0
10535,Male,76,0,0,Yes,no,low,11,1,smokes,0
21479,Female,59,0,0,Yes,yes,high,12,1,formerly smoked,0
26970,Male,78,0,0,Yes,yes,high,8,2,formerly smoked,0
16941,Female,82,0,0,No,no,low,9,2,formerly smoked,0
7045,Female,71,0,0,Yes,no,high,9,1,smokes,0
12525,Male,76,0,0,Yes,yes,high,8,1,never smoked,0
1804,Female,73,0,0,No,yes,high,12,2,Unknown,0
28551,Male,49,0,0,Yes,no,low,8,2,never smoked,0
13536,Male,62,0,0,Yes,no,high,12,2,formerly smoked,0
17950,Female,65,0,0,No,yes,low,11,1,Unknown,0
48382,Female,76,0,0,No,yes,high,8,1,Unknown,0
5964,Male,76,0,0,No,yes,low,8,2,smokes,0
37119,Male,78,0,0,Yes,no,low,11,1,formerly smoked,0
40673,Male,91,0,0,Yes,no,high,9,2,never smoked,0
56598,Male,58,0,0,Yes,yes,low,9,2,never smoked,0
6893,Male,64,0,0,Yes,no,low,11,1,never smoked,0
4143,Male,78,0,0,Yes,no,high,10,2,formerly smoked,0
265,Female,67,0,0,Yes,yes,low,12,1,never smoked,0
24160,Male,75,0,0,Yes,no,high,11,1,never smoked,0
22033,Male,82,1,1,Yes,yes,high,8,1,never smoked,0
206,Male,39,0,0,Yes,yes,low,12,2,never smoked,0
11562,Male,80,0,0,Yes,no,high,9,2,never smoked,0
38002,Male,76,0,0,Yes,no,low,10,1,never smoked,0
19869,Female,71,0,0,No,no,high,9,1,Unknown,0
2347,Male,57,0,0,Yes,yes,high,10,2,smokes,0
13153,Female,60,0,0,No,yes,low,11,2,Unknown,0
12269,Female,79,0,0,Yes,no,high,9,2,formerly smoked,0
3726,Male,67,0,0,Yes,yes,low,10,1,formerly smoked,0
12436,Male,72,0,0,Yes,yes,high,9,1,never smoked,0
12546,Male,63,0,0,No,yes,low,11,1,Unknown,0
831,Male,77,0,0,Yes,no,low,9,2,never smoked,0
63256,Female,76,1,0,Yes,yes,low,9,1,formerly smoked,0
3058,Female,56,0,0,Yes,yes,high,11,1,formerly smoked,0
37540,Male,78,0,0,Yes,no,low,8,1,formerly smoked,0
18737,Female,71,0,0,Yes,yes,low,8,2,smokes,0
40026,Female,58,0,0,Yes,yes,high,10,1,smokes,0
39065,Female,80,0,0,Yes,yes,low,9,1,never smoked,0
20718,Female,74,0,1,Yes,no,low,11,1,never smoked,0
4253,Female,73,0,1,No,no,low,11,1,Unknown,0
21537,Male,60,0,0,No,yes,high,12,1,never smoked,0
21411,Male,82,0,0,No,yes,low,10,2,never smoked,0
30480,Female,71,0,0,No,no,high,12,2,never smoked,0
12163,Male,58,0,0,Yes,yes,high,11,2,formerly smoked,0
11128,Male,60,0,0,Yes,no,low,10,1,never smoked,0
16626,Female,82,0,0,No,yes,high,11,1,never smoked,0
5602,Male,82,0,0,No,yes,low,8,1,never smoked,0
19604,Female,82,0,0,Yes,no,low,9,1,never smoked,0
633,Female,39,0,0,Yes,yes,low,8,1,never smoked,0
1040,Male,76,0,1,Yes,no,high,9,2,Unknown,0
37780,Female,58,0,0,No,yes,low,8,2,Unknown,0
1937,Female,70,0,0,Yes,yes,low,9,1,Unknown,0
694,Male,75,0,0,No,yes,high,8,1,never smoked,0
62975,Male,67,0,0,No,yes,high,9,2,never smoked,0
472,Female,52,0,0,Yes,yes,high,8,1,Unknown,0
7885,Male,80,0,0,Yes,no,high,11,1,never smoked,0
7948,Male,76,0,0,No,yes,high,9,1,Unknown,0
9973,Male,82,0,0,Yes,yes,high,10,2,formerly smoked,0
16871,Male,63,1,0,Yes,no,high,9,2,never smoked,0
24765,Male,79,0,0,Yes,no,high,12,3,smokes,0
23033,Male,78,1,0,Yes,no,low,10,3,never smoked,0
20043,Male,48,0,0,Yes,yes,high,9,1,Unknown,0
5996,Male,71,0,0,No,yes,low,12,3,smokes,0
38171,Male,81,0,0,Yes,no,low,9,2,formerly smoked,0
28020,Female,56,0,0,Yes,no,high,11,1,smokes,0
8851,Male,76,0,0,No,yes,low,12,1,formerly smoked,0
60704,Male,78,0,0,No,yes,high,10,2,Unknown,0
12038,Male,59,0,0,No,yes,high,8,1,never smoked,0
1995,Male,58,0,0,Yes,yes,low,10,3,never smoked,0
6783,Female,82,0,0,Yes,yes,high,10,1,formerly smoked,0
51884,Male,78,0,0,Yes,no,high,10,2,never smoked,0
29715,Female,57,0,0,No,yes,high,9,2,Unknown,0
36756,Male,73,0,0,Yes,yes,high,10,1,never smoked,0
259,Male,54,0,0,Yes,no,low,10,1,never smoked,0
36000,Male,68,1,0,Yes,no,low,8,2,formerly smoked,0
287,Male,48,0,0,No,yes,high,8,3,smokes,0
19108,Female,61,0,0,Yes,yes,high,10,2,formerly smoked,0
3776,Female,42,0,0,Yes,yes,high,11,3,formerly smoked,0
1283,Female,77,0,0,Yes,yes,high,8,2,never smoked,0
28110,Female,39,0,0,Yes,no,high,12,1,Unknown,0
43,Male,49,0,0,No,yes,high,11,3,Unknown,0
19731,Female,57,1,0,No,yes,low,8,2,never smoked,0
20813,Male,82,0,0,Yes,no,high,11,2,smokes,0
33501,Male,82,0,0,No,yes,high,12,2,Unknown,0
2088,Male,75,0,0,Yes,no,high,10,3,formerly smoked,0
3639,Male,80,0,0,Yes,yes,low,9,2,smokes,0
1840,Male,81,0,1,Yes,no,low,11,2,smokes,0
18079,Male,59,0,0,No,yes,high,9,1,never smoked,0
565,Male,76,0,0,No,yes,high,9,3,never smoked,0
59751,Female,42,0,0,No,no,low,8,1,smokes,0
6984,Female,78,0,0,Yes,yes,high,12,3,never smoked,0
12142,Male,42,0,0,Yes,yes,low,12,2,Unknown,0
2376,Male,80,0,0,No,yes,high,12,3,Unknown,0
13249,Male,62,0,0,Yes,yes,high,10,1,never smoked,0
48407,Male,48,0,0,Yes,no,high,11,3,formerly smoked,0
40842,Female,65,0,0,Yes,yes,low,10,1,smokes,0
32525,Female,52,0,0,Yes,yes,high,12,1,never smoked,0
19324,Female,63,0,0,No,yes,high,11,1,never smoked,0
5166,Male,63,1,0,Yes,no,low,10,1,never smoked,0
14169,Female,57,0,0,Yes,yes,low,9,3,formerly smoked,0
19583,Male,82,0,0,No,yes,high,8,3,Unknown,0
310,Male,65,1,0,Yes,no,high,8,3,never smoked,0
2070,Female,67,0,0,No,no,high,11,1,never smoked,0
51638,Male,78,0,0,Yes,no,high,10,3,never smoked,0
35283,Male,78,0,0,No,yes,high,9,3,formerly smoked,0
11625,Male,58,0,0,Yes,no,high,10,3,never smoked,0
5097,Female,63,0,0,Yes,yes,low,9,1,Unknown,0
818,Female,78,0,0,No,no,low,12,2,Unknown,0
2249,Male,80,0,0,No,no,low,11,1,Unknown,0
25985,Female,78,0,0,Yes,yes,high,11,1,formerly smoked,0
58,Male,63,0,0,No,yes,low,8,2,Unknown,0
36881,Female,82,0,0,Yes,no,low,11,2,never smoked,0
14561,Male,57,0,0,Yes,yes,low,9,3,formerly smoked,0
3046,Female,60,0,0,Yes,yes,high,8,2,never smoked,0
17980,Female,80,0,0,Yes,no,low,12,1,smokes,0
41591,Male,69,0,0,Yes,no,low,12,3,never smoked,0
12715,Male,69,0,0,Yes,yes,high,8,3,Unknown,0
52729,Male,76,0,0,No,yes,high,12,1,never smoked,0
28968,Male,50,0,0,No,yes,high,12,2,smokes,0
21311,Female,73,0,0,No,yes,low,10,1,Unknown,0
26730,Male,69,1,1,Yes,yes,high,9,2,smokes,0
43543,Male,82,0,0,No,no,high,10,3,never smoked,0
16274,Female,71,0,0,No,yes,high,9,3,never smoked,0
1684,Female,77,0,0,No,no,high,9,1,formerly smoked,0
12426,Female,76,0,0,No,yes,high,10,1,Unknown,0
5439,Male,71,0,0,Yes,yes,high,10,1,formerly smoked,0
111,Female,79,0,0,Yes,yes,high,10,3,smokes,0
8461,Male,57,0,0,Yes,yes,low,12,3,smokes,0
16540,Female,54,0,0,No,yes,low,8,3,Unknown,0
32812,Female,63,0,0,No,yes,high,11,2,smokes,0
31954,Female,78,0,0,No,yes,high,10,1,Unknown,0
3210,Female,77,0,0,Yes,no,high,11,2,Unknown,0
18645,Female,71,1,0,No,no,low,8,1,never smoked,0
6114,Female,50,0,0,Yes,no,high,11,1,never smoked,0
51103,Female,74,0,0,No,yes,high,8,2,never smoked,0
30302,Male,63,0,0,No,yes,low,10,2,Unknown,0
13231,Male,63,0,0,Yes,no,low,10,3,never smoked,0
44214,Female,54,0,0,Yes,yes,low,9,2,never smoked,0
7577,Female,81,0,0,No,yes,high,8,1,Unknown,0
314,Male,58,0,0,Yes,yes,high,9,1,never smoked,0
6956,Male,54,0,0,No,yes,high,8,1,never smoked,0
2923,Male,60,0,0,Yes,no,low,11,3,never smoked,0
41091,Female,75,0,0,No,yes,low,11,2,never smoked,0
2653,Male,81,0,0,No,no,low,12,3,smokes,0
39860,Female,64,0,0,Yes,yes,high,9,1,never smoked,0
60679,Female,60,1,0,Yes,yes,low,8,3,formerly smoked,0
27081,Female,72,0,0,Yes,yes,low,8,3,smokes,0
1508,Male,50,0,0,Yes,no,high,10,3,never smoked,0
17144,Male,80,0,0,Yes,yes,low,10,1,smokes,0
53433,Male,69,0,0,No,yes,low,9,1,Unknown,0
16839,Male,70,0,0,No,yes,high,10,1,Unknown,0
33327,Male,74,0,0,No,yes,low,11,3,Unknown,0
21365,Male,72,1,0,No,no,low,10,1,formerly smoked,0
11118,Male,57,0,0,Yes,no,low,11,3,formerly smoked,0
19289,Male,68,0,0,Yes,yes,high,10,2,formerly smoked,0
46291,Male,70,0,0,Yes,no,low,8,1,never smoked,0
1646,Male,54,0,0,Yes,no,low,12,2,Unknown,0
42732,Male,77,0,0,Yes,no,high,8,1,never smoked,0
1968,Male,82,1,0,Yes,yes,high,9,2,never smoked,0
305,Male,65,0,0,Yes,yes,high,9,3,never smoked,0
76,Male,71,0,0,Yes,yes,high,9,1,Unknown,0
48380,Male,71,0,0,No,yes,low,9,1,Unknown,0
6723,Male,63,0,0,No,yes,low,10,3,formerly smoked,0
9788,Female,68,0,0,Yes,yes,low,10,2,never smoked,0
9005,Female,65,0,0,Yes,no,high,8,2,smokes,0
38631,Female,63,0,0,Yes,yes,high,11,3,formerly smoked,0
11557,Male,60,0,0,No,yes,high,12,1,smokes,0
30019,Male,80,0,0,No,yes,high,10,2,Unknown,0
53476,Male,61,0,0,No,yes,low,9,1,never smoked,0
659,Male,63,0,0,Yes,yes,low,8,3,smokes,0
33003,Male,71,0,0,Yes,yes,low,12,3,smokes,0
38894,Female,65,1,0,Yes,no,high,12,2,formerly smoked,0
11107,Female,56,0,0,Yes,no,high,8,2,Unknown,0
4980,Female,69,0,0,No,yes,high,12,1,smokes,0
4742,Male,73,0,0,Yes,yes,low,10,3,Unknown,0
33803,Female,71,0,0,No,yes,high,8,1,Unknown,0
1208,Male,58,0,0,No,yes,high,12,2,Unknown,0
969,Female,58,0,0,No,yes,low,8,1,Unknown,0
15968,Female,50,0,0,No,yes,low,10,1,Unknown,0
11634,Female,78,0,0,Yes,yes,high,9,3,Unknown,0
16245,Male,73,0,0,No,yes,low,12,2,Unknown,0
1567,Female,54,0,0,Yes,yes,high,12,3,never smoked,0
3799,Male,81,0,0,Yes,yes,low,12,1,never smoked,0
16067,Male,71,0,0,Yes,yes,low,12,3,never smoked,0
5061,Male,57,0,0,No,yes,low,12,3,Unknown,0
10649,Female,63,0,0,Yes,no,high,12,2,formerly smoked,0
7138,Female,78,0,0,No,yes,low,12,2,Unknown,0
20299,Male,58,0,0,Yes,yes,low,11,3,formerly smoked,0
6472,Male,82,0,0,Yes,no,low,12,3,formerly smoked,0
13917,Male,69,0,0,No,yes,high,8,2,never smoked,0
493,Male,58,0,0,No,yes,high,10,1,smokes,0
10851,Male,72,1,1,Yes,yes,high,10,1,formerly smoked,0
3315,Male,78,0,0,No,yes,low,12,3,Unknown,0
25628,Female,64,0,0,Yes,yes,high,10,2,never smoked,0
465,Male,62,0,0,Yes,yes,low,10,3,smokes,0
53652,Female,71,0,0,Yes,yes,high,11,1,Unknown,0
41687,Male,39,0,0,No,yes,low,9,1,Unknown,0
50425,Male,73,0,0,Yes,yes,low,12,1,smokes,0
40289,Male,82,0,0,Yes,yes,high,10,2,Unknown,0
47896,Male,73,0,0,No,yes,low,8,2,never smoked,0
1873,Male,62,0,0,No,yes,high,10,3,Unknown,0
64408,Female,70,0,0,No,yes,high,10,3,Unknown,0
2844,Male,71,0,0,Yes,yes,low,11,1,smokes,0
30607,Female,78,0,0,Yes,no,low,9,3,formerly smoked,0
5070,Male,65,0,0,No,no,high,9,3,formerly smoked,0
6943,Male,71,0,1,Yes,yes,low,11,2,never smoked,0
5363,Male,74,0,0,No,yes,high,11,3,never smoked,0
39259,Female,77,0,0,No,yes,low,11,2,Unknown,0
5275,Male,54,0,0,No,yes,high,9,1,Unknown,0
18310,Female,80,0,0,Yes,yes,high,8,2,formerly smoked,0
11374,Male,42,0,0,Yes,yes,low,11,1,never smoked,0
10505,Male,67,0,0,Yes,yes,high,8,1,never smoked,0
35673,Male,62,0,0,Yes,yes,low,9,1,smokes,0
25164,Male,79,0,0,Yes,yes,high,9,1,formerly smoked,0
1760,Female,52,0,0,No,yes,high,12,3,Unknown,0
14557,Female,56,0,0,No,yes,low,11,1,Unknown,0
2424,Male,63,0,0,Yes,no,low,11,2,smokes,0
443,Male,63,0,0,No,no,low,9,2,never smoked,0
36367,Male,66,0,0,Yes,yes,low,8,1,never smoked,0
8256,Male,58,0,0,Yes,yes,low,12,2,never smoked,0
43490,Male,80,0,0,Yes,no,low,11,1,smokes,0
3017,Female,52,0,0,Yes,yes,low,12,3,Unknown,0
51009,Male,73,0,0,No,yes,high,9,3,never smoked,0
8825,Male,78,0,0,No,yes,high,8,2,never smoked,0
38213,Male,76,0,0,Yes,yes,high,8,2,formerly smoked,0
3790,Male,42,0,0,Yes,no,low,10,3,smokes,0
13953,Male,52,0,0,Yes,yes,low,10,3,never smoked,0
14662,Male,73,0,0,Yes,no,low,10,2,never smoked,0
20579,Female,67,1,0,Yes,no,high,10,1,smokes,0
11093,Male,52,0,0,No,yes,low,9,1,never smoked,0
34441,Male,82,0,0,No,no,low,8,2,never smoked,0
2895,Male,68,1,0,Yes,yes,high,8,1,never smoked,0
27887,Male,79,0,0,Yes,yes,high,11,1,never smoked,0
1716,Male,78,0,0,Yes,no,high,10,3,never smoked,0
28356,Male,74,0,0,No,yes,high,9,1,never smoked,0
33876,Female,52,0,0,Yes,yes,high,11,1,formerly smoked,0
6494,Female,70,0,0,No,yes,low,8,2,Unknown,0
4369,Female,72,0,0,No,yes,low,9,2,never smoked,0
23074,Male,70,0,0,Yes,yes,high,8,1,Unknown,0
20185,Male,79,0,0,No,yes,high,8,3,Unknown,0
55,Male,80,0,0,No,yes,high,9,1,Unknown,0
18855,Male,82,0,0,Yes,yes,high,9,1,smokes,0
24721,Male,73,0,0,Yes,yes,low,12,1,never smoked,0
7333,Female,52,0,0,Yes,yes,high,10,2,formerly smoked,0
25964,Male,58,0,0,Yes,no,low,11,2,Unknown,0
12102,Male,82,0,0,Yes,yes,low,12,1,smokes,0
18942,Male,80,0,0,No,yes,low,11,1,Unknown,0
41680,Male,81,0,0,No,yes,high,10,3,smokes,0
27483,Male,65,0,0,Yes,yes,low,12,3,formerly smoked,0
8096,Female,77,0,0,No,yes,low,8,1,never smoked,0
30305,Male,65,0,0,Yes,no,low,11,3,never smoked,0
23990,Male,79,0,0,No,no,low,11,2,Unknown,0
38,Female,60,0,0,Yes,no,low,11,2,smokes,0
14399,Female,79,0,0,No,yes,high,11,3,Unknown,0
2213,Female,72,0,0,Yes,no,high,10,3,Unknown,0
7259,Female,80,0,0,Yes,yes,low,10,3,never smoked,0
23381,Male,63,0,0,Yes,yes,high,12,3,Unknown,0
238,Female,78,0,1,Yes,yes,high,10,3,smokes,0
48666,Male,74,0,0,Yes,no,low,10,3,formerly smoked,0
69265,Male,80,0,0,No,yes,high,12,3,never smoked,0
35043,Female,63,1,0,Yes,no,low,10,2,smokes,0
19702,Male,80,0,0,Yes,no,low,12,1,formerly smoked,0
390,Female,79,0,0,Yes,yes,high,12,3,never smoked,0
4101,Male,82,0,0,No,yes,high,11,2,Unknown,0
3579,Female,57,0,0,No,yes,high,11,3,never smoked,0
25473,Female,63,0,0,No,yes,low,8,1,Unknown,0
33309,Female,67,0,0,No,yes,low,12,2,Unknown,0
14040,Male,52,1,0,Yes,no,high,9,3,smokes,0
4077,Female,57,1,0,No,yes,low,12,3,smokes,0
972,Male,56,0,0,Yes,yes,low,9,2,never smoked,0
24717,Female,82,0,0,No,yes,high,9,1,Unknown,0
44091,Female,78,0,0,No,yes,high,8,1,never smoked,0
24608,Female,80,0,0,No,yes,high,9,2,formerly smoked,0
7803,Male,64,1,0,Yes,no,low,8,2,smokes,0
23445,Male,58,0,0,Yes,yes,low,8,1,formerly smoked,0
43300,Male,73,0,0,Yes,yes,low,8,3,never smoked,0
5074,Male,60,0,0,No,yes,low,10,2,never smoked,0
1583,Male,39,1,0,Yes,no,high,9,3,never smoked,0
18299,Female,69,0,0,Yes,yes,high,9,1,never smoked,0
25726,Male,82,0,0,No,yes,high,12,2,formerly smoked,0
1232,Female,60,0,0,No,yes,low,9,3,Unknown,0
8200,Female,76,0,0,No,yes,low,8,2,Unknown,0
24290,Female,62,0,0,Yes,no,high,8,1,never smoked,0
1588,Male,64,0,0,Yes,yes,low,12,3,smokes,0
4085,Male,80,0,0,Yes,yes,low,10,3,never smoked,0
1910,Female,52,0,0,Yes,no,low,11,3,never smoked,0
33248,Male,54,0,0,No,yes,low,9,2,never smoked,0
49936,Male,62,0,0,No,yes,low,11,1,never smoked,0
13258,Female,76,1,0,Yes,no,high,9,1,never smoked,0
5725,Male,42,0,0,Yes,yes,high,8,1,Unknown,0
25932,Male,73,0,0,No,no,low,12,3,never smoked,0
16082,Female,80,0,0,Yes,yes,low,10,2,formerly smoked,0
23271,Male,76,0,0,Yes,yes,low,8,3,never smoked,0
591,Male,54,0,0,No,yes,low,8,2,never smoked,0
29424,Female,79,0,0,Yes,yes,high,8,1,never smoked,0
42246,Male,67,0,0,Yes,no,low,11,3,never smoked,0
4962,Male,76,0,0,Yes,yes,low,11,1,smokes,0
1372,Male,75,0,0,No,yes,high,10,3,Unknown,0
18915,Female,76,0,0,Yes,yes,low,12,2,Unknown,0
26424,Male,82,0,0,Yes,yes,low,11,3,formerly smoked,0
13952,Male,52,0,0,No,yes,low,10,2,never smoked,0
15754,Male,57,0,0,No,yes,low,9,3,never smoked,0
2951,Female,74,0,0,Yes,yes,low,10,2,formerly smoked,0
6787,Male,82,0,0,Yes,yes,high,12,3,never smoked,0
1385,Female,63,0,0,No,yes,high,12,3,Unknown,0
63072,Male,65,0,0,Yes,no,high,11,2,never smoked,0
4254,Female,63,0,0,No,yes,low,12,2,smokes,0
4445,Male,50,0,0,Yes,yes,low,9,1,never smoked,0
52860,Male,64,0,0,Yes,yes,high,12,3,Unknown,0
12185,Female,82,0,0,Yes,yes,low,9,2,smokes,0
15375,Female,68,0,0,Yes,yes,low,8,2,never smoked,0
6372,Male,72,0,0,Yes,yes,low,10,1,Unknown,0
62465,Male,80,0,0,No,yes,low,10,3,formerly smoked,0
43292,Male,54,0,0,No,yes,high,10,1,never smoked,0
15218,Male,82,0,0,No,yes,low,11,1,Unknown,0
10095,Male,39,0,0,No,yes,low,11,3,Unknown,0
16019,Male,81,0,0,No,yes,low,9,1,never smoked,0
43750,Female,71,0,0,No,yes,low,8,3,Unknown,0
11,Female,60,0,0,No,yes,high,10,2,never smoked,0
10863,Female,78,1,0,Yes,yes,high,11,1,never smoked,0
377,Female,54,0,0,No,yes,low,10,1,smokes,0
17548,Male,74,0,0,Yes,no,low,12,1,Unknown,0
30063,Female,79,0,1,Yes,yes,high,8,3,smokes,0
53180,Female,76,1,0,Yes,yes,high,9,3,Unknown,0
7302,Male,78,0,0,Yes,no,low,8,1,formerly smoked,0
21768,Male,60,0,0,No,yes,high,8,2,Unknown,0
16318,Female,63,0,0,No,yes,low,10,2,Unknown,0
2694,Male,71,0,0,Yes,yes,high,11,1,never smoked,0
11288,Male,76,0,0,Yes,yes,high,11,1,never smoked,0
9061,Male,39,0,0,Yes,no,high,9,2,Unknown,0
25569,Male,75,0,0,Yes,no,high,8,1,never smoked,0
5806,Male,60,0,0,Yes,yes,low,12,1,Unknown,0
4376,Male,58,0,0,Yes,yes,low,11,2,never smoked,0
5953,Male,62,0,0,No,yes,low,10,3,Unknown,0
17449,Male,78,0,0,Yes,yes,high,10,2,never smoked,0
8550,Female,59,0,0,No,yes,high,8,3,Unknown,0
9455,Female,42,0,0,No,yes,high,10,1,never smoked,0
54699,Male,58,0,0,Yes,yes,high,11,2,never smoked,0
1469,Male,62,0,0,Yes,no,low,8,3,formerly smoked,0
22726,Female,76,0,0,No,yes,low,12,3,Unknown,0
23982,Male,63,0,0,No,yes,low,10,1,Unknown,0
582,Male,70,0,0,No,yes,high,12,2,never smoked,0
17056,Male,74,0,0,Yes,yes,high,12,2,formerly smoked,0
1543,Male,61,0,0,Yes,no,low,10,1,formerly smoked,0
21257,Male,62,0,1,Yes,yes,high,12,1,never smoked,0
24959,Male,73,0,0,Yes,no,high,8,2,formerly smoked,0
14287,Male,80,0,0,Yes,no,low,8,3,formerly smoked,0
99,Male,78,0,0,Yes,yes,low,11,1,smokes,0
8937,Male,81,0,0,Yes,yes,low,10,3,smokes,0
5146,Male,67,0,0,Yes,yes,high,10,3,never smoked,0
12411,Female,82,0,0,No,yes,low,12,2,formerly smoked,0
4899,Male,65,0,0,Yes,no,high,12,2,smokes,0
19989,Male,62,0,0,Yes,no,low,10,1,never smoked,0
19625,Male,42,0,0,Yes,no,high,8,1,Unknown,0
3158,Male,82,0,0,Yes,no,high,12,1,formerly smoked,0
10360,Female,82,0,0,Yes,yes,low,12,1,never smoked,0
597,Female,82,0,0,No,yes,low,9,1,Unknown,0
10318,Male,72,0,0,Yes,yes,low,12,1,never smoked,0
12987,Male,79,0,0,No,yes,high,10,1,Unknown,0
35076,Male,81,0,0,No,yes,high,8,3,never smoked,0
16171,Female,77,0,0,Yes,yes,high,10,2,never smoked,0
33045,Male,54,0,0,Yes,yes,low,10,2,Unknown,0
29495,Male,78,0,0,No,no,low,12,1,smokes,0
19151,Male,65,0,0,Yes,yes,high,10,2,never smoked,0
1120,Female,82,0,0,No,yes,low,12,3,Unknown,0
39227,Male,63,0,0,Yes,yes,low,9,2,never smoked,0
14547,Female,52,0,0,Yes,yes,high,12,1,never smoked,0
7855,Male,82,0,0,No,yes,high,9,2,never smoked,0
17263,Male,80,0,0,No,yes,high,11,3,Unknown,0
16553,Male,63,0,0,No,yes,low,10,3,formerly smoked,0
39289,Male,58,0,0,No,yes,low,9,3,formerly smoked,0
28554,Male,80,0,0,Yes,yes,low,9,3,formerly smoked,0
6659,Female,60,0,0,Yes,no,high,11,3,never smoked,0
60796,Male,48,0,0,No,no,high,8,2,never smoked,0
12832,Female,82,0,0,Yes,no,low,8,3,Unknown,0
41341,Female,58,0,0,No,yes,high,8,3,formerly smoked,0
686,Female,82,0,0,Yes,yes,low,8,1,Unknown,0
33342,Female,77,0,0,Yes,yes,high,8,3,smokes,0
15230,Female,60,0,0,No,yes,high,8,2,formerly smoked,0
3138,Female,75,0,0,No,yes,high,9,3,Unknown,0
20238,Female,72,0,0,Yes,no,high,8,2,never smoked,0
18855,Male,82,0,0,Yes,yes,high,8,1,never smoked,0
9157,Female,63,0,0,Yes,yes,low,11,2,Unknown,0
20374,Male,78,0,0,Yes,no,low,10,3,formerly smoked,0
18144,Female,56,0,0,Yes,yes,low,12,3,smokes,0
14239,Male,76,0,0,Yes,yes,high,9,2,never smoked,0
8398,Female,61,0,0,No,yes,low,9,2,Unknown,0
2870,Male,82,0,0,Yes,yes,high,8,2,never smoked,0
18612,Male,57,0,0,No,yes,low,9,1,Unknown,0
2335,Male,80,0,0,Yes,no,low,9,3,never smoked,0
826,Male,75,0,0,Yes,yes,low,10,1,never smoked,0
3023,Male,61,0,0,No,yes,low,11,3,smokes,0
36919,Male,63,0,0,Yes,yes,low,8,1,formerly smoked,0
13692,Male,64,0,0,Yes,no,low,10,1,never smoked,0
32941,Female,78,0,0,No,yes,high,11,3,never smoked,0
45254,Male,42,0,0,Yes,no,high,10,3,Unknown,0
11497,Female,79,0,0,Yes,yes,low,9,2,formerly smoked,0
12508,Female,80,0,0,Yes,yes,low,12,1,never smoked,0
10321,Male,80,0,0,Yes,no,high,8,2,never smoked,0
61097,Female,72,0,0,Yes,yes,low,9,1,Unknown,0
22139,Female,78,0,0,Yes,no,high,9,1,Unknown,0
1606,Male,99,0,0,Yes,yes,low,10,1,never smoked,0
37071,Male,79,0,0,No,yes,low,12,1,never smoked,0
40655,Female,54,0,0,No,yes,low,9,1,never smoked,0
10563,Female,63,0,0,Yes,no,low,11,3,formerly smoked,0
12488,Male,80,0,0,No,yes,low,11,3,never smoked,0
19204,Male,49,0,0,No,yes,low,10,2,Unknown,0
27379,Female,68,0,0,Yes,yes,high,8,1,Unknown,0
71911,Male,65,0,0,Yes,yes,high,9,1,smokes,0
603,Male,76,0,0,No,yes,low,11,1,never smoked,0
8228,Male,81,0,0,Yes,no,low,12,2,smokes,0
10673,Female,63,0,0,Yes,yes,low,8,1,Unknown,0
14838,Male,80,0,0,Yes,yes,high,9,1,never smoked,0
5090,Female,64,0,0,No,yes,high,9,2,Unknown,0
736,Male,54,0,0,No,yes,low,8,1,Unknown,0
12462,Female,77,0,0,No,yes,low,8,2,Unknown,0
19783,Male,58,0,0,Yes,no,low,8,2,never smoked,0
32989,Female,49,0,0,Yes,no,high,10,1,formerly smoked,0
21592,Male,39,0,0,Yes,yes,high,11,1,smokes,0
54436,Male,74,0,0,No,yes,low,12,2,Unknown,0
10473,Female,82,0,0,Yes,yes,high,12,3,smokes,0
50580,Male,60,0,0,Yes,yes,low,10,1,formerly smoked,0
18202,Male,82,0,0,Yes,yes,low,9,1,Unknown,0
7108,Male,61,0,0,Yes,no,high,11,1,formerly smoked,0
16962,Male,72,1,0,Yes,no,low,12,1,Unknown,0
8232,Male,63,0,0,No,yes,high,8,2,Unknown,0
1784,Female,74,0,0,No,no,high,10,1,smokes,0
5512,Female,49,1,0,Yes,yes,high,11,2,never smoked,0
40811,Female,54,0,0,Yes,no,low,9,2,never smoked,0
11450,Male,60,1,0,Yes,no,high,9,2,smokes,0
5569,Female,75,0,0,No,yes,low,12,1,Unknown,0
33481,Female,57,0,0,No,yes,high,8,3,Unknown,0
39809,Female,78,0,0,Yes,no,high,10,3,never smoked,0
45551,Female,82,0,0,Yes,no,low,12,3,Unknown,0
180,Female,78,0,0,No,yes,low,10,1,Unknown,0
5197,Female,48,0,0,Yes,yes,high,11,1,smokes,0
2627,Female,78,1,0,Yes,no,high,8,3,never smoked,0
4662,Male,39,0,0,Yes,yes,low,12,3,Unknown,0
22937,Male,64,0,0,Yes,yes,high,9,1,never smoked,0
4188,Male,58,0,0,No,yes,low,9,1,Unknown,0
11981,Male,64,0,0,No,yes,high,10,1,Unknown,0
13194,Male,65,1,0,Yes,yes,low,10,2,never smoked,0
33835,Male,75,0,0,Yes,no,low,11,3,never smoked,0
