id,gender,Cyclin-E1_mut,ATM_pS1981-mut,PD-L1_expr,Bcl2-R-C_alteration,PRAS40_pT246-mut,Caveolin-1_count,CDT1-R-V,p38-MAPK-_pT180_Y182-R-V,SignificantAlt,
A228.69,Female,0,1,Yes,none,activating,104,104,106,1
B202.21,Female,0,0,Yes,none,Non-activating,98,94,101,1
C105.92,Female,0,1,Yes,none,Non-activating,101,95,102,1
D171.23,Female,0,0,Yes,none,activating,99,101,108,1
E174.12,Female,1,0,Yes,none,Non-activating,97,98,101,1
A186.21,Male,0,0,Yes,none,activating,104,103,107,1
B70.09,Male,1,1,Yes,none,Non-activating,98,98,106,1
C94.39,Female,0,0,No,none,activating,93,99,102,1
D76.15,Female,0,0,Yes,none,Non-activating,99,93,99,1
E58.57,Female,0,0,Yes,actionable,activating,95,99,103,1
A80.43,Male,1,0,Yes,none,Non-activating,107,105,92,1
B120.46,Female,0,1,Yes,known,Non-activating,104,98,103,1
C104.51,Female,0,0,Yes,none,activating,102,99,100,1
D219.84,Male,0,1,Yes,none,activating,97,102,101,1
E214.09,Female,0,1,Yes,none,activating,97,104,97,1
A167.41,Female,1,0,Yes,none,Non-activating,94,97,105,1
B191.61,Male,0,1,Yes,none,activating,102,105,106,1
C221.29,Male,1,0,Yes,none,activating,102,107,108,1
D89.22,Female,0,0,No,none,activating,96,93,96,1
E217.08,Male,0,1,No,known,activating,102,100,97,1
A193.94,Female,0,0,Yes,known,Non-activating,97,95,107,1
B233.29,Female,1,0,Yes,none,activating,93,98,98,1
A228.7,Female,0,0,Yes,none,activating,103,98,93,1
B208.3,Male,0,1,Yes,none,Non-activating,102,103,101,1
C102.87,Male,0,0,Yes,none,activating,103,103,102,1
D104.12,Male,0,0,Yes,actionable,Non-activating,96,96,92,1
E100.98,Female,0,0,Yes,actionable,Non-activating,100,102,104,1
A189.84,Male,0,0,Yes,none,Non-activating,109,101,108,1
B195.23,Male,0,1,Yes,none,activating,103,100,97,1
C211.78,Male,0,0,Yes,none,Non-activating,98,103,92,1
D212.08,Male,1,0,Yes,none,activating,98,96,96,1
E83.41,Male,0,0,Yes,actionable,Non-activating,96,97,99,1
A196.92,Female,1,0,Yes,none,activating,96,100,107,1
G252.72,Male,0,1,Yes,none,activating,103,103,102,1
H84.2,Male,0,0,No,known,activating,92,94,103,1
I84.03,Female,1,1,No,none,Non-activating,92,103,101,1
J219.72,Male,0,0,Yes,none,Non-activating,104,101,106,1
K74.63,Female,1,0,Yes,none,Non-activating,91,96,95,1
L92.62,Male,0,0,No,none,Non-activating,99,97,106,1
M60.91,Female,0,0,Yes,none,activating,98,95,102,1
N78.03,Male,0,0,Yes,none,Non-activating,91,101,97,1
O71.22,Male,0,0,Yes,none,activating,103,96,90,1
P144.9,Male,0,1,Yes,none,activating,105,103,105,1
Q90.9,Female,0,0,Yes,none,activating,103,95,108,1
R213.03,Male,1,0,Yes,known,activating,99,104,101,1
E243.58,Male,1,0,Yes,none,Non-activating,107,104,106,1
A109.78,Female,0,1,No,none,activating,101,102,100,1
B107.26,Female,0,0,Yes,none,activating,102,93,100,1
C99.33,Male,0,0,Yes,none,activating,100,98,95,1
D58.09,Female,1,0,Yes,none,Non-activating,99,94,94,1
E89.96,Male,0,0,No,none,activating,102,100,97,1
A75.32,Male,1,0,Yes,none,activating,104,98,94,1
B127.29,Female,0,1,Yes,none,Non-activating,101,106,93,1
C124.13,Female,1,0,Yes,none,activating,97,91,100,1
D197.54,Male,0,0,Yes,known,activating,100,95,106,1
E196.71,Female,0,1,Yes,none,Non-activating,91,96,99,1
A59.32,Female,0,0,Yes,actionable,Non-activating,101,102,100,1
B237.75,Male,0,0,Yes,none,activating,90,94,100,1
A194.99,Male,1,0,Yes,none,activating,101,93,92,1
B180.93,Female,1,0,Yes,known,activating,92,101,107,1
C185.17,Female,0,0,Yes,none,activating,95,100,93,1
D74.9,Male,1,0,Yes,none,Non-activating,97,95,98,1
E61.94,Female,1,0,Yes,none,Non-activating,105,94,94,1
A93.72,Female,0,0,Yes,none,Non-activating,97,106,97,1
B104.72,Female,1,0,Yes,known,Non-activating,107,100,92,1
C113.01,Male,0,0,Yes,none,Non-activating,103,100,106,1
D221.58,Male,0,0,Yes,none,Non-activating,98,99,100,1
E104.47,Female,0,1,Yes,none,Non-activating,101,97,99,1
A86.23,Female,1,0,Yes,none,activating,97,101,94,1
G72.67,Male,0,0,Yes,none,activating,98,99,100,1
H62.57,Female,0,0,Yes,none,activating,100,96,99,1
I179.12,Male,0,0,Yes,none,activating,101,99,99,1
J116.55,Male,0,0,Yes,none,Non-activating,100,96,90,1
K228.56,Female,0,0,Yes,none,activating,94,96,100,1
L96.59,Female,0,0,No,none,Non-activating,101,92,102,1
M66.72,Female,1,0,No,none,activating,100,107,101,1
N240.09,Male,0,0,Yes,none,activating,107,102,98,1
O110.85,Male,0,0,Yes,none,Non-activating,101,102,103,1
P165.31,Female,0,1,Yes,none,Non-activating,92,97,101,1
Q143.43,Female,0,1,Yes,none,Non-activating,101,105,93,1
R96.16,Male,0,0,Yes,none,activating,93,104,96,1
E101.45,Male,0,0,Yes,none,activating,104,94,104,1
A88.92,Female,0,1,Yes,none,activating,95,96,100,1
B79.79,Female,0,0,Yes,none,activating,100,99,93,1
C71.2,Male,0,0,No,none,activating,103,95,97,1
D96.97,Female,1,0,Yes,none,activating,102,102,95,1
E111.81,Male,0,0,Yes,none,Non-activating,96,98,95,1
A59.35,Female,0,0,Yes,none,Non-activating,98,97,95,1
B86.94,Female,0,0,Yes,none,Non-activating,100,93,98,1
C98.55,Male,0,1,Yes,none,Non-activating,101,98,104,1
D226.98,Male,1,0,Yes,known,activating,91,100,105,1
E72.81,Female,0,0,Yes,known,activating,96,107,98,1
A68.02,Male,0,1,Yes,known,activating,95,94,98,1
B68.56,Female,0,0,Yes,known,Non-activating,103,99,99,1
A64.14,Female,0,0,Yes,none,Non-activating,101,103,107,1
B235.63,Female,0,1,Yes,none,Non-activating,100,97,101,1
C76.34,Female,0,0,Yes,known,activating,102,100,90,1
D240.59,Male,0,0,Yes,none,activating,107,102,98,1
E78.92,Female,1,0,Yes,none,Non-activating,99,98,99,1
A82.81,Female,0,0,Yes,none,Non-activating,105,100,98,1
B74.1,Female,0,0,Yes,none,Non-activating,98,100,99,1
C190.32,Female,0,0,Yes,known,activating,103,102,102,1
D231.61,Male,0,1,Yes,none,Non-activating,103,105,95,1
E78.7,Male,0,1,Yes,none,activating,95,100,96,1
A110.52,Female,0,0,Yes,none,activating,103,91,100,1
G82.3,Female,0,0,Yes,none,Non-activating,100,93,108,1
H73.18,Female,0,0,No,known,activating,95,101,98,1
I191.82,Male,1,1,No,known,Non-activating,93,95,96,1
J93.05,Male,1,0,Yes,none,Non-activating,97,90,102,1
K64.17,Male,0,0,Yes,none,activating,109,96,99,1
L129.98,Female,0,0,No,none,activating,96,101,102,1
M68.53,Female,0,0,Yes,none,activating,107,100,104,1
N106.41,Female,0,0,Yes,none,Non-activating,101,100,98,1
O224.1,Female,1,0,Yes,none,activating,101,106,98,1
P82.1,Male,0,0,Yes,none,Non-activating,100,98,100,1
Q216.94,Male,1,0,Yes,none,Non-activating,94,104,98,1
R76.11,Male,0,0,Yes,none,activating,105,94,98,1
E72.96,Female,0,0,Yes,known,activating,100,96,101,1
A82.28,Female,1,0,Yes,none,activating,99,105,108,1
B105.22,Male,0,0,Yes,none,activating,102,96,92,1
C59.86,Female,0,0,Yes,known,activating,99,100,102,1
D62.55,Female,0,0,Yes,known,activating,99,95,97,1
E259.63,Female,1,0,Yes,none,Non-activating,104,101,106,1
A249.31,Female,1,0,No,none,activating,104,103,100,1
B219.91,Male,1,0,No,none,Non-activating,97,103,99,1
C131.41,Female,0,0,Yes,none,Non-activating,96,102,106,1
D93.13,Female,1,0,Yes,none,Non-activating,101,97,105,1
E73.54,Female,0,0,Yes,actionable,activating,103,101,100,1
A200.59,Male,0,0,Yes,none,activating,104,103,101,1
B62.48,Female,0,0,Yes,none,activating,98,103,98,1
A190.14,Male,1,0,Yes,none,Non-activating,96,93,95,1
B130.54,Female,0,0,Yes,none,Non-activating,97,100,104,1
C182.99,Male,0,1,Yes,known,Non-activating,102,99,101,1
D101.45,Female,0,0,Yes,actionable,Non-activating,97,92,96,1
E206.09,Female,1,0,Yes,none,activating,97,95,101,1
A263.32,Female,1,1,No,none,activating,107,100,102,1
B140.1,Female,1,0,Yes,none,activating,96,98,93,1
C207.28,Male,0,0,Yes,none,activating,105,104,92,1
D194.37,Male,0,0,Yes,none,activating,103,108,99,1
E199.2,Female,0,0,Yes,none,activating,95,100,95,1
A103.68,Female,1,0,Yes,known,Non-activating,102,104,103,1
G116.44,Female,0,1,Yes,none,Non-activating,103,105,97,1
H70.28,Female,0,0,Yes,none,Non-activating,105,102,96,1
I72.17,Male,0,1,Yes,none,activating,96,106,100,1
J221.79,Female,0,0,Yes,none,activating,103,100,105,1
K151.16,Male,0,0,Yes,none,activating,106,95,99,1
L68.43,Female,0,0,Yes,none,Non-activating,99,98,91,1
M67.29,Female,0,1,Yes,none,Non-activating,98,98,105,1
N67.41,Female,0,0,Yes,none,Non-activating,103,99,102,1
O239.07,Male,0,0,Yes,none,activating,107,94,104,1
P169.67,Male,0,0,Yes,none,activating,103,97,104,1
Q223.83,Female,1,0,Yes,none,Non-activating,104,99,100,1
R76.57,Female,0,0,Yes,none,activating,102,99,96,1
E77.82,Male,0,1,Yes,none,activating,92,104,100,1
A92.98,Female,0,0,No,actionable,activating,101,97,93,1
B231.56,Female,1,0,No,none,activating,102,101,99,1
C102.16,Female,1,0,Yes,none,activating,97,95,97,1
D221.89,Male,0,0,Yes,none,activating,97,95,97,1
E195.71,Female,0,0,Yes,known,Non-activating,98,98,102,1
A74.02,Male,1,0,Yes,none,Non-activating,103,96,99,1
B57.92,Female,1,0,No,known,activating,105,97,95,1
C81.76,Male,0,0,Yes,none,Non-activating,99,96,94,1
D70.37,Male,0,0,Yes,none,Non-activating,99,95,101,1
E203.87,Female,1,1,No,none,Non-activating,104,94,107,1
A89.13,Female,0,0,Yes,none,activating,101,97,107,1
B133.19,Female,1,0,Yes,none,Non-activating,92,101,103,1
A162.23,Female,0,0,Yes,none,Non-activating,99,94,102,1
B75.02,Male,1,0,Yes,none,Non-activating,94,104,101,1
C98.02,Female,0,0,Yes,none,activating,101,104,104,1
D91.54,Male,1,0,Yes,none,Non-activating,101,100,98,1
E111.98,Female,0,0,Yes,known,activating,95,97,93,1
A60.94,Male,0,0,Yes,none,activating,94,95,90,1
B97.43,Female,0,0,Yes,none,activating,97,103,95,1
C91.02,Male,0,0,Yes,none,activating,99,94,98,1
D60.67,Female,0,0,Yes,none,Non-activating,94,93,95,1
E185.49,Female,0,0,No,none,activating,97,97,97,1
A64.44,Male,1,1,Yes,none,activating,104,95,100,1
G56.11,Male,0,0,Yes,none,Non-activating,93,98,105,1
H110.66,Male,0,1,Yes,none,activating,103,104,92,1
I213.22,Female,1,1,Yes,known,activating,92,98,99,1
J78.18,Male,0,0,Yes,none,Non-activating,92,95,93,1
K111.04,Male,0,1,Yes,none,activating,105,94,105,1
L76.13,Female,0,0,Yes,none,activating,99,97,99,1
M81.32,Male,1,0,Yes,none,activating,103,94,105,1
N112.24,Male,0,0,Yes,none,Non-activating,97,100,106,1
O137.3,Female,1,1,Yes,none,Non-activating,98,103,98,1
P116.69,Female,0,0,Yes,none,Non-activating,96,105,100,1
Q215.94,Male,0,0,Yes,none,activating,107,105,103,1
R86.62,Female,1,0,Yes,none,Non-activating,95,99,93,1
E209.86,Male,0,0,Yes,none,Non-activating,100,96,101,1
A205.77,Male,0,0,Yes,none,Non-activating,97,108,107,1
B112.16,Female,0,0,Yes,none,activating,102,98,104,1
C118.03,Male,0,0,Yes,none,activating,95,97,103,1
D271.74,Male,1,1,Yes,none,activating,102,107,101,1
E97.92,Female,0,0,Yes,none,Non-activating,102,98,97,1
A200.62,Female,0,0,Yes,none,Non-activating,101,101,99,1
B242.52,Male,0,0,Yes,known,Non-activating,104,107,104,1
C93.81,Female,0,0,Yes,none,activating,99,104,101,1
D114.77,Female,0,0,Yes,none,Non-activating,99,108,101,1
E74.96,Male,0,0,No,none,activating,109,99,93,1
A167.13,Male,1,0,Yes,none,Non-activating,96,104,99,1
B175.29,Female,0,0,Yes,known,Non-activating,90,98,93,1
A90,Female,0,0,Yes,none,activating,93,103,90,1
B109.47,Female,0,0,Yes,known,Non-activating,105,102,100,1
C87.85,Male,0,0,Yes,none,activating,102,106,99,1
D106.74,Female,0,0,Yes,none,activating,95,99,103,1
E80.13,Female,0,0,Yes,none,activating,106,100,104,1
A90.19,Female,0,1,No,none,activating,103,104,100,1
B134.8,Male,0,0,Yes,none,activating,96,98,102,1
C106.58,Female,1,1,Yes,none,activating,101,103,101,1
D83.24,Female,1,1,Yes,none,activating,94,105,102,1
E103.43,Male,0,1,Yes,known,Non-activating,107,95,94,1
A208.65,Male,1,1,Yes,none,activating,105,91,106,1
G74.11,Male,0,0,Yes,none,Non-activating,97,103,100,1
H95.84,Female,0,0,Yes,known,Non-activating,101,91,101,1
I205.33,Female,0,0,No,known,activating,97,98,96,1
J116.1,Male,0,0,No,none,Non-activating,99,91,108,1
K210.4,Male,0,1,Yes,none,activating,99,102,97,1
L199.86,Male,0,0,Yes,none,Non-activating,101,96,92,1
M219.73,Female,0,0,Yes,none,Non-activating,102,101,98,1
N250.89,Female,0,0,Yes,none,activating,95,102,101,1
O72.73,Male,1,0,No,none,activating,95,105,96,1
P205.35,Female,0,0,Yes,none,Non-activating,108,100,98,1
Q70.3,Female,0,0,Yes,none,activating,95,103,99,1
R104.86,Female,0,0,Yes,none,activating,100,99,104,1
E216.58,Female,1,0,Yes,none,activating,101,93,105,1
A184.4,Male,0,0,Yes,none,activating,103,93,100,1
B60.98,Female,0,0,Yes,none,Non-activating,102,97,103,1
C97.76,Male,0,0,Yes,none,activating,98,102,105,1
D66.03,Male,0,0,Yes,none,Non-activating,104,97,93,1
E81.95,Female,1,0,Yes,none,activating,101,105,103,1
A97.73,Male,0,1,Yes,none,activating,98,101,100,1
B70.94,Male,0,0,Yes,none,Non-activating,101,99,100,1
C199.84,Male,0,0,Yes,none,Non-activating,96,107,104,1
D218.46,Male,0,0,Yes,none,Non-activating,103,100,101,1
E211.06,Female,1,1,Yes,none,activating,101,95,103,1
A86.3,Male,0,0,Yes,none,Non-activating,107,98,97,1
B162.14,Female,0,0,No,actionable,Non-activating,105,101,100,1
A88.2,Female,0,0,Yes,none,Non-activating,93,108,93,1
B91.92,Male,1,0,Yes,none,Non-activating,106,96,99,1
C76.46,Female,0,0,Yes,none,Non-activating,99,100,97,1
D197.28,Male,0,0,No,actionable,Non-activating,108,104,94,0
E233.94,Male,1,0,Yes,none,activating,99,103,98,0
A247.51,Female,0,0,No,none,activating,94,96,97,0
B84.96,Female,0,0,Yes,none,Non-activating,103,98,95,0
C57.93,Male,0,0,No,unknown,Non-activating,106,100,101,0
D78.8,Female,0,0,Yes,none,activating,94,100,97,0
E87.8,Female,0,0,Yes,none,activating,107,98,96,0
A78.81,Female,0,1,Yes,none,Non-activating,99,101,98,0
G95.12,Female,0,0,Yes,none,Non-activating,107,93,100,0
H87.96,Female,1,0,Yes,none,activating,102,102,98,0
I110.89,Male,0,0,Yes,known,activating,102,91,98,0
J69.04,Male,0,1,Yes,none,activating,94,97,100,0
K161.28,Female,0,0,Yes,none,Non-activating,101,98,103,0
L210.95,Female,0,0,Yes,none,Non-activating,100,107,104,0
M77.59,Male,0,0,Yes,none,Non-activating,104,96,100,0
N243.53,Female,0,0,No,none,Non-activating,101,101,98,0
O77.67,Female,0,0,No,none,activating,107,94,97,0
P205.84,Female,0,0,Yes,none,Non-activating,96,96,100,0
Q77.08,Female,0,0,Yes,known,activating,100,106,105,0
R57.08,Female,0,1,Yes,none,activating,106,100,93,0
E162.96,Female,1,0,Yes,none,Non-activating,101,101,97,0
A73.5,Female,1,0,Yes,none,Non-activating,94,98,100,0
B95.04,Female,0,0,Yes,none,Non-activating,91,104,94,0
C85.37,Male,0,0,Yes,none,activating,96,99,102,0
D84.62,Female,0,0,Yes,none,activating,102,98,96,0
E82.67,Female,0,0,Yes,none,activating,94,102,103,0
A57.33,Female,0,0,Yes,known,Non-activating,99,101,99,0
B67.84,Female,0,0,No,none,Non-activating,103,101,109,0
C75.7,Female,0,0,Yes,actionable,Non-activating,108,94,94,0
D129.54,Female,0,0,Yes,none,Non-activating,100,97,95,0
E60.22,Male,0,0,Yes,none,activating,96,91,94,0
A198.21,Female,0,0,Yes,none,activating,104,97,100,0
B109.82,Male,1,0,No,none,activating,101,107,94,0
A60.84,Female,0,0,No,actionable,activating,101,98,100,0
B94.61,Female,0,0,Yes,none,activating,103,102,97,0
C97.49,Male,0,0,No,known,activating,103,98,101,0
D206.72,Female,0,0,Yes,none,Non-activating,96,97,93,0
E214.45,Female,0,0,No,none,activating,99,96,100,0
A82.9,Female,0,0,Yes,none,activating,101,95,93,0
B103.26,Female,0,0,No,none,activating,92,100,98,0
C55.78,Male,0,0,Yes,none,activating,101,106,100,0
D73.74,Male,0,0,No,actionable,activating,107,108,101,0
E149.75,Male,0,0,No,actionable,Non-activating,101,95,105,0
A82.34,Female,0,0,No,actionable,Non-activating,103,101,101,0
G62.6,Male,0,0,Yes,none,activating,103,98,107,0
H94.09,Male,0,0,No,none,Non-activating,106,104,97,0
I55.42,Female,0,0,Yes,known,activating,97,108,100,0
J82.18,Female,0,0,Yes,none,Non-activating,97,98,96,0
K117.92,Male,1,0,Yes,known,Non-activating,94,95,97,0
L114.84,Female,0,0,Yes,none,Non-activating,102,100,95,0
M79.17,Female,0,0,Yes,none,Non-activating,94,95,98,0
E110.63,Female,0,0,Yes,none,activating,105,105,95,0
A190.7,Female,0,0,No,none,activating,108,100,98,0
B79.81,Male,0,0,Yes,none,Non-activating,102,104,99,0
C113.63,Male,0,0,Yes,none,Non-activating,99,95,96,0
D141.24,Male,0,0,Yes,none,Non-activating,101,105,102,0
E56.96,Male,0,0,Yes,none,activating,98,95,96,0
A203.04,Female,0,0,No,actionable,activating,100,101,100,0
B94.3,Male,0,0,Yes,known,activating,104,102,97,0
C81.51,Female,0,0,Yes,none,activating,95,100,104,0
D137.74,Male,0,0,Yes,none,Non-activating,98,105,94,0
E81.84,Female,0,0,Yes,none,Non-activating,99,98,95,0
A242.3,Female,0,0,Yes,none,activating,102,97,100,0
B102.64,Female,0,0,Yes,none,Non-activating,98,99,93,0
A146.01,Female,0,0,Yes,none,Non-activating,103,101,101,0
B75.42,Female,1,0,Yes,none,activating,102,93,101,0
C220.49,Male,0,1,Yes,none,Non-activating,97,105,105,0
D61.45,Male,0,0,Yes,none,activating,93,101,102,0
E88.19,Female,1,0,Yes,none,Non-activating,93,102,96,0
A115.22,Female,0,0,Yes,none,Non-activating,92,91,103,0
B97.93,Female,0,0,No,none,activating,98,93,104,0
C85.6,Male,0,0,No,none,Non-activating,99,97,101,0
D79.83,Male,0,0,No,actionable,Non-activating,103,108,94,0
E218.46,Female,0,0,No,none,activating,97,103,103,0
A62.2,Male,0,0,Yes,none,Non-activating,95,104,101,0
G69.15,Male,0,0,No,known,activating,96,102,99,0
H127.71,Male,0,0,Yes,none,Non-activating,95,97,101,0
I216.7,Female,1,0,Yes,none,Non-activating,102,97,94,0
J71.89,Male,0,0,No,actionable,Non-activating,99,100,98,0
K103.56,Male,0,0,No,none,Non-activating,97,102,96,0
L79.03,Female,0,0,No,none,Non-activating,99,93,101,0
M69.94,Female,0,0,Yes,none,activating,107,102,96,0
N90.12,Male,1,0,Yes,none,activating,104,100,96,0
O95.1,Female,0,0,Yes,none,activating,95,97,103,0
P234.58,Female,0,0,Yes,none,activating,106,100,90,0
Q235.85,Female,0,0,Yes,none,Non-activating,105,97,98,0
R78.05,Male,0,0,No,actionable,Non-activating,98,98,94,0
E89.44,Female,0,0,Yes,none,activating,97,99,99,0
A111.38,Female,0,1,No,none,activating,102,99,92,0
B243.5,Female,0,0,Yes,known,Non-activating,92,94,97,0
C182.2,Female,0,0,Yes,none,Non-activating,95,98,105,0
D229.92,Female,0,0,Yes,none,activating,94,104,93,0
E82.24,Female,0,0,Yes,none,Non-activating,99,101,94,0
A89.84,Male,0,1,Yes,none,activating,97,101,98,0
B90.69,Male,0,0,Yes,known,activating,96,104,98,0
C84.38,Female,0,0,Yes,none,activating,93,102,104,0
D215.6,Female,0,0,No,none,activating,104,99,99,0
E91.61,Male,0,0,Yes,none,Non-activating,95,101,97,0
A138.16,Female,0,0,Yes,known,activating,96,107,100,0
B75.23,Female,0,0,No,none,Non-activating,99,95,97,0
A75.18,Female,0,0,No,known,activating,104,96,94,0
B106.23,Female,1,1,Yes,none,activating,97,92,102,0
C239.64,Female,0,0,Yes,none,activating,104,99,97,0
D58.95,Female,0,0,No,none,Non-activating,100,92,95,0
E99.92,Female,0,0,Yes,none,Non-activating,99,105,103,0
A116.23,Female,0,0,Yes,none,activating,105,100,100,0
B118.82,Female,1,0,Yes,none,Non-activating,96,98,101,0
C66.3,Male,0,0,Yes,none,activating,105,106,101,0
D101.41,Female,0,0,No,known,Non-activating,106,94,98,0
E200.28,Male,0,0,Yes,none,activating,100,100,106,0
A136.8,Female,0,0,Yes,none,activating,97,102,97,0
G96.57,Female,1,0,Yes,none,activating,105,97,101,0
H66.42,Male,0,0,Yes,none,Non-activating,101,94,99,0
I98.09,Male,0,0,Yes,none,Non-activating,100,99,94,0
J205.23,Female,0,0,No,actionable,activating,98,100,104,0
K86.78,Female,0,0,Yes,none,activating,99,96,93,0
L126.82,Male,0,0,Yes,none,Non-activating,99,99,96,0
M78.4,Female,0,0,Yes,none,Non-activating,100,98,104,0
N63.69,Female,0,0,No,none,Non-activating,98,96,101,0
O209.58,Female,0,0,Yes,none,Non-activating,101,101,95,0
P89.86,Female,0,0,No,actionable,Non-activating,106,92,99,0
Q110.99,Male,0,0,Yes,none,Non-activating,107,93,100,0
R83.82,Female,0,0,No,none,activating,95,92,103,0
E137.96,Male,0,0,Yes,none,activating,95,94,93,0
A210.78,Female,0,0,Yes,none,Non-activating,102,95,99,0
B118.89,Female,0,0,Yes,known,Non-activating,95,103,96,0
C72.55,Male,0,0,Yes,known,Non-activating,106,104,95,0
D107.41,Female,0,0,No,actionable,Non-activating,96,100,93,0
E93.25,Male,0,0,No,none,activating,100,102,99,0
A74.91,Female,0,0,No,actionable,Non-activating,94,94,101,0
B80.05,Female,0,0,Yes,none,Non-activating,99,109,101,0
C99.8,Male,0,0,No,actionable,Non-activating,101,103,91,0
D91.97,Female,0,0,Yes,none,activating,92,106,97,0
E64.4,Male,1,1,Yes,known,Non-activating,99,102,92,0
A73.02,Male,0,0,No,actionable,Non-activating,100,102,90,0
B88.11,Male,0,0,No,actionable,Non-activating,98,98,93,0
A138.29,Female,0,0,Yes,none,activating,97,101,94,0
B72.36,Male,1,0,Yes,none,activating,97,101,107,0
C68.76,Male,0,0,No,none,activating,97,98,100,0
D106.22,Male,0,0,Yes,known,Non-activating,105,98,96,0
E101.52,Female,0,0,Yes,none,Non-activating,94,98,101,0
A109.51,Male,0,0,Yes,none,activating,95,108,102,0
B85.84,Male,0,0,Yes,none,Non-activating,104,99,95,0
C110.15,Female,0,0,Yes,none,Non-activating,99,95,104,0
D91.72,Male,0,0,No,none,activating,103,93,94,0
E251.6,Female,0,0,No,none,activating,105,96,99,0
A123.1,Male,0,0,No,none,activating,106,103,100,0
G97.4,Male,1,0,Yes,none,Non-activating,102,105,105,0
H68.34,Female,0,0,Yes,none,Non-activating,99,100,102,0
I80.81,Female,0,0,Yes,none,Non-activating,102,100,91,0
J120.31,Male,1,0,Yes,none,Non-activating,99,105,104,0
K83.51,Female,0,0,No,actionable,Non-activating,100,101,99,0
L74.09,Female,0,0,No,actionable,activating,96,107,101,0
M91.6,Female,0,0,No,none,Non-activating,95,93,95,0
N87.52,Female,0,0,Yes,known,activating,93,97,96,0
O213.37,Female,0,0,Yes,none,Non-activating,92,98,98,0
P75.39,Female,0,1,Yes,known,activating,104,97,94,0
Q122.41,Male,0,0,Yes,none,Non-activating,103,94,106,0
R223.36,Female,0,0,Yes,none,Non-activating,104,96,104,0
E84.59,Female,0,0,Yes,none,Non-activating,98,96,94,0
A70.16,Female,0,0,Yes,none,Non-activating,102,101,102,0
B107.52,Male,0,0,No,none,Non-activating,103,98,99,0
C80.88,Male,1,0,Yes,none,Non-activating,98,103,99,0
D93.48,Female,0,0,No,known,Non-activating,98,95,98,0
E70.21,Female,0,0,Yes,none,activating,105,103,91,0
A86.67,Male,0,0,No,actionable,activating,95,106,94,0
B101.37,Female,0,0,Yes,none,Non-activating,93,104,97,0
C105.22,Female,0,0,No,actionable,activating,101,93,105,0
D70.31,Female,0,0,Yes,none,activating,100,99,102,0
E64.06,Female,0,0,No,none,Non-activating,99,102,99,0
A178.29,Female,0,0,No,none,activating,102,103,97,0
B81.6,Male,0,0,Yes,known,activating,95,102,96,0
A147.48,Female,0,0,No,actionable,Non-activating,99,92,99,0
B86.86,Male,0,0,Yes,none,activating,97,97,98,0
C71.16,Female,0,0,Yes,none,activating,98,102,101,0
D73.2,Female,0,0,Yes,none,activating,101,107,106,0
E203.81,Female,0,0,No,actionable,activating,103,99,97,0
A82,Female,1,0,Yes,none,Non-activating,100,103,101,0
B97.55,Female,0,0,Yes,none,Non-activating,95,99,91,0
C94.29,Female,0,0,Yes,none,Non-activating,106,98,94,0
D75.22,Male,0,0,Yes,none,activating,91,103,101,0
E90.07,Male,0,1,Yes,none,activating,93,96,103,0
A73.73,Female,0,0,Yes,known,Non-activating,98,106,94,0
G79.58,Female,0,0,Yes,known,Non-activating,92,102,104,0
H77.88,Male,0,0,Yes,none,Non-activating,98,100,96,0
I205.26,Female,0,0,Yes,known,activating,94,95,97,0
J58.63,Female,0,0,Yes,none,activating,102,97,99,0
K139.9,Female,0,0,Yes,none,activating,97,104,97,0
L211.03,Female,0,0,No,actionable,Non-activating,99,100,93,0
M72.79,Male,0,0,Yes,none,Non-activating,103,101,97,0
N91.65,Male,1,0,Yes,none,activating,104,100,98,0
O79.92,Female,0,0,No,none,activating,102,99,102,0
P225.47,Female,0,0,No,none,activating,98,98,105,0
Q94.48,Male,0,0,Yes,none,Non-activating,102,97,102,0
R82.34,Male,0,0,No,known,Non-activating,105,104,100,0
E180.63,Female,1,0,Yes,none,Non-activating,99,104,100,0
A92.48,Male,0,0,No,actionable,Non-activating,99,104,101,0
B116.66,Male,0,0,No,known,activating,103,104,106,0
C112.09,Female,0,0,Yes,none,Non-activating,105,100,106,0
D130.34,Male,0,0,Yes,none,activating,102,99,103,0
E82.59,Male,0,0,Yes,known,activating,98,92,100,0
A123.87,Male,0,1,Yes,none,Non-activating,97,104,107,0
B98.7,Male,0,0,No,actionable,activating,94,93,95,0
C227.1,Male,0,0,No,none,activating,103,95,100,0
D55.39,Male,0,0,Yes,none,activating,99,100,97,0
E66.07,Female,0,0,Yes,none,Non-activating,94,99,99,0
A104.21,Male,0,0,No,none,activating,93,97,99,0
B145.15,Male,0,1,No,none,Non-activating,107,97,97,0
A68.19,Female,1,0,Yes,none,activating,104,102,98,0
B97.53,Female,0,0,Yes,none,Non-activating,108,99,103,0
C122.31,Female,0,0,No,actionable,Non-activating,105,103,97,0
D83.51,Female,0,0,No,actionable,Non-activating,97,96,95,0
E86.46,Female,0,0,No,actionable,Non-activating,96,93,99,0
A112.06,Female,0,0,No,none,Non-activating,99,103,95,0
B92.14,Male,0,0,Yes,none,Non-activating,103,103,102,0
C201.76,Male,0,0,Yes,none,Non-activating,97,104,100,0
D74.44,Female,0,0,Yes,none,Non-activating,100,106,92,0
E95.93,Female,1,0,Yes,none,Non-activating,92,107,91,0
A87.51,Male,1,0,No,none,Non-activating,106,101,102,0
G72.35,Female,1,0,Yes,none,activating,102,101,106,0
H113.47,Male,0,0,Yes,none,activating,96,100,96,0
I103.78,Male,0,0,Yes,none,Non-activating,107,99,102,0
J115.43,Female,0,0,No,none,Non-activating,98,106,98,0
K95.59,Female,0,0,Yes,none,Non-activating,100,105,92,0
L101.52,Female,0,0,Yes,known,Non-activating,99,102,103,0
M170.05,Female,0,0,No,none,activating,100,105,95,0
N217.3,Female,0,0,No,none,Non-activating,97,100,108,0
O196.01,Male,0,0,No,none,Non-activating,95,98,94,0
P92.21,Male,0,0,Yes,known,activating,95,103,98,0
Q100.09,Female,0,0,Yes,known,activating,98,101,102,0
R93.88,Male,1,0,Yes,none,Non-activating,99,95,96,0
E75.05,Male,0,0,No,actionable,activating,105,102,107,0
A70.08,Female,0,0,Yes,none,Non-activating,104,106,92,0
B74.2,Female,0,1,Yes,none,activating,98,103,100,0
C69.01,Male,0,0,No,actionable,Non-activating,96,107,103,0
D96.17,Female,0,0,Yes,none,Non-activating,98,93,101,0
E184.15,Female,0,0,Yes,none,activating,100,103,99,0
A87.24,Male,0,0,No,none,Non-activating,97,105,104,0
B198.69,Male,0,0,Yes,none,Non-activating,98,101,102,0
C82.58,Female,0,0,Yes,none,Non-activating,98,97,102,0
D96.88,Male,0,0,Yes,none,activating,104,94,106,0
E73.32,Male,0,0,No,none,Non-activating,95,101,107,0
A94.59,Male,0,0,Yes,none,Non-activating,106,105,97,0
B132.08,Male,0,0,Yes,none,activating,107,92,105,0
A98.99,Female,0,0,No,none,Non-activating,97,105,99,0
B104.48,Female,0,0,Yes,none,Non-activating,94,101,105,0
C98.01,Female,0,0,Yes,none,activating,96,99,93,0
D79.14,Male,0,0,No,actionable,Non-activating,102,102,97,0
E89.32,Male,0,0,No,actionable,Non-activating,104,101,101,0
A65.24,Male,0,0,No,actionable,Non-activating,92,109,103,0
B80.98,Female,0,0,No,none,activating,94,99,93,0
C186.17,Female,0,0,Yes,none,activating,102,102,102,0
D69.24,Male,0,0,Yes,none,activating,100,107,96,0
E111.19,Female,0,0,Yes,none,activating,99,98,100,0
A93.28,Male,0,0,Yes,none,activating,95,100,99,0
G122.19,Female,0,0,Yes,known,activating,103,100,95,0
H129.53,Male,1,0,Yes,none,Non-activating,96,102,98,0
I114.53,Female,0,0,Yes,none,activating,105,102,90,0
J93.73,Female,0,0,Yes,none,Non-activating,103,98,93,0
K77.49,Male,0,0,Yes,none,Non-activating,102,91,106,0
L65.38,Female,0,0,Yes,none,Non-activating,108,99,97,0
M94.18,Female,0,0,Yes,none,Non-activating,96,97,104,0
N118.7,Female,0,0,Yes,none,Non-activating,91,91,101,0
O96.29,Male,0,0,Yes,none,activating,96,97,99,0
P74.64,Male,0,0,No,none,activating,98,98,100,0
Q96.99,Male,0,0,No,known,Non-activating,100,95,97,0
R100.61,Female,0,0,Yes,none,activating,104,99,97,0
E97.08,Female,0,0,Yes,none,activating,106,104,101,0
A84.79,Female,0,0,Yes,none,Non-activating,101,99,99,0
B78.75,Male,0,0,Yes,none,activating,99,108,97,0
C82.93,Male,0,0,No,actionable,Non-activating,101,94,95,0
D88.78,Female,0,0,Yes,none,activating,99,101,97,0
E122.1,Male,0,0,Yes,none,activating,107,105,96,0
A74.81,Male,0,0,Yes,none,Non-activating,102,91,99,0
B183.45,Male,0,0,Yes,none,activating,102,96,101,0
C114.94,Female,0,0,Yes,known,activating,104,97,94,0
D104.38,Female,0,0,No,actionable,Non-activating,96,100,101,0
E102.91,Female,0,0,Yes,none,activating,97,103,92,0
A108.79,Female,0,0,Yes,known,activating,96,100,103,0
B73.31,Female,0,0,Yes,none,Non-activating,100,98,92,0
A68.52,Female,0,0,Yes,none,Non-activating,92,101,103,0
B89.77,Male,1,0,Yes,none,activating,95,108,106,0
C102.64,Male,0,0,No,none,Non-activating,94,100,96,0
D70.92,Male,0,0,Yes,none,Non-activating,97,103,107,0
E86.11,Female,0,0,Yes,none,activating,98,102,104,0
A129.16,Female,0,0,No,none,activating,91,105,99,0
B113.85,Male,0,0,No,actionable,activating,99,97,94,0
C79.35,Female,0,0,Yes,none,activating,94,97,96,0
D80.79,Male,0,0,Yes,none,activating,94,100,94,0
E114.01,Female,0,0,No,none,Non-activating,106,96,91,0
A93.74,Female,0,0,Yes,none,Non-activating,106,95,100,0
G90.65,Female,0,0,Yes,none,activating,95,99,100,0
H98.41,Male,0,0,Yes,known,activating,98,91,100,0
I127.18,Female,0,0,Yes,none,activating,101,98,96,0
J138.06,Female,0,0,Yes,none,activating,102,91,105,0
K89.44,Male,0,0,Yes,none,Non-activating,99,95,103,0
L105.61,Male,0,0,No,none,Non-activating,96,97,96,0
M155.43,Male,0,0,No,actionable,activating,103,108,107,0
N80.83,Female,0,0,Yes,none,Non-activating,94,100,107,0
O80.19,Male,0,0,No,none,Non-activating,101,105,99,0
P60.34,Male,0,0,Yes,none,activating,106,100,100,0
Q79.3,Female,0,0,No,actionable,activating,103,100,102,0
R98.44,Female,0,0,Yes,none,activating,99,94,95,0
E210.48,Male,0,0,Yes,none,activating,105,102,100,0
A70.34,Female,0,0,Yes,none,Non-activating,106,99,100,0
B122.22,Male,0,0,No,actionable,Non-activating,103,96,96,0
C75.29,Female,0,0,No,none,Non-activating,103,103,101,0
D100.35,Male,0,0,No,none,activating,102,93,102,0
E193.83,Male,0,0,Yes,none,activating,97,98,104,0
A126.96,Male,0,0,No,actionable,Non-activating,104,101,97,0
B183.34,Female,0,0,Yes,known,Non-activating,99,91,102,0
C247.69,Male,0,0,No,actionable,activating,95,102,95,0
D76.2,Male,0,1,Yes,none,activating,95,92,109,0
E71.43,Female,0,0,No,actionable,activating,98,97,101,0
A93.36,Female,0,0,Yes,none,activating,96,93,92,0
B61.29,Female,0,0,No,actionable,Non-activating,105,105,103,0
A103.62,Male,1,0,Yes,none,Non-activating,98,96,99,0
B100.52,Male,0,0,No,none,activating,101,94,94,0
C191.47,Female,0,0,No,none,Non-activating,94,102,99,0
D67.06,Female,0,0,No,none,activating,101,93,97,0
E144.1,Male,0,0,No,none,activating,103,104,94,0
A58.26,Female,0,0,Yes,none,activating,99,99,99,0
B239.82,Female,1,0,Yes,none,activating,107,101,104,0
C73.71,Male,0,0,Yes,none,activating,99,92,107,0
D88.53,Female,0,0,Yes,none,activating,95,95,97,0
E114.79,Male,0,0,No,none,activating,108,100,97,0
A113.8,Male,0,0,Yes,none,Non-activating,95,107,100,0
G71.91,Male,0,0,No,none,activating,94,106,97,0
H65.3,Female,1,0,Yes,none,activating,96,102,93,0
I189.57,Female,0,0,No,none,activating,104,96,99,0
J114.25,Female,0,0,Yes,none,Non-activating,92,93,101,0
K81.26,Female,0,0,Yes,none,activating,100,100,99,0
L87.88,Male,0,0,No,none,Non-activating,106,97,103,0
M112.17,Female,0,0,Yes,none,Non-activating,97,98,104,0
E99.97,Male,0,0,Yes,none,Non-activating,94,92,107,0
A207.58,Male,0,0,No,actionable,Non-activating,92,99,99,0
B109.16,Female,0,1,Yes,none,Non-activating,98,99,98,0
C74.46,Female,0,0,No,none,Non-activating,103,92,99,0
D118.51,Female,0,0,Yes,none,activating,97,97,102,0
E107.47,Female,0,0,Yes,none,activating,102,100,104,0
A182.86,Male,0,0,Yes,none,activating,104,103,99,0
B59.17,Male,0,0,Yes,none,activating,97,95,100,0
C215.64,Male,0,0,Yes,none,activating,102,95,94,0
D163.7,Female,0,0,Yes,none,activating,94,95,102,0
E196.36,Female,0,0,Yes,none,activating,97,94,102,0
A139.77,Female,1,0,Yes,none,activating,101,109,92,0
B141.23,Female,0,0,Yes,none,Non-activating,105,93,104,0
A89.99,Female,0,0,Yes,none,activating,98,99,97,0
B108.53,Female,0,0,No,actionable,Non-activating,108,100,103,0
C63.61,Male,0,0,No,actionable,Non-activating,105,94,94,0
D85.54,Male,1,0,Yes,none,activating,94,107,97,0
E100.83,Male,0,0,No,none,Non-activating,99,94,96,0
A59.82,Female,0,0,Yes,none,Non-activating,104,97,103,0
B105.95,Female,0,0,Yes,known,Non-activating,94,97,98,0
C188.11,Male,0,0,No,unknown,activating,94,96,105,0
D71.15,Female,0,0,Yes,none,Non-activating,104,95,91,0
E60.53,Male,0,0,No,actionable,activating,97,91,100,0
A205.5,Male,0,0,Yes,none,activating,99,96,100,0
G204.86,Female,0,0,No,actionable,activating,101,101,103,0
H115.03,Male,0,0,Yes,none,Non-activating,98,95,101,0
I79.87,Male,0,0,No,actionable,Non-activating,96,100,105,0
J97.89,Female,0,0,Yes,none,Non-activating,104,96,104,0
K125.26,Male,0,0,Yes,known,activating,101,102,102,0
L114.32,Male,0,0,Yes,none,Non-activating,99,106,103,0
M92.23,Male,0,0,No,none,Non-activating,101,92,100,0
N83.51,Female,0,0,No,none,Non-activating,106,107,99,0
O102.34,Female,0,0,Yes,none,activating,99,107,99,0
P144.48,Female,0,0,Yes,known,activating,100,93,104,0
Q88.39,Female,0,0,Yes,known,Non-activating,100,91,103,0
R228.08,Male,0,0,Yes,none,activating,108,99,96,0
E93.79,Male,0,0,Yes,none,activating,96,97,100,0
A147.14,Male,0,0,Yes,none,Non-activating,93,96,93,0
B106.43,Female,0,0,Yes,none,Non-activating,91,97,95,0
C88.04,Female,0,0,Yes,none,activating,101,92,101,0
D92.2,Female,0,0,Yes,none,Non-activating,100,102,102,0
E219.53,Male,0,1,Yes,none,activating,94,101,99,0
A75.56,Female,0,0,Yes,none,activating,103,104,97,0
B158.31,Male,0,1,No,none,Non-activating,94,99,100,0
C111.43,Female,0,0,Yes,known,activating,100,105,106,0
D219.97,Female,0,0,No,known,Non-activating,93,98,102,0
E148.91,Female,0,0,Yes,none,activating,104,101,93,0
A69.4,Female,0,0,Yes,none,Non-activating,102,105,94,0
B68.34,Male,0,0,Yes,none,activating,93,106,95,0
A58.37,Male,0,0,Yes,known,Non-activating,101,100,108,0
B71.2,Male,0,0,Yes,known,activating,107,106,98,0
C101.5,Male,0,0,No,none,Non-activating,97,101,102,0
D92.04,Female,0,0,Yes,none,Non-activating,100,101,93,0
E73,Female,0,1,Yes,none,activating,108,103,98,0
A111.15,Male,0,0,Yes,none,Non-activating,102,104,95,0
B58.65,Female,0,0,Yes,none,activating,104,98,99,0
C100.54,Male,0,0,No,none,activating,98,97,94,0
D111.73,Female,0,0,Yes,none,activating,100,97,102,0
E97.78,Male,0,0,No,actionable,Non-activating,98,103,101,0
A85.79,Male,0,0,Yes,none,Non-activating,105,105,104,0
G98.54,Female,0,1,Yes,none,activating,94,102,103,0
H94.62,Female,0,0,Yes,none,activating,101,101,98,0
I112.43,Male,0,0,Yes,none,activating,100,95,99,0
J99.67,Female,0,0,No,none,activating,99,99,97,0
K67.39,Female,0,0,No,none,activating,96,101,96,0
L95.12,Female,0,0,Yes,none,Non-activating,101,100,104,0
M85.06,Male,0,0,Yes,known,Non-activating,101,100,108,0
N214.05,Female,0,0,Yes,none,activating,98,108,101,0
O79.09,Male,1,0,Yes,none,activating,109,96,101,0
P98.09,Female,0,0,Yes,none,activating,102,101,102,0
Q76.36,Female,0,0,Yes,none,activating,102,99,94,0
R98.42,Male,1,0,Yes,none,activating,97,105,105,0
E82.01,Female,0,0,Yes,none,Non-activating,99,102,104,0
A56.11,Female,0,0,No,actionable,Non-activating,102,94,103,0
B111.85,Female,0,0,No,actionable,activating,106,99,103,0
C92.39,Female,0,0,No,none,Non-activating,95,105,98,0
D112.54,Male,0,0,Yes,none,activating,98,99,99,0
E63.71,Male,0,0,No,none,Non-activating,98,106,96,0
A70.35,Female,0,0,No,none,activating,99,108,100,0
B94.65,Male,0,0,Yes,none,activating,94,103,103,0
C64.64,Female,0,0,Yes,none,Non-activating,99,96,96,0
D57.27,Male,0,0,Yes,none,Non-activating,97,97,97,0
E107.25,Female,0,0,Yes,known,Non-activating,109,93,94,0
A77.12,Male,1,0,Yes,none,Non-activating,102,95,100,0
B55.32,Male,0,0,No,actionable,Non-activating,99,98,93,0
A69.37,Male,1,0,No,none,Non-activating,106,100,101,0
B57.57,Female,0,0,Yes,known,Non-activating,101,98,106,0
C87.43,Female,0,0,Yes,none,Non-activating,94,99,95,0
D98.73,Male,0,1,Yes,none,activating,105,101,103,0
E81.18,Female,0,0,No,none,activating,102,99,96,0
A56.23,Female,0,0,Yes,known,Non-activating,91,107,98,0
B69.61,Male,0,0,No,actionable,activating,101,97,95,0
C59.49,Female,0,0,Yes,known,Non-activating,100,108,100,0
D118.14,Female,0,0,Yes,none,activating,97,100,94,0
E100.26,Female,0,0,Yes,none,Non-activating,100,109,97,0
A56.75,Male,0,0,Yes,none,Non-activating,96,105,96,0
G88.27,Female,0,0,No,none,Non-activating,98,99,102,0
H67.81,Male,1,0,Yes,known,activating,100,104,106,0
I77.46,Female,0,0,No,none,Non-activating,100,96,103,0
J76.26,Male,0,0,No,none,activating,101,99,103,0
K86.39,Female,0,0,No,actionable,Non-activating,103,97,90,0
L116.38,Female,0,0,No,actionable,activating,101,103,105,0
M75.74,Male,0,0,No,none,activating,96,96,96,0
N92.14,Male,0,0,No,none,activating,108,97,98,0
O149.95,Female,0,0,Yes,none,activating,98,103,104,0
P92.11,Female,1,0,Yes,none,Non-activating,101,101,101,0
Q74.98,Female,1,0,Yes,none,Non-activating,105,100,99,0
R55.25,Female,0,0,Yes,none,activating,93,101,100,0
E79.89,Female,0,0,Yes,none,activating,98,105,93,0
A130.61,Female,0,0,No,none,activating,97,97,99,0
B94.26,Female,0,0,No,actionable,activating,96,95,100,0
C94.34,Female,0,0,Yes,none,Non-activating,94,94,95,0
D109.03,Female,0,0,Yes,none,Non-activating,92,100,102,0
E81.03,Female,0,0,No,actionable,Non-activating,99,97,106,0
A99.82,Female,0,0,Yes,none,activating,94,107,103,0
B140.08,Female,0,0,Yes,none,Non-activating,97,103,103,0
C59.54,Female,0,0,Yes,none,activating,103,94,92,0
D80.33,Female,1,0,Yes,none,Non-activating,97,105,104,0
E131.51,Male,0,0,Yes,none,activating,98,98,91,0
A89.21,Male,0,0,Yes,none,Non-activating,97,98,99,0
B91.45,Female,0,0,Yes,none,activating,101,99,100,0
A90.58,Female,0,0,No,none,Non-activating,100,97,97,0
B91.45,Male,0,0,Yes,none,activating,94,107,107,0
C89.63,Female,0,0,Yes,known,Non-activating,90,105,95,0
D124.06,Male,0,0,Yes,none,Non-activating,102,105,102,0
E99.47,Female,0,0,Yes,none,activating,100,107,104,0
A88.97,Female,0,0,No,none,activating,103,95,99,0
B80.93,Female,0,0,Yes,none,Non-activating,103,94,95,0
C102.07,Female,0,0,No,none,Non-activating,101,97,92,0
D91.69,Male,0,0,Yes,none,activating,100,98,103,0
E63.71,Female,1,0,Yes,none,Non-activating,100,91,100,0
A200.49,Female,0,0,No,none,Non-activating,95,105,104,0
G75.3,Female,1,0,No,none,Non-activating,97,91,106,0
H240.71,Male,0,0,No,none,activating,96,98,103,0
I60.5,Female,0,0,No,actionable,Non-activating,105,95,97,0
J131.85,Female,0,0,Yes,none,activating,105,103,106,0
K134.39,Male,0,0,Yes,none,activating,95,93,98,0
L56.18,Female,0,0,Yes,none,activating,102,99,97,0
M113.64,Female,0,0,No,none,Non-activating,104,98,102,0
N156.57,Male,0,0,No,actionable,Non-activating,99,101,94,0
O80.4,Male,0,0,Yes,none,Non-activating,103,99,93,0
P59.26,Male,0,0,Yes,none,activating,93,94,106,0
Q63.26,Female,0,0,No,none,activating,104,104,106,0
R86.24,Female,0,0,Yes,none,Non-activating,109,98,100,0
E197.1,Male,0,0,No,none,activating,103,106,98,0
A90.9,Male,0,0,No,none,Non-activating,98,92,107,0
B84.59,Female,0,0,Yes,known,Non-activating,94,93,103,0
C121.8,Male,0,0,No,actionable,Non-activating,103,98,97,0
D77.65,Male,0,0,Yes,none,activating,101,104,97,0
E64.41,Female,0,0,Yes,none,activating,102,107,94,0
A75.19,Male,0,0,No,actionable,activating,99,100,98,0
B67.97,Male,0,0,Yes,none,Non-activating,97,104,105,0
C119.34,Male,0,0,Yes,none,activating,105,100,102,0
D94.92,Male,0,0,Yes,none,activating,101,95,100,0
E107.42,Female,0,0,Yes,none,activating,98,98,104,0
A85.02,Female,0,0,Yes,known,activating,95,96,91,0
B103.51,Male,0,0,Yes,none,activating,97,92,98,0
A114.5,Female,0,0,No,none,Non-activating,100,105,98,0
B70.78,Male,0,0,Yes,none,Non-activating,97,100,104,0
C95.01,Female,0,0,No,actionable,activating,103,97,101,0
D84.11,Male,0,0,No,none,Non-activating,100,93,98,0
E74.02,Female,1,0,Yes,none,activating,109,107,99,0
A78.49,Female,0,1,Yes,none,Non-activating,93,97,95,0
B74.22,Male,0,0,Yes,none,activating,98,96,93,0
C55.34,Female,0,0,Yes,known,Non-activating,91,103,103,0
D75.04,Male,0,0,Yes,none,activating,93,95,103,0
E109.73,Male,0,0,Yes,known,Non-activating,97,98,96,0
A95.81,Male,0,0,No,actionable,Non-activating,95,102,100,0
G96.78,Female,1,0,Yes,none,activating,108,97,98,0
H194.62,Female,0,0,No,none,activating,99,97,97,0
I70.02,Female,0,0,No,actionable,activating,98,96,104,0
J222.21,Female,0,0,Yes,none,Non-activating,101,95,104,0
K62.41,Female,0,0,Yes,none,Non-activating,97,104,101,0
L55.83,Female,0,0,No,none,Non-activating,108,100,103,0
M65.12,Male,0,0,No,none,Non-activating,93,99,98,0
N73.62,Male,0,0,Yes,known,Non-activating,100,102,99,0
O85.83,Female,1,0,No,none,activating,93,94,98,0
P103.86,Female,0,0,Yes,none,activating,99,93,99,0
Q60.98,Female,0,0,No,none,Non-activating,104,105,101,0
R82.69,Female,0,0,No,none,Non-activating,101,101,106,0
E250.2,Female,0,0,Yes,none,activating,102,95,101,0
A128.97,Female,0,0,Yes,none,activating,99,98,92,0
B84.31,Female,0,0,Yes,none,Non-activating,102,100,102,0
C74.8,Female,0,0,No,none,Non-activating,104,102,102,0
D97.06,Male,0,0,Yes,none,activating,98,102,108,0
E77.54,Male,0,0,Yes,none,Non-activating,97,104,100,0
A92.78,Male,0,0,Yes,none,Non-activating,96,106,101,0
B173.43,Male,0,0,No,none,Non-activating,106,102,94,0
C79.08,Female,0,0,Yes,known,Non-activating,92,95,100,0
D106.18,Female,0,0,Yes,none,Non-activating,91,107,98,0
E114.21,Male,0,0,Yes,none,activating,94,99,103,0
A91.08,Female,0,0,Yes,known,Non-activating,99,93,96,0
B105.77,Male,0,0,No,none,activating,105,96,96,0
A74.88,Female,0,0,Yes,none,Non-activating,107,101,98,0
B123.15,Male,0,0,Yes,none,activating,99,105,96,0
C184.25,Female,0,0,Yes,none,Non-activating,105,104,91,0
D117.69,Male,0,0,No,none,Non-activating,100,95,97,0
E55.26,Male,0,0,No,actionable,activating,108,95,99,0
A106.51,Female,0,0,Yes,none,activating,102,97,105,0
B55.27,Female,1,0,Yes,none,activating,94,92,102,0
C98.42,Male,0,0,No,actionable,activating,98,100,99,0
D99.2,Female,0,0,Yes,none,activating,95,100,99,0
E98.92,Female,0,1,Yes,none,Non-activating,99,99,95,0
A92.7,Female,1,0,Yes,none,Non-activating,96,106,98,0
G106.7,Female,0,0,Yes,none,activating,98,105,101,0
H152.81,Female,1,0,Yes,none,Non-activating,100,105,99,0
I82.59,Female,0,0,Yes,none,Non-activating,101,94,105,0
J91,Female,0,0,Yes,none,Non-activating,104,106,103,0
K93.88,Male,0,0,No,none,activating,99,98,103,0
L76.99,Male,0,0,No,none,activating,98,97,95,0
M254.6,Female,0,0,No,none,activating,103,93,105,0
N93.99,Female,0,0,Yes,none,Non-activating,97,101,98,0
O109.68,Female,0,0,Yes,known,Non-activating,97,98,104,0
P92.04,Female,0,0,No,none,activating,101,99,97,0
Q111.41,Female,0,0,No,none,activating,103,99,106,0
R97.92,Female,0,0,No,none,activating,98,103,99,0
E65.61,Female,0,0,No,actionable,Non-activating,96,98,103,0
A62.37,Female,0,0,Yes,none,activating,104,103,97,0
B101.28,Female,0,0,Yes,none,Non-activating,100,98,96,0
C88.31,Male,0,0,Yes,none,Non-activating,101,93,105,0
D103.55,Male,0,0,Yes,none,Non-activating,100,104,101,0
E60.26,Male,0,0,Yes,none,activating,99,94,105,0
A79.39,Female,0,0,No,none,activating,99,104,94,0
B122.01,Female,0,0,Yes,none,Non-activating,100,103,103,0
C78.09,Male,0,0,No,known,Non-activating,102,105,98,0
D89.7,Female,0,0,Yes,known,activating,90,103,98,0
E95.1,Female,0,0,Yes,none,activating,93,92,99,0
A112.64,Male,0,0,Yes,none,Non-activating,105,99,96,0
B79.8,Male,0,0,Yes,none,Non-activating,106,107,94,0
A82.2,Female,0,0,Yes,none,Non-activating,95,101,99,0
B108.89,Male,0,0,No,known,activating,106,105,99,0
C114.32,Female,0,0,No,actionable,activating,91,93,105,0
D116.14,Male,0,0,Yes,known,activating,100,101,97,0
E122.74,Male,1,0,Yes,known,Non-activating,103,102,94,0
A94.04,Male,0,0,No,actionable,Non-activating,99,101,100,0
B86.6,Male,0,0,No,known,Non-activating,104,93,100,0
C82.32,Male,0,0,Yes,none,activating,103,105,95,0
D83.83,Female,0,0,No,none,activating,94,95,100,0
E106.98,Female,1,0,Yes,known,Non-activating,103,101,97,0
A93.88,Male,0,0,Yes,known,Non-activating,101,102,98,0
G70.53,Male,0,0,Yes,known,activating,101,97,105,0
H212.01,Female,0,0,Yes,known,Non-activating,108,100,102,0
I65.88,Male,0,0,Yes,known,Non-activating,94,96,101,0
J106.97,Male,1,0,Yes,none,activating,103,92,106,0
K126.35,Male,0,0,Yes,known,Non-activating,101,103,101,0
L129.16,Female,0,0,Yes,known,activating,99,106,95,0
M88.66,Female,1,1,Yes,known,Non-activating,102,101,94,0
N112.95,Male,0,0,No,actionable,Non-activating,100,109,92,0
O81.59,Female,0,0,Yes,none,Non-activating,94,98,99,0
P76.82,Female,0,0,Yes,none,activating,106,103,100,0
Q73.75,Male,0,0,No,actionable,Non-activating,103,90,103,0
R91.56,Female,0,0,Yes,none,Non-activating,96,94,97,0
E104.55,Female,0,0,Yes,known,activating,91,106,101,0
A84.84,Female,0,0,No,none,activating,105,103,96,0
B86.06,Male,0,0,No,known,activating,106,95,98,0
C109.1,Male,0,0,Yes,none,Non-activating,99,103,95,0
D68.35,Female,0,0,Yes,none,Non-activating,95,93,103,0
E121.04,Female,0,0,No,actionable,activating,97,101,104,0
A160.83,Male,1,0,Yes,known,Non-activating,109,97,99,0
B85.62,Female,0,0,No,none,Non-activating,105,102,100,0
C74.23,Female,0,0,No,none,activating,90,107,97,0
D110.76,Male,0,0,No,actionable,Non-activating,103,93,98,0
E79.44,Female,0,0,Yes,none,activating,98,103,101,0
A119.52,Male,0,0,Yes,known,Non-activating,102,96,106,0
B90.42,Male,0,0,Yes,none,activating,100,103,96,0
A109.32,Female,0,0,Yes,known,Non-activating,93,99,102,0
B78.16,Female,1,0,Yes,none,activating,96,97,101,0
C79.13,Female,0,0,No,actionable,Non-activating,103,98,96,0
D84.06,Male,0,0,Yes,none,activating,103,97,93,0
E89.3,Female,0,0,No,none,Non-activating,100,94,99,0
A69.21,Female,0,0,Yes,none,Non-activating,104,101,101,0
B186.45,Female,0,0,Yes,none,activating,103,94,93,0
C58.47,Female,0,0,Yes,none,Non-activating,101,100,104,0
D189.49,Male,0,0,No,actionable,Non-activating,103,104,102,0
E99.6,Female,0,0,Yes,none,activating,100,101,96,0
A126.18,Female,0,0,No,none,Non-activating,96,104,102,0
G186.32,Male,0,0,Yes,none,activating,99,103,94,0
H62.49,Female,0,0,Yes,none,Non-activating,107,99,104,0
I74.51,Male,0,0,No,none,activating,103,102,93,0
J94.63,Female,0,0,Yes,none,activating,100,97,107,0
K91.98,Male,0,0,Yes,none,activating,97,95,105,0
L56.77,Male,0,0,Yes,none,Non-activating,102,105,94,0
M75.87,Male,0,0,Yes,none,activating,102,92,95,0
E77.19,Female,0,0,No,none,activating,101,95,100,0
A135.75,Female,0,1,Yes,none,Non-activating,107,105,105,0
B100.15,Female,0,0,Yes,none,activating,103,97,98,0
C95.08,Female,0,0,Yes,none,activating,98,101,107,0
D125.38,Male,0,0,Yes,none,Non-activating,107,104,98,0
E111.71,Female,1,0,Yes,known,Non-activating,96,94,108,0
A94.64,Female,0,0,No,none,Non-activating,100,100,106,0
B226.7,Female,0,0,Yes,none,Non-activating,97,93,103,0
C112.96,Male,0,0,Yes,none,Non-activating,105,97,98,0
D183.1,Male,0,0,Yes,none,Non-activating,96,97,100,0
E105.36,Female,0,0,Yes,none,activating,102,105,98,0
A84.13,Female,0,0,No,actionable,Non-activating,95,99,98,0
B102.47,Male,0,0,No,none,activating,98,101,90,0
A77.04,Female,0,0,Yes,none,activating,105,102,103,0
B83.23,Male,0,0,Yes,known,activating,93,102,97,0
C87.01,Female,0,0,Yes,known,Non-activating,96,95,106,0
D56.99,Male,1,0,Yes,none,Non-activating,103,99,100,0
E73.01,Male,0,0,No,none,Non-activating,99,98,91,0
A106.35,Female,0,0,Yes,none,activating,95,95,106,0
B80.63,Male,0,0,Yes,none,activating,107,97,90,0
C103.61,Female,0,0,No,unknown,activating,96,102,101,0
D91.35,Female,0,0,Yes,none,Non-activating,103,102,101,0
E194.04,Female,1,0,Yes,none,Non-activating,105,107,92,0
A111.99,Male,0,1,Yes,none,activating,95,100,98,0
G57.51,Male,1,1,Yes,none,activating,108,99,101,0
H68.49,Female,0,0,Yes,none,Non-activating,105,101,98,0
I60.2,Female,0,0,No,none,Non-activating,97,105,98,0
J160,Female,0,0,No,actionable,activating,105,102,95,0
K86.96,Male,1,0,Yes,none,activating,96,98,94,0
L237.15,Female,0,0,No,none,Non-activating,105,105,102,0
M99.06,Male,0,0,Yes,none,Non-activating,104,94,93,0
N56.31,Female,1,0,Yes,none,activating,97,92,107,0
O84.31,Female,0,0,Yes,none,activating,100,93,102,0
P90.92,Female,0,0,Yes,none,Non-activating,100,100,94,0
Q104.33,Male,0,1,Yes,none,activating,100,95,98,0
R62.61,Male,0,0,Yes,none,activating,101,96,105,0
E231.19,Female,0,0,Yes,none,activating,101,96,94,0
A94.3,Male,0,0,No,known,activating,97,103,94,0
B104.48,Male,0,0,Yes,none,Non-activating,105,99,91,0
C72.62,Female,0,0,Yes,none,Non-activating,95,101,91,0
D81.64,Female,0,0,Yes,none,Non-activating,92,91,101,0
E90.78,Male,0,0,No,none,activating,103,93,100,0
A70.71,Female,0,0,No,none,Non-activating,99,97,101,0
B72.36,Female,0,0,Yes,none,Non-activating,98,103,95,0
C59.76,Female,0,0,Yes,none,activating,102,94,102,0
D83.76,Female,0,0,Yes,none,Non-activating,96,105,99,0
E63.64,Female,0,0,Yes,none,activating,99,97,100,0
A76.26,Female,0,0,No,actionable,Non-activating,103,94,97,0
B82.06,Female,0,0,Yes,none,activating,105,93,93,0
A110.91,Female,0,0,Yes,none,activating,95,96,95,0
B77.16,Male,0,0,Yes,none,Non-activating,104,95,103,0
C69.58,Male,0,0,Yes,none,activating,103,102,100,0
D96.26,Female,0,0,Yes,none,Non-activating,101,96,93,0
E87.27,Male,0,0,No,actionable,activating,101,99,103,0
A65.36,Female,0,0,No,known,activating,96,103,105,0
B109.51,Female,0,0,No,actionable,Non-activating,106,99,94,0
C89.03,Female,0,0,No,actionable,activating,97,109,96,0
D91.34,Male,0,1,Yes,none,Non-activating,98,94,103,0
E57.82,Female,0,0,Yes,none,activating,95,99,98,0
A81.15,Female,0,0,No,actionable,activating,106,101,106,0
G115.29,Male,0,0,No,none,Non-activating,107,102,108,0
H111.02,Male,0,0,Yes,none,activating,96,105,96,0
I111.61,Female,1,0,No,none,activating,102,104,99,0
J109.02,Male,0,1,Yes,none,activating,105,91,99,0
K106.51,Male,0,0,Yes,none,Non-activating,94,92,102,0
L207.32,Male,0,0,Yes,none,activating,96,98,96,0
M87.11,Female,0,0,No,known,Non-activating,103,103,95,0
N61.68,Female,0,0,Yes,none,activating,100,104,102,0
O119.04,Female,0,0,Yes,none,activating,106,106,102,0
P86.05,Male,0,0,Yes,none,activating,103,106,98,0
Q70.03,Female,0,0,No,none,activating,96,103,100,0
R207.64,Male,0,0,No,none,Non-activating,104,98,95,0
E236.84,Female,0,0,No,none,Non-activating,105,94,100,0
A78.11,Male,0,0,No,unknown,Non-activating,94,103,103,0
B100.97,Female,0,0,Yes,none,activating,91,97,103,0
C99.21,Male,0,0,Yes,known,activating,97,103,94,0
D113.21,Male,0,1,Yes,none,activating,104,95,104,0
E92.95,Female,0,0,Yes,none,activating,97,101,104,0
A110.16,Female,1,0,Yes,none,activating,101,107,101,0
B142.57,Female,0,0,Yes,none,Non-activating,103,95,100,0
C92.87,Female,0,0,Yes,none,Non-activating,94,108,103,0
D111.48,Female,0,0,Yes,none,activating,98,104,101,0
E123,Female,0,0,Yes,none,activating,103,101,105,0
A100.54,Female,0,0,Yes,none,Non-activating,98,100,95,0
B106.68,Male,0,0,No,none,activating,102,106,101,0
A86.4,Male,0,0,No,actionable,Non-activating,99,94,104,0
B61.81,Female,0,0,No,none,activating,104,99,93,0
C128.28,Male,0,0,No,actionable,Non-activating,95,103,94,0
D204.63,Male,0,0,No,known,Non-activating,105,102,108,0
E89.98,Male,0,0,Yes,none,activating,101,104,93,0
A232.89,Female,0,0,No,none,activating,100,102,95,0
B98.58,Female,0,0,No,actionable,activating,92,105,97,0
C57.94,Male,0,0,Yes,none,activating,92,108,100,0
D123.21,Male,0,0,No,unknown,activating,99,95,104,0
E76.34,Male,0,0,No,none,activating,95,96,97,0
A92.98,Female,0,0,No,actionable,activating,96,97,104,0
G92.81,Male,0,0,No,none,Non-activating,107,101,99,0
H85.16,Female,0,0,No,none,Non-activating,101,103,102,0
I90.1,Male,1,0,Yes,none,Non-activating,99,102,104,0
J65.15,Male,0,0,No,none,activating,99,96,100,0
K104.62,Female,0,0,No,none,activating,104,96,102,0
L113.25,Male,0,0,No,none,Non-activating,102,93,97,0
M59.28,Female,0,0,Yes,none,Non-activating,102,92,96,0
N93.07,Female,0,0,No,none,Non-activating,96,103,102,0
O77.42,Male,1,1,Yes,none,activating,103,99,100,0
P73.69,Female,0,1,Yes,none,activating,101,102,106,0
Q74.9,Female,0,0,No,none,activating,101,92,93,0
R88.27,Female,0,0,No,none,Non-activating,101,97,98,0
E58.39,Female,0,0,No,actionable,activating,102,97,101,0
A102.05,Female,0,0,Yes,none,Non-activating,97,95,94,0
B112.47,Male,0,0,Yes,known,Non-activating,107,95,97,0
C72.84,Female,0,0,No,actionable,activating,101,99,99,0
D195.03,Female,0,0,Yes,none,Non-activating,104,105,106,0
E170.95,Male,0,0,No,none,Non-activating,108,99,103,0
A87.98,Female,0,0,No,actionable,Non-activating,101,93,98,0
B65.81,Female,0,0,Yes,none,Non-activating,108,103,106,0
C124.6,Male,0,0,No,actionable,Non-activating,102,93,104,0
D83.65,Male,0,0,Yes,known,activating,93,103,104,0
E88.81,Male,0,0,Yes,none,activating,94,102,103,0
A86.75,Female,0,0,Yes,none,activating,101,98,107,0
B123.36,Female,0,0,No,actionable,Non-activating,102,100,107,0
A89.68,Female,0,0,Yes,none,Non-activating,107,93,108,0
B69.87,Male,0,0,No,none,Non-activating,104,105,106,0
C109.22,Male,0,0,Yes,none,activating,99,98,101,0
D157.57,Male,1,1,No,none,Non-activating,104,100,100,0
E110.73,Male,0,0,Yes,none,activating,102,100,95,0
A99.14,Male,0,1,Yes,none,Non-activating,102,97,107,0
B59.15,Male,0,0,Yes,none,Non-activating,101,99,103,0
C165.11,Female,0,0,Yes,known,Non-activating,94,101,99,0
D77.44,Male,0,0,No,actionable,activating,98,93,96,0
E100.33,Male,0,0,No,actionable,Non-activating,92,99,103,0
A57.93,Male,0,0,Yes,none,Non-activating,102,98,107,0
G148.24,Female,0,0,No,none,activating,96,102,98,0
H91.96,Male,0,0,No,actionable,Non-activating,105,96,94,0
I72.93,Male,1,0,Yes,none,Non-activating,100,98,100,0
J84.27,Male,0,0,Yes,none,activating,98,102,94,0
K124.45,Female,0,1,Yes,none,Non-activating,101,98,101,0
L90.51,Female,0,0,Yes,none,activating,100,101,98,0
M118.87,Male,0,0,Yes,known,Non-activating,99,96,95,0
N56.42,Female,0,0,No,none,activating,104,104,93,0
O73.67,Female,0,0,No,actionable,Non-activating,100,97,101,0
P89.11,Female,0,0,Yes,none,Non-activating,101,103,103,0
Q74.04,Female,0,0,Yes,none,Non-activating,103,103,101,0
R145.23,Male,0,0,No,actionable,activating,95,101,104,0
E100.8,Male,0,0,Yes,none,activating,95,104,98,0
A85.22,Male,0,0,Yes,none,Non-activating,105,103,104,0
B72.49,Female,0,0,No,actionable,activating,96,100,101,0
C82.61,Female,1,0,Yes,none,activating,102,96,96,0
D72.07,Female,0,0,Yes,known,activating,98,94,101,0
E79.85,Male,0,0,No,none,activating,108,93,101,0
A84.86,Female,0,0,Yes,none,activating,97,102,104,0
B131.89,Male,0,0,Yes,none,Non-activating,105,102,97,0
C89.17,Female,0,0,Yes,none,Non-activating,95,97,107,0
D227.91,Female,0,0,Yes,none,activating,98,101,98,0
E131.77,Female,0,0,No,none,activating,98,104,96,0
A102.01,Female,0,0,Yes,known,activating,108,104,94,0
B128.63,Male,0,0,No,none,Non-activating,97,106,103,0
A144.1,Female,0,0,Yes,known,activating,108,98,98,0
B143.15,Male,0,0,Yes,none,activating,105,99,98,0
C116.67,Female,0,0,Yes,none,activating,100,99,92,0
D85.6,Female,0,0,Yes,none,Non-activating,97,102,92,0
E142.12,Female,0,0,Yes,none,Non-activating,92,106,106,0
A100.81,Female,0,0,Yes,none,activating,105,93,101,0
B69.17,Male,0,0,Yes,none,Non-activating,93,106,99,0
C58.38,Male,0,0,Yes,none,Non-activating,100,99,103,0
D86.34,Male,1,0,Yes,none,activating,96,100,104,0
E95.44,Female,0,0,No,actionable,activating,97,95,101,0
A94.78,Male,0,0,No,none,activating,93,101,92,0
G109.59,Male,0,0,Yes,none,activating,105,100,94,0
H79.26,Male,0,0,Yes,none,activating,100,102,102,0
I78.46,Female,0,0,Yes,none,activating,106,98,106,0
J85.29,Male,0,0,No,none,Non-activating,100,99,93,0
K156.18,Female,0,0,Yes,none,activating,93,103,94,0
L69.52,Male,0,0,No,none,Non-activating,91,93,96,0
M65.32,Male,0,0,Yes,none,Non-activating,106,103,101,0
N108.47,Female,0,0,Yes,known,Non-activating,95,102,100,0
O105.63,Female,0,0,No,none,activating,101,99,99,0
P77.93,Male,0,0,Yes,none,activating,98,98,95,0
Q95.2,Female,0,0,Yes,known,activating,99,98,90,0
R78.52,Female,0,0,No,none,Non-activating,96,105,107,0
E114.89,Male,0,0,Yes,none,activating,102,103,98,0
A95.43,Female,0,0,No,actionable,Non-activating,99,92,103,0
B84.08,Male,0,1,Yes,none,activating,99,101,98,0
C110.55,Female,0,0,No,none,activating,93,95,103,0
D82.21,Male,0,0,Yes,none,activating,93,101,97,0
E82.38,Male,0,0,No,none,Non-activating,102,94,99,0
A93.89,Female,0,0,Yes,none,Non-activating,102,95,100,0
B75.08,Female,0,0,Yes,none,activating,102,100,98,0
C76.72,Female,0,0,No,none,activating,100,101,98,0
D84.93,Male,0,0,Yes,none,Non-activating,103,96,97,0
E76.5,Male,0,0,No,actionable,activating,106,93,91,0
A65.47,Female,0,0,Yes,none,activating,103,101,95,0
B99.16,Male,1,0,Yes,none,activating,106,104,101,0
A63.53,Male,0,0,Yes,none,Non-activating,98,103,105,0
B78.65,Female,0,0,No,none,Non-activating,93,94,104,0
C63.78,Female,0,0,Yes,none,Non-activating,94,97,102,0
D77.52,Female,1,1,Yes,none,Non-activating,100,96,105,0
E111.64,Female,0,0,No,none,Non-activating,102,98,102,0
A97.84,Male,0,0,Yes,none,activating,101,96,92,0
B113.01,Male,0,0,Yes,known,activating,98,98,92,0
C56.48,Female,0,0,No,none,Non-activating,97,92,98,0
D204.5,Male,1,1,Yes,none,Non-activating,102,101,105,0
E96.02,Female,0,0,Yes,none,Non-activating,106,98,102,0
A206.25,Male,0,0,No,actionable,Non-activating,107,97,98,0
G115.52,Female,0,0,Yes,none,Non-activating,94,99,97,0
H60.69,Female,0,0,Yes,none,Non-activating,102,102,97,0
I93.67,Female,0,0,Yes,known,Non-activating,98,91,104,0
J67.79,Female,0,0,Yes,none,activating,94,99,95,0
K56.07,Male,0,0,No,actionable,activating,90,102,97,0
L254.63,Male,1,0,Yes,none,activating,96,105,103,0
M96.63,Male,0,0,No,none,Non-activating,98,107,91,0
N84.3,Female,1,0,Yes,none,activating,93,95,100,0
O246.34,Male,0,0,No,none,activating,101,98,104,0
P195.16,Female,0,0,Yes,known,Non-activating,102,97,101,0
Q93.34,Female,0,0,Yes,none,activating,107,93,95,0
R162.3,Female,0,0,Yes,none,activating,98,92,103,0
E106.4,Female,0,0,Yes,known,Non-activating,103,97,94,0
A110.25,Female,0,0,Yes,none,Non-activating,96,106,100,0
B69.7,Female,0,0,Yes,none,Non-activating,97,104,96,0
C87.03,Female,0,0,Yes,none,activating,101,96,108,0
D112.98,Female,0,0,No,none,Non-activating,102,93,105,0
E82.47,Female,0,0,No,none,Non-activating,100,99,103,0
A75.88,Female,0,0,No,none,Non-activating,102,100,95,0
B84.63,Female,0,0,No,none,Non-activating,100,97,108,0
C109.56,Male,0,0,No,none,activating,97,104,95,0
D89.45,Female,0,0,Yes,none,activating,97,95,96,0
E91.65,Male,0,0,Yes,none,activating,99,104,101,0
A121.14,Female,0,0,No,actionable,Non-activating,99,99,97,0
B87.77,Female,0,0,No,none,Non-activating,102,95,102,0
A106.56,Male,0,0,No,none,Non-activating,101,102,104,0
B93.88,Male,0,0,Yes,none,Non-activating,99,104,106,0
C153.76,Male,0,0,Yes,none,activating,93,98,99,0
D88.65,Female,0,0,Yes,none,Non-activating,103,98,94,0
E111.22,Male,0,0,Yes,none,activating,100,93,100,0
A223.68,Female,0,0,Yes,none,activating,105,93,102,0
B55.86,Male,0,0,No,actionable,activating,91,98,98,0
C63.73,Female,0,0,No,none,Non-activating,102,98,97,0
D103.94,Female,0,0,Yes,none,activating,93,96,95,0
E92.49,Male,0,0,Yes,known,Non-activating,97,99,92,0
A229.2,Male,0,0,Yes,known,activating,100,104,104,0
G75.06,Female,1,0,Yes,none,Non-activating,99,101,94,0
H85.57,Female,0,0,No,none,activating,100,96,91,0
I68.61,Male,0,0,Yes,known,activating,97,100,98,0
J56.3,Female,0,0,No,none,activating,99,92,100,0
K193.22,Female,0,0,Yes,none,Non-activating,94,98,107,0
L65.98,Female,0,0,No,none,Non-activating,92,103,93,0
M204.57,Male,0,0,Yes,none,Non-activating,94,108,98,0
N64.99,Female,0,0,Yes,none,Non-activating,95,99,94,0
O66.12,Female,1,0,Yes,none,Non-activating,104,91,93,0
P73.4,Male,0,0,No,actionable,activating,101,101,96,0
Q82.83,Female,1,0,Yes,known,activating,105,91,93,0
R93.55,Female,0,0,Yes,none,activating,101,99,102,0
E90.4,Female,0,0,Yes,none,Non-activating,100,99,98,0
A98.1,Male,0,0,Yes,none,activating,99,106,98,0
B142.02,Female,0,0,Yes,none,activating,96,98,96,0
C251.46,Female,0,0,Yes,none,activating,101,98,100,0
D89.96,Male,0,0,No,none,Non-activating,101,93,102,0
E71.73,Male,0,0,No,actionable,activating,104,103,97,0
A82.44,Male,0,0,No,actionable,activating,95,98,99,0
B80.85,Female,1,0,No,none,Non-activating,102,102,105,0
C220.52,Female,0,0,Yes,none,activating,97,98,99,0
D86.73,Female,0,0,Yes,none,Non-activating,103,93,97,0
E76.93,Male,0,0,Yes,known,activating,100,106,99,0
A113.1,Female,0,0,Yes,none,Non-activating,93,101,106,0
B96.84,Male,0,0,Yes,none,activating,91,100,101,0
A100.91,Female,0,0,Yes,none,Non-activating,98,103,94,0
B116.5,Male,0,0,No,actionable,Non-activating,96,97,101,0
C57.26,Female,0,0,Yes,none,Non-activating,100,103,97,0
D129.31,Male,0,0,No,actionable,Non-activating,100,96,103,0
E56.47,Female,0,0,Yes,none,activating,102,99,96,0
A86.06,Male,0,0,Yes,known,activating,96,102,100,0
B86.97,Male,0,0,No,actionable,activating,97,97,96,0
C78.78,Female,0,0,Yes,none,activating,98,98,97,0
D195.04,Female,0,0,Yes,none,Non-activating,99,101,98,0
E103.25,Female,0,0,Yes,none,Non-activating,91,101,92,0
A134.59,Male,0,0,Yes,none,Non-activating,98,103,105,0
G93.74,Female,0,0,Yes,none,Non-activating,98,96,92,0
H90.66,Male,0,0,No,actionable,Non-activating,95,103,105,0
I91.68,Female,0,0,No,none,Non-activating,103,95,99,0
J75.79,Female,0,0,No,actionable,activating,95,94,104,0
K91.68,Male,0,0,Yes,none,activating,102,105,94,0
L106.68,Male,0,0,Yes,none,Non-activating,106,98,99,0
M82.31,Male,0,0,Yes,none,activating,99,105,96,0
E90.06,Female,0,0,Yes,known,activating,102,101,100,0
A65.47,Female,0,0,Yes,none,Non-activating,97,101,105,0
B58.03,Female,1,0,No,none,activating,96,99,102,0
C83.09,Male,0,0,Yes,none,Non-activating,99,101,107,0
D88.6,Male,0,0,Yes,known,Non-activating,105,103,106,0
E63.18,Female,0,0,No,none,activating,96,104,103,0
A78.42,Male,0,0,No,actionable,Non-activating,102,106,95,0
B65.08,Female,0,0,Yes,none,activating,96,97,96,0
C79.47,Female,0,0,Yes,none,activating,104,94,103,0
D95.52,Female,0,0,Yes,none,Non-activating,105,97,96,0
E73,Female,0,0,No,actionable,Non-activating,103,97,99,0
A138.07,Female,0,0,Yes,known,activating,98,98,102,0
B86.99,Female,1,0,Yes,none,activating,97,105,101,0
A112.07,Male,0,0,Yes,none,Non-activating,99,94,100,0
B105.76,Female,0,0,Yes,none,activating,106,101,103,0
C55.67,Female,0,0,Yes,none,activating,99,105,101,0
D90.55,Female,0,0,Yes,none,Non-activating,94,101,92,0
E218.65,Male,1,0,Yes,none,activating,101,99,102,0
A111.21,Female,0,0,No,none,activating,95,103,104,0
B83.56,Female,0,0,Yes,none,activating,97,104,100,0
C116.76,Male,0,0,Yes,none,Non-activating,103,91,100,0
D83.5,Female,0,0,Yes,none,Non-activating,104,103,96,0
E69.3,Female,0,0,No,known,Non-activating,102,97,100,0
A67.55,Female,0,0,No,none,Non-activating,96,104,94,0
G80.28,Female,0,0,Yes,none,Non-activating,103,106,107,0
H211.49,Female,0,0,No,actionable,Non-activating,99,93,103,0
I67.96,Female,0,0,Yes,known,activating,100,98,105,0
J99.29,Female,0,0,No,known,Non-activating,103,99,94,0
K140.52,Male,0,0,No,none,activating,101,98,107,0
L75.62,Female,0,0,Yes,none,Non-activating,104,100,102,0
M120.06,Female,0,0,Yes,none,Non-activating,106,104,105,0
N117.45,Female,0,0,Yes,none,Non-activating,105,107,105,0
O224.71,Female,0,0,No,none,activating,100,103,99,0
P122.75,Female,0,0,No,actionable,Non-activating,105,94,103,0
Q82.39,Male,1,0,Yes,none,Non-activating,101,103,101,0
R57.02,Female,0,0,Yes,none,activating,98,93,109,0
E115.98,Female,0,0,No,actionable,activating,102,102,100,0
A226.11,Male,0,0,Yes,known,activating,103,97,93,0
B97.59,Male,0,0,Yes,known,activating,108,97,99,0
C82.57,Male,1,0,Yes,none,Non-activating,101,105,103,0
D79.34,Male,1,1,Yes,none,Non-activating,97,96,101,0
E125.68,Female,0,0,No,none,activating,104,105,95,0
A102.06,Male,0,0,Yes,none,activating,99,100,102,0
B65.59,Female,0,0,No,none,Non-activating,99,99,101,0
C120.85,Female,0,1,No,none,Non-activating,100,95,103,0
D101.65,Female,0,0,No,actionable,activating,93,94,103,0
E210.94,Female,0,0,No,none,Non-activating,97,100,101,0
A77.92,Female,0,0,Yes,none,activating,98,99,99,0
B230.68,Female,0,0,No,none,Non-activating,96,98,95,0
A62.68,Female,0,1,Yes,none,activating,99,103,103,0
B55.22,Male,1,0,Yes,none,Non-activating,98,105,100,0
C78.94,Female,0,0,Yes,none,activating,99,99,96,0
D109.69,Male,0,0,Yes,none,activating,94,104,93,0
E79.63,Male,0,0,No,none,Non-activating,98,99,107,0
A79.33,Male,0,0,No,none,activating,102,101,100,0
B79.91,Female,0,0,No,none,activating,96,95,102,0
C84.46,Female,0,0,Yes,none,Non-activating,95,91,96,0
D68.4,Female,0,0,No,actionable,activating,100,98,102,0
E78.43,Female,0,0,Yes,none,activating,101,104,104,0
A198.02,Female,0,0,Yes,none,Non-activating,104,101,98,0
G85.35,Male,0,0,Yes,none,Non-activating,102,102,101,0
H204.17,Male,0,0,Yes,none,activating,102,98,98,0
I82.71,Female,0,0,Yes,none,Non-activating,96,103,98,0
J121.19,Female,0,0,No,none,Non-activating,98,104,104,0
K106.02,Male,1,0,Yes,none,Non-activating,106,96,105,0
L66.36,Female,0,0,Yes,none,Non-activating,101,99,99,0
M267.76,Female,0,0,Yes,none,activating,104,97,106,0
N107.18,Male,0,0,Yes,none,activating,92,102,95,0
O74.58,Female,0,0,No,none,Non-activating,93,93,97,0
P80.92,Male,0,0,No,actionable,Non-activating,101,99,101,0
Q90.77,Female,0,0,No,known,activating,102,101,92,0
R90.84,Female,0,0,No,none,Non-activating,96,106,100,0
E59.2,Male,0,0,No,none,activating,104,100,101,0
A217.71,Male,0,0,No,actionable,Non-activating,98,105,96,0
B133.76,Male,0,0,No,actionable,Non-activating,103,102,108,0
C61.36,Male,0,0,Yes,none,activating,97,98,98,0
D118.62,Female,1,0,Yes,none,activating,99,102,100,0
E77.91,Male,0,0,Yes,none,activating,97,98,101,0
A68.98,Male,0,0,Yes,none,activating,105,100,100,0
B112.08,Female,0,0,No,none,Non-activating,100,97,104,0
C96.2,Male,0,0,Yes,none,Non-activating,102,98,92,0
D93.11,Female,0,0,Yes,none,activating,101,107,107,0
E115.54,Male,0,0,No,actionable,Non-activating,103,96,97,0
A88.57,Male,0,0,No,none,Non-activating,106,101,100,0
B180.76,Female,0,0,Yes,known,Non-activating,102,103,106,0
A83.12,Male,0,0,Yes,known,Non-activating,101,101,104,0
B94.89,Male,0,0,Yes,none,Non-activating,99,95,97,0
C239.52,Male,0,0,Yes,known,Non-activating,95,91,95,0
D99.15,Female,0,0,Yes,known,Non-activating,99,101,103,0
E124.16,Female,0,0,No,none,Non-activating,96,109,103,0
A86.38,Female,0,0,No,none,Non-activating,101,101,100,0
B93.68,Female,1,0,Yes,known,Non-activating,98,103,101,0
C229.86,Female,0,0,Yes,none,Non-activating,99,105,95,0
D78.73,Male,0,0,No,none,Non-activating,101,105,103,0
E115.92,Female,0,0,No,actionable,Non-activating,101,99,97,0
A93.71,Female,0,0,No,actionable,activating,107,101,93,0
G76.66,Female,1,0,Yes,none,activating,97,104,99,0
H112.38,Male,0,0,No,actionable,activating,101,106,98,0
I89.3,Male,0,0,Yes,none,activating,100,106,101,0
J103.44,Female,0,0,No,none,activating,97,94,107,0
K79.69,Male,0,0,No,none,Non-activating,99,99,100,0
L61.61,Female,1,0,Yes,none,Non-activating,98,101,99,0
M94.12,Male,0,0,No,actionable,Non-activating,105,97,101,0
N62.4,Male,0,0,No,actionable,Non-activating,98,101,100,0
O210.96,Male,0,0,No,actionable,activating,104,107,99,0
P76.25,Female,0,0,Yes,none,Non-activating,103,106,106,0
Q103.48,Male,0,0,No,known,Non-activating,93,103,97,0
R96.42,Male,0,0,Yes,none,Non-activating,102,97,100,0
E78.59,Female,0,0,Yes,none,Non-activating,103,100,100,0
A195.25,Female,0,0,No,none,activating,97,102,99,0
B103.76,Male,0,0,Yes,none,Non-activating,90,96,95,0
C68.52,Male,0,0,Yes,none,activating,98,98,101,0
D92.17,Female,0,0,No,none,Non-activating,99,97,103,0
E81.02,Male,0,0,Yes,none,Non-activating,104,100,107,0
A94.33,Male,0,0,Yes,none,activating,97,102,100,0
B78.43,Female,0,0,Yes,none,activating,105,101,96,0
C217.39,Female,0,0,No,none,Non-activating,102,103,95,0
D82.77,Male,0,0,Yes,known,activating,94,91,94,0
E88.13,Male,0,0,No,none,activating,101,102,101,0
A102.77,Male,0,0,No,none,activating,97,93,97,0
B101.75,Female,0,0,Yes,none,activating,99,104,102,0
A113.34,Female,0,0,No,actionable,Non-activating,94,105,90,0
B63.33,Male,0,0,No,none,activating,97,99,105,0
C69.34,Male,0,0,No,none,activating,103,102,101,0
D118.81,Female,0,0,Yes,none,activating,91,107,102,0
E66.13,Male,0,0,Yes,none,Non-activating,100,102,103,0
A67.53,Female,0,0,Yes,none,Non-activating,103,106,95,0
B96.58,Female,0,0,Yes,known,activating,97,100,96,0
C57.89,Male,0,0,No,actionable,activating,104,106,92,0
D78.38,Male,0,0,No,actionable,activating,98,102,97,0
E94.15,Female,0,0,No,none,activating,93,104,99,0
A89.53,Female,0,0,Yes,none,Non-activating,102,93,102,0
G127.75,Male,0,0,No,actionable,activating,96,97,99,0
H76.79,Female,0,1,Yes,none,Non-activating,94,104,98,0
I141.15,Male,1,1,Yes,none,activating,100,95,101,0
J88.63,Male,0,0,Yes,none,Non-activating,109,95,100,0
K201.25,Male,0,0,Yes,known,Non-activating,98,100,104,0
L130.15,Male,0,1,Yes,none,activating,98,109,98,0
M108.03,Male,0,0,No,actionable,Non-activating,101,99,107,0
N104.07,Male,0,0,Yes,none,Non-activating,92,95,98,0
O88.83,Female,0,0,Yes,none,Non-activating,106,97,106,0
P197.79,Female,0,0,Yes,none,Non-activating,98,105,97,0
Q150.45,Female,0,0,Yes,known,activating,92,96,98,0
R100.39,Male,0,0,No,actionable,Non-activating,101,99,97,0
E79.92,Male,1,0,Yes,none,Non-activating,101,94,99,0
A96.79,Male,1,0,Yes,none,activating,93,96,103,0
B86.84,Male,0,0,Yes,none,Non-activating,91,95,107,0
C61.27,Male,0,0,Yes,none,Non-activating,93,108,94,0
D72.61,Female,0,0,No,none,Non-activating,106,101,104,0
E82.41,Female,0,0,No,actionable,activating,98,96,104,0
A74.72,Female,0,0,Yes,none,Non-activating,102,97,93,0
B57.37,Female,0,0,Yes,none,activating,101,102,103,0
C73.72,Male,0,0,No,actionable,Non-activating,107,102,96,0
D88.34,Female,0,0,Yes,none,Non-activating,104,98,102,0
E101.34,Female,0,0,Yes,none,activating,101,94,100,0
A119.01,Female,0,0,No,none,Non-activating,98,103,101,0
B71.98,Male,0,0,Yes,known,Non-activating,97,97,106,0
A84.91,Female,1,0,Yes,none,Non-activating,102,100,96,0
B91.63,Female,0,0,No,none,Non-activating,96,103,103,0
C214.77,Male,0,0,Yes,known,activating,95,90,98,0
D145.71,Male,0,1,Yes,known,Non-activating,101,95,102,0
E167.31,Female,0,0,No,none,activating,104,92,99,0
A63.65,Female,0,0,Yes,none,activating,90,96,98,0
B79.63,Male,0,0,No,actionable,Non-activating,100,102,95,0
C87.49,Male,0,0,Yes,none,Non-activating,98,101,94,0
D98.74,Female,0,0,Yes,none,Non-activating,102,98,105,0
E92.82,Female,1,0,Yes,none,Non-activating,97,94,101,0
A72.2,Male,0,0,No,none,activating,96,106,104,0
G181.23,Female,0,0,No,actionable,Non-activating,104,106,105,0
H63.37,Male,0,1,No,none,activating,108,95,107,0
I74.82,Male,0,1,Yes,none,Non-activating,107,97,99,0
J97.6,Female,0,1,Yes,none,Non-activating,99,100,92,0
K93.04,Male,0,0,No,none,Non-activating,100,105,95,0
L97.12,Female,1,0,Yes,none,activating,102,103,102,0
M82.81,Male,0,0,Yes,none,activating,98,92,92,0
N134.45,Female,0,0,Yes,known,activating,100,95,101,0
O98.67,Female,1,0,Yes,none,activating,102,104,98,0
P85.82,Female,0,0,No,none,activating,99,99,104,0
Q189.45,Female,0,0,Yes,none,activating,103,102,95,0
R144.16,Female,0,0,Yes,none,activating,103,102,107,0
E82.56,Male,0,0,No,none,activating,102,101,96,0
A206.4,Female,0,0,Yes,none,Non-activating,99,98,97,0
B67.97,Female,0,0,Yes,none,activating,101,101,98,0
C84.86,Male,0,0,Yes,none,Non-activating,102,102,101,0
D71.7,Female,0,1,Yes,none,Non-activating,93,91,99,0
E72.02,Female,0,0,Yes,none,Non-activating,97,100,104,0
A61.81,Female,0,0,Yes,none,Non-activating,96,99,103,0
B103.09,Female,0,0,No,none,Non-activating,91,103,98,0
C73.75,Male,0,0,Yes,none,Non-activating,106,96,103,0
D156.7,Female,0,0,No,none,Non-activating,102,99,100,0
E70.87,Male,0,1,Yes,none,activating,104,98,101,0
A138.47,Female,0,0,Yes,none,Non-activating,101,91,97,0
B64.66,Female,0,0,Yes,none,Non-activating,104,106,104,0
A91.88,Female,0,0,Yes,none,Non-activating,100,105,106,0
B74.79,Male,1,0,Yes,none,Non-activating,102,100,107,0
C78.18,Male,0,0,Yes,none,Non-activating,97,96,102,0
D77.82,Female,0,0,Yes,none,activating,98,101,98,0
E112.23,Male,0,0,Yes,none,activating,94,107,101,0
A178.76,Male,0,0,Yes,none,activating,98,103,98,0
B121.43,Female,0,0,No,none,Non-activating,107,101,97,0
C94.22,Female,0,0,No,none,activating,98,105,104,0
D67.27,Female,1,0,Yes,none,activating,95,106,98,0
E197.58,Female,0,0,Yes,known,Non-activating,98,99,102,0
A86.37,Male,0,0,Yes,none,Non-activating,99,94,102,0
G112.09,Female,0,0,Yes,none,Non-activating,96,99,103,0
H199.96,Female,0,0,No,none,activating,102,99,91,0
I85.33,Female,0,0,Yes,none,Non-activating,99,101,95,0
J86.33,Female,0,0,Yes,known,Non-activating,95,102,97,0
K80.47,Male,0,0,Yes,none,activating,100,97,103,0
L62.46,Male,0,0,No,actionable,activating,99,99,96,0
M78.85,Male,0,0,No,actionable,activating,94,101,99,0
N72.09,Female,0,0,Yes,none,Non-activating,94,98,94,0
O103.81,Female,0,0,Yes,none,activating,96,105,96,0
P78.04,Female,0,0,Yes,none,Non-activating,106,100,94,0
Q94.67,Female,0,0,Yes,none,Non-activating,104,92,97,0
R62.25,Female,0,0,No,actionable,Non-activating,104,94,101,0
E155.17,Male,0,1,Yes,none,Non-activating,104,97,94,0
A83.28,Male,0,0,No,actionable,activating,102,102,100,0
B132.41,Male,0,0,Yes,none,Non-activating,108,99,100,0
C62.78,Male,0,0,Yes,none,activating,94,96,94,0
D89.96,Male,0,0,Yes,none,Non-activating,103,97,102,0
E103.25,Female,0,0,No,actionable,activating,96,101,105,0
A126.99,Male,0,0,No,actionable,activating,92,98,107,0
B102.27,Male,0,0,Yes,none,Non-activating,109,101,92,0
C113.63,Female,0,0,Yes,none,Non-activating,94,98,95,0
D86.09,Male,0,0,Yes,known,activating,100,100,100,0
E108.08,Male,0,0,No,none,activating,103,108,99,0
A108.34,Female,0,0,No,known,Non-activating,93,103,104,0
B56.07,Female,0,0,No,none,Non-activating,93,104,101,0
A82.91,Female,0,0,Yes,none,activating,100,98,101,0
B94.75,Male,0,0,Yes,none,Non-activating,106,97,99,0
C101.79,Female,0,0,No,actionable,activating,100,100,106,0
D88.41,Female,0,0,Yes,none,activating,99,102,92,0
E101.05,Female,0,0,Yes,none,activating,106,98,105,0
A85.07,Female,0,0,Yes,none,activating,97,100,100,0
B108.1,Male,1,1,Yes,none,Non-activating,103,102,98,0
C93.17,Female,0,0,Yes,none,activating,94,104,101,0
D158.89,Male,0,0,No,actionable,Non-activating,90,99,98,0
E205.77,Female,0,0,Yes,none,Non-activating,90,98,95,0
A112.34,Female,0,0,Yes,none,Non-activating,98,100,107,0
G119.03,Male,0,0,No,actionable,Non-activating,101,101,98,0
H237.21,Male,0,0,No,actionable,activating,94,106,94,0
I89.68,Male,0,0,Yes,none,activating,92,97,100,0
J246.53,Female,0,0,No,actionable,Non-activating,100,101,100,0
K89.05,Female,0,0,Yes,none,activating,93,105,91,0
L81.74,Female,0,0,No,none,activating,97,102,99,0
M98.12,Female,0,0,Yes,none,activating,100,97,100,0
N105.59,Female,0,0,No,actionable,activating,99,101,97,0
O86,Female,0,0,Yes,none,Non-activating,100,93,101,0
P65.51,Male,0,0,Yes,known,Non-activating,104,97,102,0
Q61.78,Male,0,0,Yes,known,Non-activating,101,107,92,0
R109.56,Female,0,0,Yes,none,Non-activating,101,100,100,0
E65.82,Male,0,0,Yes,none,activating,98,97,101,0
A90.16,Male,0,0,Yes,none,Non-activating,98,98,96,0
B64.45,Female,0,0,Yes,none,activating,100,99,99,0
C91.85,Male,0,0,No,none,activating,103,93,102,0
D97.89,Female,0,0,No,actionable,activating,101,95,101,0
E206.33,Male,0,0,No,actionable,Non-activating,102,96,104,0
A74.29,Female,0,0,Yes,none,Non-activating,106,104,97,0
B107.4,Male,0,0,No,actionable,activating,108,105,101,0
C87.72,Male,1,0,Yes,none,Non-activating,98,98,91,0
D85.99,Female,0,0,Yes,none,activating,101,102,105,0
E100.84,Male,0,0,Yes,none,activating,108,108,100,0
A124.61,Male,1,0,Yes,none,Non-activating,94,102,96,0
B86.55,Male,0,1,Yes,none,Non-activating,98,92,97,0
A90.42,Male,0,1,Yes,none,activating,108,100,103,0
B100.85,Male,0,0,Yes,none,activating,94,102,95,0
C87.74,Female,0,0,Yes,none,Non-activating,95,99,95,0
D80.15,Female,0,0,Yes,none,activating,97,101,102,0
E107.29,Male,0,0,Yes,none,Non-activating,102,91,104,0
A206.98,Male,0,0,Yes,none,activating,98,93,101,0
B227.28,Female,0,0,Yes,none,activating,102,104,100,0
C80.43,Male,0,0,No,actionable,activating,105,97,103,0
D228.7,Female,0,0,No,actionable,activating,99,100,105,0
E120.07,Male,1,0,Yes,none,activating,109,99,99,0
A93.47,Female,0,0,No,actionable,Non-activating,94,104,99,0
G80.77,Female,0,0,No,none,activating,101,98,98,0
H150.27,Female,0,0,No,actionable,Non-activating,101,101,102,0
I81.94,Male,0,0,Yes,none,Non-activating,103,100,96,0
J70.75,Female,0,0,Yes,none,Non-activating,99,95,100,0
K83.83,Male,0,0,No,none,Non-activating,96,98,99,0
L73.66,Male,0,0,No,actionable,activating,98,109,100,0
M102.37,Female,0,0,Yes,known,Non-activating,96,99,92,0
E77.83,Male,0,0,No,actionable,activating,100,97,97,0
A70.01,Male,0,0,Yes,none,activating,95,102,99,0
B119.88,Female,0,0,Yes,none,activating,99,95,95,0
C78.29,Female,0,1,Yes,none,activating,98,97,90,0
D169.97,Male,0,0,Yes,known,Non-activating,98,102,98,0
E123.79,Male,0,0,Yes,none,activating,97,100,103,0
A80.98,Male,0,0,Yes,none,Non-activating,100,94,100,0
B84.21,Male,0,0,Yes,none,activating,98,102,96,0
C101.31,Male,0,0,Yes,none,activating,94,99,103,0
D86.26,Female,0,0,Yes,none,Non-activating,93,101,99,0
E92.86,Female,0,0,No,actionable,Non-activating,94,105,109,0
A140.28,Male,0,0,Yes,none,activating,94,94,91,0
B244.28,Female,0,0,No,none,Non-activating,99,100,104,0
A124.16,Male,0,0,No,actionable,Non-activating,97,103,93,0
B93.55,Female,0,0,Yes,known,activating,94,99,104,0
C99.34,Female,0,0,Yes,none,Non-activating,105,92,98,0
D59.87,Female,0,0,Yes,none,Non-activating,98,107,106,0
E72.76,Female,0,0,No,none,Non-activating,105,105,101,0
A68.34,Female,0,0,No,actionable,Non-activating,103,96,107,0
B61.1,Female,0,0,Yes,none,Non-activating,96,95,107,0
C120.77,Female,0,0,Yes,none,Non-activating,92,97,98,0
D60.39,Female,0,0,Yes,known,activating,105,103,93,0
E126.34,Male,0,0,Yes,none,Non-activating,93,100,99,0
A93.24,Male,0,0,No,actionable,activating,97,96,94,0
G154.75,Male,0,0,Yes,none,activating,105,101,95,0
H62.81,Male,0,0,No,none,Non-activating,101,94,100,0
I65.96,Female,1,0,Yes,none,Non-activating,96,99,95,0
J79.53,Female,0,0,Yes,known,Non-activating,107,107,105,0
K96.85,Male,0,0,Yes,none,activating,104,103,104,0
L251.99,Female,0,0,No,none,Non-activating,92,100,103,0
M115.13,Male,0,0,No,unknown,Non-activating,101,95,95,0
N102.3,Female,0,0,No,none,activating,104,101,104,0
O78.99,Male,0,0,No,actionable,activating,107,94,98,0
P191.79,Female,0,0,No,none,Non-activating,103,109,95,0
Q68.8,Male,1,0,Yes,none,Non-activating,103,96,99,0
R83.84,Male,0,0,No,actionable,activating,104,98,98,0
E94.66,Male,0,0,Yes,none,Non-activating,98,104,97,0
A107.98,Female,0,0,No,none,Non-activating,97,100,105,0
B61.01,Male,0,0,No,none,activating,99,106,104,0
C135.64,Male,0,0,No,actionable,activating,107,104,100,0
D92.65,Male,1,0,Yes,known,activating,100,107,98,0
E121.11,Male,1,0,Yes,known,activating,108,93,95,0
A163.56,Female,0,0,Yes,none,activating,95,102,106,0
B107.69,Male,0,0,Yes,none,Non-activating,94,102,103,0
C216.88,Female,0,0,Yes,none,activating,106,103,100,0
D70.15,Female,0,0,No,known,Non-activating,93,99,96,0
E83.02,Male,0,0,Yes,none,Non-activating,96,99,100,0
A87.94,Female,0,0,Yes,none,Non-activating,102,104,99,0
B222.29,Female,0,0,Yes,none,activating,101,92,102,0
A139.43,Female,0,0,Yes,known,Non-activating,97,101,107,0
B213.11,Male,0,0,Yes,known,activating,97,96,102,0
C77.23,Male,0,0,No,actionable,Non-activating,103,100,95,0
D58.48,Female,0,0,No,actionable,Non-activating,99,107,103,0
E87.33,Female,1,0,Yes,none,activating,97,101,97,0
A102.34,Male,0,0,No,actionable,activating,107,105,105,0
B151.3,Female,1,1,Yes,none,activating,100,105,100,0
C144.23,Female,0,0,No,actionable,activating,108,99,98,0
D110.6,Female,0,0,Yes,none,Non-activating,92,101,95,0
E80.28,Female,1,0,Yes,known,Non-activating,100,95,100,0
A111.02,Male,1,0,Yes,none,Non-activating,96,104,95,0
G114.88,Female,0,0,No,none,Non-activating,95,103,100,0
H227.51,Male,0,0,No,actionable,activating,96,100,105,0
I111.65,Male,0,0,No,none,Non-activating,102,103,96,0
J201.01,Female,0,0,Yes,none,Non-activating,101,101,107,0
K129.01,Female,0,0,Yes,known,activating,102,109,98,0
L124.08,Male,0,0,Yes,none,Non-activating,99,96,101,0
M107.91,Male,0,0,No,none,Non-activating,98,100,104,0
N95.4,Female,0,0,No,actionable,Non-activating,97,99,102,0
O65.9,Female,0,0,Yes,none,Non-activating,94,101,100,0
P78.98,Female,0,0,Yes,none,Non-activating,93,99,103,0
Q111.33,Female,0,0,No,none,Non-activating,97,102,98,0
R104.36,Female,1,1,Yes,none,activating,96,92,94,0
E123.87,Male,0,0,Yes,none,activating,96,103,101,0
A210,Male,0,0,Yes,none,Non-activating,101,105,104,0
B86.86,Male,0,1,Yes,none,Non-activating,99,100,106,0
C113.96,Female,0,0,Yes,known,Non-activating,101,105,99,0
D81.28,Male,0,0,Yes,none,Non-activating,99,94,100,0
E102.5,Female,0,0,Yes,none,activating,101,96,99,0
A78.05,Female,0,0,No,none,activating,102,94,99,0
B237.58,Female,0,1,Yes,none,Non-activating,102,103,100,0
C86.07,Female,0,0,No,actionable,Non-activating,100,91,95,0
D59.05,Male,0,0,No,none,Non-activating,101,96,106,0
E95.88,Female,0,0,Yes,known,Non-activating,100,101,96,0
A70.18,Female,0,0,Yes,known,Non-activating,101,93,98,0
B111.13,Male,1,0,Yes,none,activating,107,100,97,0
A79.3,Male,0,0,Yes,known,activating,93,97,98,0
B65.84,Female,0,0,No,none,Non-activating,94,102,101,0
C123.49,Female,0,0,No,none,Non-activating,98,109,94,0
D207.45,Male,0,0,Yes,none,Non-activating,101,102,96,0
E143.45,Male,0,0,Yes,none,activating,109,96,104,0
A89.11,Male,0,0,Yes,none,activating,107,96,107,0
B58.3,Female,0,0,No,none,activating,99,100,97,0
C78.68,Male,0,0,Yes,none,Non-activating,100,99,101,0
D98.91,Male,0,0,No,none,activating,102,106,103,0
E67.92,Female,0,1,Yes,known,activating,101,98,100,0
A73,Female,0,1,Yes,known,Non-activating,103,95,98,0
G97.5,Female,0,0,Yes,known,activating,106,97,96,0
H108.43,Female,0,0,Yes,none,activating,99,107,103,0
I90.43,Female,0,0,Yes,none,activating,104,99,99,0
J76.3,Female,1,0,Yes,none,Non-activating,96,96,97,0
K121.27,Female,0,0,Yes,none,Non-activating,92,94,97,0
L119.67,Female,0,0,Yes,none,activating,102,95,106,0
M226.93,Female,0,0,Yes,none,Non-activating,95,96,96,0
N76.11,Female,0,0,Yes,none,activating,97,101,104,0
O93.23,Female,0,0,No,actionable,Non-activating,99,92,99,0
P253.16,Female,0,0,Yes,none,activating,98,99,95,0
Q101.02,Female,0,0,Yes,none,Non-activating,101,96,93,0
R238.53,Male,0,0,Yes,none,activating,99,107,96,0
E79.18,Female,0,0,Yes,none,Non-activating,106,102,100,0
A207.79,Female,0,0,Yes,none,activating,92,102,97,0
B196.2,Male,0,0,Yes,none,activating,102,95,99,0
C231.76,Male,1,0,Yes,none,Non-activating,95,101,101,0
D93.3,Female,0,0,Yes,none,Non-activating,104,105,95,0
E110.47,Female,0,0,No,none,activating,97,103,100,0
A77.52,Male,1,0,Yes,none,Non-activating,104,104,97,0
B91.23,Male,0,1,Yes,none,Non-activating,99,102,102,0
C216.92,Male,0,0,No,actionable,Non-activating,103,107,91,0
D157.01,Male,0,0,Yes,none,activating,99,95,103,0
E93.51,Female,0,0,No,none,activating,95,100,104,0
A102.54,Male,0,0,Yes,none,activating,94,100,106,0
B87.78,Male,0,0,Yes,none,activating,97,104,97,0
A126.67,Male,0,0,Yes,known,Non-activating,101,93,103,0
B93.6,Female,1,0,No,none,activating,102,98,97,0
C194.98,Male,0,0,No,actionable,activating,100,100,100,0
D99.96,Male,0,0,No,none,Non-activating,101,94,100,0
E58.87,Female,0,0,Yes,none,activating,102,101,95,0
A77.67,Male,0,0,No,actionable,Non-activating,97,104,98,0
B83.14,Female,0,0,Yes,none,Non-activating,92,99,98,0
C69.18,Female,0,0,No,none,Non-activating,101,103,108,0
D218.54,Male,1,1,Yes,none,activating,96,104,102,0
E71.22,Female,1,0,Yes,none,activating,97,104,106,0
A82.41,Male,0,0,Yes,none,Non-activating,98,93,103,0
G82.07,Female,0,0,Yes,none,Non-activating,98,104,99,0
H73,Male,0,0,No,actionable,Non-activating,100,93,98,0
I127.25,Male,0,1,Yes,none,Non-activating,97,106,103,0
J72.63,Female,0,0,No,none,Non-activating,92,94,103,0
K108.2,Female,0,0,Yes,none,activating,95,107,104,0
L123.95,Female,0,0,Yes,none,activating,101,97,99,0
M58.71,Female,0,0,No,known,activating,93,94,97,0
N98.46,Female,0,0,Yes,none,Non-activating,99,102,99,0
O68.78,Male,0,0,No,actionable,activating,99,100,98,0
P133.63,Female,0,0,No,none,activating,102,103,93,0
Q101.43,Female,0,0,Yes,none,Non-activating,95,103,105,0
R65.3,Female,0,0,No,none,Non-activating,99,97,102,0
E72.49,Female,0,0,Yes,none,Non-activating,102,102,99,0
A65.49,Male,1,0,Yes,none,activating,99,105,95,0
B63.4,Male,0,0,Yes,none,Non-activating,101,99,99,0
C105.29,Male,0,0,No,none,Non-activating,100,100,102,0
D64.08,Male,0,0,Yes,none,Non-activating,105,97,93,0
E78.34,Female,0,0,Yes,none,Non-activating,102,101,106,0
A66.32,Female,0,0,No,none,Non-activating,96,99,95,0
B168.15,Female,0,0,Yes,known,activating,99,100,98,0
C93.48,Female,0,0,Yes,none,activating,98,100,103,0
D79.2,Male,0,0,Yes,none,activating,101,96,103,0
E107.45,Female,0,0,Yes,known,activating,98,97,101,0
A83.86,Male,0,0,No,actionable,activating,103,102,97,0
B119.96,Female,1,0,Yes,none,activating,92,106,104,0
A70.58,Female,0,0,No,known,Non-activating,100,97,96,0
B87.7,Female,0,0,No,actionable,activating,94,103,100,0
C65.29,Female,0,0,Yes,none,Non-activating,101,104,103,0
D97.14,Female,0,0,Yes,none,Non-activating,101,96,98,0
E110.68,Male,0,0,Yes,none,activating,94,100,101,0
A91.93,Male,0,0,Yes,none,Non-activating,100,98,100,0
B88.54,Male,0,0,Yes,none,activating,102,99,93,0
C183,Male,0,0,No,none,Non-activating,98,106,108,0
D115.93,Female,0,0,No,actionable,activating,97,97,102,0
E99.13,Male,0,0,Yes,none,activating,100,100,101,0
A69.24,Female,0,0,Yes,none,Non-activating,97,95,103,0
G102.28,Male,0,0,No,actionable,activating,106,96,102,0
H71.31,Female,0,0,No,none,Non-activating,94,98,100,0
I89.75,Female,0,0,Yes,known,Non-activating,101,94,107,0
J87.66,Female,0,0,Yes,none,activating,94,100,99,0
K237.17,Female,0,0,Yes,none,activating,106,102,97,0
L81.11,Female,0,0,Yes,none,Non-activating,100,93,103,0
M178.33,Male,0,0,No,none,Non-activating,107,96,109,0
N81.38,Male,1,0,Yes,none,activating,102,97,97,0
O109.56,Male,0,0,Yes,none,activating,104,92,102,0
P70.45,Female,0,0,No,actionable,Non-activating,101,100,101,0
Q73.44,Female,0,0,No,none,Non-activating,99,102,108,0
R146.44,Female,0,1,Yes,none,activating,93,93,95,0
E65.04,Male,0,0,No,none,activating,104,100,97,0
A151.25,Female,0,0,No,known,activating,101,104,107,0
B106.41,Female,0,0,No,actionable,activating,99,96,100,0
C197.09,Male,0,0,Yes,known,activating,98,97,103,0
D93.58,Male,0,0,Yes,none,activating,94,99,103,0
E122.04,Male,1,0,Yes,none,activating,103,102,95,0
A80.06,Male,0,0,Yes,none,activating,106,97,103,0
B84.93,Male,0,0,No,actionable,activating,106,93,95,0
C68.4,Female,0,0,Yes,known,Non-activating,105,100,93,0
D62.99,Female,0,0,Yes,known,activating,106,108,99,0
E139.67,Male,0,0,No,none,activating,100,98,102,0
A113.4,Female,0,0,No,none,Non-activating,94,95,100,0
B101.92,Male,0,0,Yes,none,activating,98,98,102,0
A65.98,Male,0,0,Yes,none,activating,94,94,98,0
B84.3,Female,0,0,Yes,none,activating,98,103,96,0
C61.42,Female,1,0,Yes,none,activating,105,98,107,0
D85.52,Male,0,1,Yes,none,Non-activating,97,100,99,0
E83.79,Female,0,0,No,none,activating,98,102,103,0
A73.83,Female,0,0,Yes,none,Non-activating,97,100,108,0
B69.38,Female,0,0,No,none,activating,98,105,98,0
C66.11,Female,0,0,No,actionable,Non-activating,99,104,108,0
D149.62,Male,0,0,No,actionable,Non-activating,93,99,99,0
E242.84,Male,0,0,Yes,none,activating,99,97,97,0
A202.66,Female,0,0,Yes,known,activating,97,97,107,0
G216.9,Male,0,0,Yes,none,activating,98,100,99,0
H103.78,Female,0,0,Yes,none,activating,101,95,106,0
I114.88,Male,0,0,Yes,known,activating,107,102,99,0
J75.94,Female,0,0,Yes,none,Non-activating,100,95,109,0
K55.51,Male,0,1,Yes,none,activating,108,97,101,0
L93.74,Female,0,0,No,known,Non-activating,103,98,97,0
M71.44,Male,0,0,Yes,none,Non-activating,99,106,99,0
N58.29,Male,0,0,Yes,none,Non-activating,97,105,99,0
O115.83,Female,0,0,No,none,activating,102,105,107,0
P102.71,Female,0,0,No,none,activating,103,102,101,0
Q99.69,Female,0,1,Yes,none,activating,100,104,98,0
R102.89,Female,0,0,No,actionable,activating,100,93,92,0
E79.05,Male,0,0,No,none,Non-activating,97,106,108,0
A56.63,Female,0,0,No,none,activating,99,92,102,0
B87.34,Female,1,0,Yes,none,activating,96,105,99,0
C109.51,Female,0,0,Yes,none,Non-activating,95,99,102,0
D81.43,Male,0,0,Yes,none,activating,105,105,104,0
E78.59,Male,0,0,Yes,none,Non-activating,96,106,98,0
A101.22,Female,0,1,Yes,none,activating,101,96,91,0
B78.26,Female,0,0,Yes,none,Non-activating,93,97,100,0
C105.47,Male,0,0,Yes,none,activating,105,95,103,0
D68.19,Male,0,0,Yes,none,Non-activating,103,102,99,0
E210,Female,1,0,Yes,none,activating,101,100,103,0
A114.47,Male,0,0,Yes,none,activating,104,102,95,0
B66.85,Female,0,0,No,none,Non-activating,99,105,97,0
A94.71,Female,0,0,Yes,none,activating,98,99,102,0
B208.05,Female,0,0,Yes,known,Non-activating,105,102,103,0
C222.6,Female,0,0,Yes,none,activating,99,104,99,0
D80.81,Female,0,0,Yes,none,activating,104,97,96,0
E64.51,Female,0,0,Yes,none,Non-activating,101,99,104,0
A151.56,Female,0,0,No,actionable,activating,105,102,98,0
B199.14,Female,0,0,Yes,none,Non-activating,108,106,94,0
C73.41,Female,0,0,No,actionable,Non-activating,107,93,100,0
D109.65,Male,0,0,Yes,none,activating,95,91,96,0
E69.11,Male,0,1,Yes,none,Non-activating,94,105,102,0
A114.41,Female,0,0,Yes,none,activating,100,98,91,0
G103.46,Female,0,0,No,none,Non-activating,99,93,98,0
H95.36,Female,0,0,Yes,none,activating,93,92,98,0
I57.33,Female,0,0,Yes,none,activating,97,100,101,0
J191.48,Male,1,0,Yes,none,activating,99,98,101,0
K71.63,Male,0,0,Yes,none,activating,98,99,98,0
L94,Female,0,0,Yes,none,activating,101,97,90,0
M93.77,Female,0,0,Yes,none,activating,101,93,96,0
N84.75,Female,1,0,No,none,Non-activating,101,104,104,0
O89.24,Male,0,0,Yes,none,activating,98,92,97,0
P70.13,Male,0,0,Yes,none,activating,99,99,105,0
Q82.26,Male,0,0,Yes,none,activating,104,102,98,0
R200.16,Female,0,0,No,none,Non-activating,104,96,98,0
E80.73,Male,0,0,No,actionable,activating,98,104,97,0
A75.09,Female,0,0,Yes,none,activating,104,101,101,0
B80.57,Female,0,0,No,actionable,activating,103,102,100,0
C77.04,Female,0,0,Yes,none,activating,94,100,99,0
D145.26,Female,0,0,Yes,none,activating,106,103,108,0
E190.4,Female,0,0,Yes,none,Non-activating,97,94,101,0
A82.08,Male,0,0,Yes,none,Non-activating,101,101,99,0
B103.35,Male,0,0,Yes,none,activating,98,95,97,0
C97.46,Female,0,0,Yes,none,activating,97,102,100,0
D123.65,Female,0,0,No,none,activating,97,100,96,0
E87.96,Female,0,0,Yes,known,activating,97,97,100,0
A85.92,Male,0,0,Yes,none,Non-activating,104,103,98,0
B80.8,Female,0,0,Yes,known,activating,98,92,104,0
A99.3,Male,0,0,Yes,none,Non-activating,98,103,104,0
B62.56,Female,0,0,No,known,activating,100,102,101,0
C144.2,Female,0,0,Yes,known,Non-activating,100,101,94,0
D71.38,Male,0,0,Yes,none,activating,100,105,92,0
E95.5,Male,0,0,No,actionable,Non-activating,103,96,105,0
A67.06,Male,0,0,No,actionable,Non-activating,95,100,91,0
B70.16,Female,0,0,Yes,none,Non-activating,102,101,100,0
C104.24,Male,0,0,No,none,Non-activating,101,104,98,0
D122.48,Female,0,0,No,none,activating,99,96,98,0
E215.9,Female,0,0,Yes,known,Non-activating,93,102,96,0
A108.56,Female,0,0,No,none,activating,107,101,103,0
G69.88,Male,0,0,No,actionable,activating,101,102,101,0
H91.54,Male,0,0,Yes,none,Non-activating,103,100,100,0
I65.85,Male,0,0,Yes,none,Non-activating,103,105,102,0
J60.74,Female,1,0,Yes,none,Non-activating,99,105,100,0
K233.52,Male,0,0,No,none,activating,100,97,100,0
L110.7,Female,0,0,No,none,activating,100,99,100,0
M78.93,Male,0,0,No,actionable,activating,100,95,94,0
E124.5,Female,0,0,Yes,none,activating,93,103,105,0
A57.95,Female,0,0,Yes,none,Non-activating,108,101,100,0
B92.82,Female,0,0,Yes,none,activating,91,99,96,0
C58.25,Male,0,1,Yes,known,activating,99,101,98,0
D213.54,Male,0,0,Yes,none,Non-activating,96,96,98,0
E74.86,Female,0,0,No,none,Non-activating,91,99,100,0
A78.35,Female,0,0,No,none,Non-activating,97,99,101,0
B101.26,Female,0,0,Yes,none,activating,95,100,105,0
C86.87,Female,0,0,Yes,known,activating,94,99,100,0
D124.01,Male,0,0,No,actionable,Non-activating,98,103,104,0
E83.41,Male,0,0,Yes,none,Non-activating,95,107,97,0
A188.69,Female,0,0,No,none,activating,91,96,98,0
B86.51,Female,0,0,Yes,known,Non-activating,96,101,96,0
A70.65,Male,0,0,No,actionable,Non-activating,96,97,106,0
B92.4,Female,0,0,Yes,none,Non-activating,99,97,95,0
C73.36,Male,1,0,Yes,none,Non-activating,93,95,97,0
D219.5,Female,0,0,No,none,activating,104,105,107,0
E105.73,Male,0,0,Yes,known,Non-activating,104,103,101,0
A83.79,Female,0,0,Yes,none,Non-activating,97,100,100,0
B58.02,Male,0,0,No,none,Non-activating,102,103,98,0
C61.94,Male,0,0,Yes,none,Non-activating,93,96,102,0
D99.71,Female,0,0,Yes,none,activating,93,99,99,0
E63.19,Female,1,1,Yes,none,activating,94,100,106,0
A107.11,Female,0,0,Yes,none,Non-activating,93,97,99,0
G56.84,Female,0,0,No,none,activating,100,102,97,0
H217.66,Female,1,0,Yes,none,activating,93,96,97,0
I77.19,Female,0,0,Yes,none,activating,109,99,105,0
J76.22,Female,0,0,Yes,none,Non-activating,95,99,92,0
K155.32,Male,0,0,Yes,none,activating,101,96,101,0
L70.67,Male,0,0,No,none,Non-activating,99,94,102,0
M227.16,Male,0,0,Yes,none,activating,97,106,97,0
N58.69,Male,1,0,Yes,none,Non-activating,94,95,103,0
O88.85,Male,0,0,Yes,known,activating,101,92,98,0
P137.94,Female,1,0,Yes,known,activating,109,102,98,0
Q60.6,Female,0,0,Yes,none,activating,100,95,92,0
R93.67,Female,0,0,Yes,none,activating,100,101,98,0
E79.56,Female,0,0,Yes,none,activating,107,99,96,0
A122.46,Female,1,1,Yes,none,Non-activating,96,106,98,0
B92.32,Male,0,0,Yes,none,activating,98,103,96,0
C80.63,Female,0,0,Yes,known,Non-activating,99,95,102,0
D92.32,Female,0,0,Yes,none,activating,101,98,92,0
E59.89,Female,0,0,Yes,none,Non-activating,93,101,99,0
A80.57,Male,0,0,Yes,none,activating,108,101,109,0
B88.52,Male,0,0,No,actionable,activating,96,104,99,0
C88.82,Female,0,0,Yes,none,Non-activating,95,97,95,0
D102.08,Male,0,0,Yes,none,activating,93,97,94,0
E71.38,Male,0,0,Yes,none,activating,107,108,96,0
A84.9,Female,0,0,No,none,activating,104,92,99,0
B82.21,Male,0,0,No,none,Non-activating,103,98,100,0
A209.9,Female,0,0,Yes,known,activating,100,99,104,0
B74.05,Male,0,0,No,actionable,activating,102,105,97,0
C90.46,Male,0,0,Yes,none,Non-activating,92,95,95,0
D176.48,Male,0,0,No,actionable,activating,105,101,106,0
E94.07,Female,0,0,No,none,activating,103,103,101,0
A85.12,Female,0,1,Yes,none,Non-activating,100,100,102,0
B71.81,Female,0,0,Yes,none,Non-activating,97,97,93,0
C111.93,Female,0,0,Yes,none,activating,99,93,96,0
D94.4,Male,0,0,Yes,none,Non-activating,97,94,106,0
E70,Male,0,0,No,none,Non-activating,99,100,106,0
A95.57,Female,0,0,No,actionable,Non-activating,101,93,99,0
G91.98,Female,1,0,Yes,none,Non-activating,105,103,102,0
H66.29,Female,1,0,Yes,none,Non-activating,103,99,95,0
I211.88,Male,0,0,No,actionable,activating,100,101,93,0
J76.55,Male,1,0,Yes,none,Non-activating,103,97,98,0
K56.67,Male,0,0,No,none,Non-activating,98,101,97,0
L100.52,Female,1,0,Yes,none,Non-activating,96,99,104,0
M58.96,Female,0,0,Yes,none,activating,91,94,99,0
N81.66,Female,0,0,Yes,none,Non-activating,98,107,102,0
O96.77,Male,0,0,No,actionable,Non-activating,92,100,98,0
P91.63,Female,0,0,Yes,none,activating,95,99,100,0
Q97.51,Female,0,1,Yes,none,Non-activating,94,94,97,0
R225.6,Female,0,0,Yes,none,activating,98,98,101,0
E95.58,Male,0,0,No,none,Non-activating,100,100,105,0
A210.23,Male,0,0,Yes,known,Non-activating,97,101,103,0
B92.82,Male,0,0,No,unknown,activating,104,99,99,0
C234.82,Female,1,0,Yes,none,activating,96,101,97,0
D65.67,Female,0,0,No,actionable,Non-activating,105,98,100,0
E74.51,Male,0,0,No,none,Non-activating,99,103,97,0
A81.99,Female,0,0,Yes,none,Non-activating,105,98,98,0
B87.69,Male,0,0,No,actionable,activating,102,95,98,0
C125.29,Male,0,0,Yes,none,Non-activating,101,97,106,0
D111.64,Male,0,0,Yes,none,Non-activating,99,104,105,0
E70.93,Female,0,0,No,none,activating,99,102,104,0
A89.93,Female,0,0,Yes,none,activating,94,102,90,0
B137.45,Male,0,0,Yes,none,activating,101,104,98,0
A72.06,Male,0,0,No,none,Non-activating,97,97,94,0
B97.9,Male,0,0,No,none,activating,91,98,101,0
C84.85,Male,0,0,No,none,Non-activating,97,104,104,0
D230.59,Male,0,0,Yes,none,activating,96,101,96,0
E92.81,Male,1,0,No,none,activating,102,102,97,0
A168.15,Female,0,0,Yes,none,Non-activating,96,99,101,0
B224.63,Female,0,0,No,actionable,activating,106,108,97,0
C108.12,Female,0,0,No,none,activating,100,103,97,0
D85.17,Female,0,0,No,actionable,activating,98,101,94,0
E84.14,Male,0,0,No,none,Non-activating,94,98,94,0
A85.57,Female,0,1,Yes,none,Non-activating,94,106,100,0
G82.81,Female,0,0,No,none,activating,100,94,102,0
H110.53,Female,0,0,No,none,activating,101,92,96,0
I61.88,Female,1,0,Yes,none,Non-activating,99,100,108,0
J85.04,Male,0,0,Yes,known,activating,97,96,104,0
K140.4,Male,0,0,Yes,none,activating,101,98,100,0
L62.27,Male,0,0,Yes,none,activating,106,97,96,0
M99.44,Male,0,0,Yes,none,Non-activating,98,108,97,0
N88.9,Male,1,0,Yes,none,activating,103,106,90,0
O64.1,Female,0,0,Yes,none,Non-activating,102,102,106,0
P97.58,Female,0,0,No,none,activating,100,98,94,0
Q58.66,Male,0,0,No,none,Non-activating,103,98,97,0
R88.24,Female,0,0,No,none,Non-activating,103,105,97,0
E61.32,Female,0,0,Yes,none,Non-activating,96,96,99,0
A185.71,Female,0,0,No,actionable,activating,104,102,92,0
B62.99,Female,0,0,Yes,none,Non-activating,90,105,103,0
C86.04,Male,0,0,No,none,Non-activating,101,97,99,0
D83.3,Female,0,0,Yes,none,activating,95,103,100,0
E208.17,Male,1,0,Yes,none,activating,106,96,102,0
A133.2,Female,0,0,Yes,none,activating,104,105,91,0
B81.54,Male,0,0,No,none,Non-activating,103,97,101,0
C146.61,Female,0,0,No,actionable,Non-activating,101,93,101,0
D79.33,Female,0,0,Yes,none,Non-activating,99,95,92,0
E84.56,Male,0,0,No,actionable,activating,101,102,98,0
A103.44,Male,0,0,No,none,activating,101,95,92,0
B185.31,Female,0,1,Yes,none,activating,101,100,100,0
A102.53,Female,0,0,No,known,activating,98,97,106,0
B65.78,Female,0,0,Yes,none,activating,101,103,99,0
C62.6,Female,0,0,Yes,none,Non-activating,97,107,100,0
D81.18,Female,1,0,Yes,none,activating,97,100,101,0
E76.68,Male,0,0,Yes,known,Non-activating,97,101,91,0
A92.86,Male,0,0,No,actionable,Non-activating,106,103,99,0
B90.95,Female,1,0,Yes,none,Non-activating,93,99,104,0
C85.66,Male,0,0,Yes,none,activating,97,93,96,0
D88.2,Female,0,0,No,none,Non-activating,97,106,98,0
E203.04,Female,0,0,No,none,Non-activating,105,100,103,0
A68.37,Male,0,0,No,actionable,Non-activating,100,99,96,0
G77.32,Female,0,0,Yes,none,Non-activating,100,96,102,0
H187.87,Male,0,0,Yes,none,Non-activating,100,99,100,0
I213.87,Male,0,0,No,actionable,Non-activating,104,101,103,0
J119.62,Female,0,0,Yes,none,Non-activating,100,98,103,0
K222.85,Male,0,0,No,none,Non-activating,95,91,94,0
L100.82,Male,0,0,Yes,none,Non-activating,95,106,103,0
M136.1,Female,0,0,Yes,known,activating,100,104,97,0
N149.42,Female,0,0,Yes,none,Non-activating,103,106,99,0
O79.99,Female,0,0,Yes,none,Non-activating,93,105,99,0
P118.21,Female,0,0,Yes,known,activating,102,95,92,0
Q56.3,Female,0,0,Yes,none,Non-activating,95,100,105,0
R84.49,Male,0,0,Yes,none,Non-activating,95,102,96,0
E89.61,Female,0,0,Yes,known,activating,99,97,99,0
A100.09,Male,0,0,Yes,none,activating,100,103,95,0
B198.36,Female,0,0,Yes,none,activating,93,93,103,0
C93.61,Female,1,1,Yes,none,activating,100,96,102,0
D75.43,Female,0,0,No,actionable,Non-activating,98,100,100,0
E100.31,Female,0,0,Yes,none,activating,104,104,99,0
A105.63,Female,0,0,Yes,none,Non-activating,101,101,101,0
B82.84,Male,0,0,No,actionable,Non-activating,100,104,107,0
C58.88,Female,0,0,Yes,none,Non-activating,92,106,103,0
D92.27,Female,0,0,Yes,known,activating,97,105,95,0
E115.23,Female,0,0,No,none,Non-activating,106,103,102,0
A196.25,Female,0,0,Yes,none,activating,102,94,103,0
B85.97,Male,1,0,Yes,known,activating,107,109,102,0
A114.33,Female,0,0,Yes,none,Non-activating,99,102,97,0
B72.52,Female,0,0,Yes,none,Non-activating,104,101,101,0
C99.87,Female,0,0,Yes,none,activating,103,102,99,0
D63.47,Male,1,1,Yes,none,activating,104,101,97,0
E90.58,Female,0,0,Yes,none,Non-activating,102,99,95,0
A92.26,Female,0,0,No,actionable,Non-activating,95,103,94,0
B113.74,Male,0,0,Yes,none,Non-activating,98,96,92,0
C72.79,Female,1,0,Yes,none,activating,98,98,92,0
D94.71,Female,0,0,Yes,known,activating,94,94,96,0
E194.53,Male,0,0,Yes,none,activating,94,102,96,0
A72.65,Female,0,0,Yes,none,activating,99,98,107,0
G86.68,Female,0,0,Yes,none,activating,105,101,99,0
H140.39,Male,0,0,Yes,none,activating,105,99,97,0
I77.87,Male,0,0,No,none,activating,98,102,99,0
J104.7,Female,0,0,No,none,Non-activating,91,98,102,0
K95.82,Male,0,0,Yes,none,Non-activating,104,101,93,0
L204.05,Female,0,0,No,none,Non-activating,97,96,101,0
M130.56,Male,0,0,Yes,none,Non-activating,95,102,97,0
N67.78,Male,0,0,Yes,known,activating,106,96,102,0
O105.29,Male,0,0,Yes,known,activating,101,100,92,0
P135.19,Female,0,0,Yes,none,activating,106,97,102,0
Q116.12,Female,0,1,Yes,known,activating,107,99,98,0
R59.63,Male,0,0,No,none,Non-activating,100,96,100,0
E56.43,Female,0,0,Yes,none,Non-activating,102,103,101,0
A199.18,Female,0,0,No,known,Non-activating,98,97,95,0
B209.26,Female,0,0,No,none,activating,93,95,94,0
C91.21,Male,0,0,Yes,known,activating,96,98,96,0
D95.16,Female,0,0,No,none,Non-activating,100,108,99,0
E217.11,Male,0,0,No,actionable,Non-activating,105,102,101,0
A222.46,Female,0,0,No,none,activating,102,103,106,0
B70.96,Male,0,0,No,none,Non-activating,97,100,99,0
C82.44,Male,0,0,Yes,none,activating,106,97,103,0
D74.11,Male,1,0,No,none,activating,93,103,103,0
E131.23,Male,0,0,Yes,known,Non-activating,94,108,98,0
A187.52,Male,0,0,Yes,none,activating,96,102,102,0
B83.26,Female,0,0,No,none,Non-activating,103,90,94,0
A99.07,Male,0,0,Yes,none,Non-activating,105,101,94,0
B76.63,Male,0,0,Yes,none,activating,96,102,99,0
C65.09,Female,0,0,No,actionable,Non-activating,97,100,96,0
D142.31,Female,0,0,Yes,none,activating,93,96,94,0
E80.99,Male,0,0,Yes,none,activating,105,102,102,0
A237.74,Female,0,0,Yes,none,activating,104,105,104,0
B74.26,Male,0,0,Yes,none,Non-activating,100,96,105,0
C154.08,Female,0,0,Yes,none,Non-activating,97,103,98,0
D78.29,Male,1,0,Yes,known,activating,99,99,101,0
E164.67,Female,0,0,No,actionable,activating,99,103,105,0
A59.61,Female,0,0,No,known,activating,99,97,95,0
G67.75,Female,0,0,No,actionable,Non-activating,94,96,102,0
H92.73,Male,0,1,Yes,none,activating,93,102,99,0
I90.35,Male,0,0,Yes,none,Non-activating,94,103,104,0
J77.86,Male,0,0,No,unknown,activating,100,94,95,0
K71.88,Female,0,0,Yes,none,Non-activating,98,95,100,0
L118.82,Female,0,0,Yes,none,activating,95,101,100,0
M67.33,Female,0,0,Yes,none,Non-activating,107,100,102,0
N121.66,Female,0,0,Yes,none,activating,98,101,96,0
O111.92,Female,0,0,No,actionable,Non-activating,102,97,102,0
P92.82,Female,0,0,No,actionable,Non-activating,91,105,101,0
Q95.46,Male,0,0,No,actionable,Non-activating,100,98,99,0
R59.99,Female,0,0,Yes,none,activating,106,106,102,0
E68.96,Female,0,0,Yes,none,Non-activating,97,105,97,0
A90.26,Female,0,0,Yes,none,Non-activating,96,100,100,0
B91.9,Female,0,0,Yes,none,activating,98,95,108,0
C91.08,Male,0,0,Yes,none,Non-activating,101,106,95,0
D118.55,Female,0,0,Yes,none,activating,100,96,100,0
E102.04,Female,0,0,No,none,Non-activating,103,104,101,0
A65.52,Female,0,0,Yes,none,Non-activating,109,95,106,0
B82.09,Male,0,0,Yes,none,activating,98,91,99,0
C149.9,Female,0,0,Yes,known,Non-activating,97,100,94,0
D100.33,Female,0,0,No,none,Non-activating,102,103,99,0
E91.25,Female,0,0,No,none,activating,94,106,103,0
A89.81,Male,0,0,No,actionable,activating,91,93,100,0
B97.32,Male,0,0,No,none,activating,94,102,100,0
A75.53,Female,0,0,Yes,none,Non-activating,104,107,103,0
B121.44,Male,0,0,Yes,none,activating,102,102,95,0
C83.52,Female,0,0,Yes,none,Non-activating,103,107,98,0
D57.92,Female,0,0,No,none,Non-activating,98,104,103,0
E75.27,Female,0,0,No,actionable,activating,103,100,95,0
A80.24,Female,0,0,Yes,none,activating,98,94,99,0
B88.69,Female,0,0,No,actionable,activating,100,101,102,0
C69.09,Female,0,0,Yes,none,activating,93,102,98,0
D62.67,Male,0,0,Yes,known,activating,103,97,103,0
E98.74,Male,0,1,Yes,none,Non-activating,97,100,102,0
A56.51,Male,0,1,Yes,none,Non-activating,94,100,100,0
G65.95,Female,1,0,Yes,known,activating,101,99,100,0
H129.07,Female,0,0,No,none,Non-activating,96,101,99,0
I62.47,Female,0,0,No,actionable,activating,91,97,102,0
J69.82,Male,0,0,No,actionable,Non-activating,99,99,98,0
K99.68,Male,0,0,No,actionable,activating,107,99,104,0
L223.35,Female,0,0,No,none,Non-activating,95,102,103,0
M74.36,Female,0,0,Yes,none,activating,92,102,106,0
N102.97,Male,0,0,Yes,none,Non-activating,97,99,100,0
O153.38,Female,0,0,No,none,activating,102,104,97,0
P87.1,Female,0,0,Yes,none,Non-activating,98,106,101,0
Q113.4,Female,0,0,No,actionable,Non-activating,98,93,101,0
R94.88,Male,0,0,Yes,none,Non-activating,95,105,100,0
E82.73,Male,0,0,Yes,none,Non-activating,106,98,102,0
A67.8,Male,0,0,Yes,none,activating,95,99,97,0
B84.85,Male,0,0,Yes,none,activating,106,103,90,0
C135.89,Female,0,0,No,none,Non-activating,100,104,100,0
D106.13,Female,1,0,Yes,none,Non-activating,99,103,100,0
E74.33,Female,0,0,Yes,none,activating,102,98,98,0
A109.4,Female,0,0,No,none,Non-activating,100,93,109,0
B75.4,Male,1,0,Yes,none,activating,101,101,105,0
C87.69,Male,0,0,No,actionable,Non-activating,98,106,99,0
D95.85,Female,0,0,No,none,activating,95,103,100,0
E90.36,Male,0,0,Yes,none,activating,101,101,100,0
A63.45,Female,0,0,Yes,none,activating,104,102,98,0
B201.07,Male,0,0,No,none,activating,102,104,98,0
A122.91,Female,0,0,No,actionable,activating,97,104,103,0
B55.41,Female,0,0,Yes,none,activating,99,104,98,0
C60.99,Male,0,0,No,known,activating,102,103,95,0
D111.77,Female,0,0,Yes,none,activating,91,94,96,0
E77.63,Male,0,1,Yes,none,Non-activating,97,106,95,0
A70.61,Female,0,0,No,none,Non-activating,96,99,93,0
B124.34,Female,0,0,Yes,none,activating,98,97,105,0
C103.44,Male,0,0,No,none,activating,105,99,108,0
D124.5,Female,0,0,Yes,none,Non-activating,96,91,90,0
E208.06,Female,0,0,Yes,none,activating,94,98,102,0
A75.5,Male,0,0,No,actionable,activating,101,102,99,0
G98.85,Female,0,0,Yes,none,Non-activating,107,98,101,0
H96.06,Male,0,1,Yes,none,activating,96,108,94,0
I93.74,Female,1,0,Yes,none,activating,95,95,108,0
J65.6,Male,0,0,No,known,Non-activating,102,96,97,0
K113.24,Male,1,0,Yes,none,Non-activating,104,99,102,0
L94.77,Female,0,0,Yes,none,activating,100,96,100,0
M145.22,Female,0,0,Yes,none,Non-activating,95,99,104,0
E112.92,Female,0,0,Yes,none,activating,102,108,95,0
A84.79,Male,0,0,No,actionable,Non-activating,97,102,100,0
B103.28,Male,0,0,Yes,none,activating,101,102,101,0
C109,Female,0,0,Yes,none,Non-activating,98,106,98,0
D96.18,Female,0,0,Yes,none,Non-activating,98,101,99,0
E186.95,Female,0,0,Yes,known,activating,100,104,103,0
A68.66,Male,0,0,Yes,none,Non-activating,97,104,102,0
B128.72,Male,0,0,Yes,none,Non-activating,100,104,99,0
C85.04,Male,0,0,No,none,activating,99,108,102,0
D146.97,Male,0,0,Yes,none,activating,95,107,98,0
E65.69,Male,0,0,No,actionable,Non-activating,99,99,95,0
A97.52,Female,0,0,No,none,Non-activating,97,101,96,0
B90.43,Female,0,0,Yes,none,Non-activating,105,93,98,0
A81.71,Male,0,0,Yes,known,Non-activating,97,96,97,0
B198.24,Male,0,0,No,actionable,Non-activating,98,108,94,0
C90.51,Male,0,0,No,actionable,activating,97,98,101,0
D97.78,Male,0,0,Yes,none,activating,97,94,92,0
E80.74,Male,0,0,No,actionable,activating,102,101,102,0
A57.02,Male,1,0,Yes,none,activating,102,101,98,0
B93,Female,0,0,Yes,none,activating,104,96,99,0
C95.37,Male,1,0,Yes,none,activating,92,97,96,0
D96.25,Female,0,0,No,none,activating,91,100,99,0
E86.74,Female,0,0,No,none,Non-activating,99,106,102,0
A63.08,Male,0,0,Yes,none,Non-activating,97,104,94,0
G129.16,Female,0,0,No,none,Non-activating,101,93,97,0
H99.79,Female,0,0,No,none,Non-activating,100,95,96,0
I83.34,Female,0,0,No,known,activating,96,104,97,0
J95.01,Female,0,0,Yes,none,Non-activating,100,102,102,0
K229.21,Male,0,0,Yes,none,Non-activating,97,107,96,0
L80.08,Male,0,0,Yes,none,Non-activating,100,102,99,0
M62,Female,0,0,Yes,none,Non-activating,99,96,93,0
N118.69,Female,0,0,Yes,none,activating,100,105,101,0
O77.57,Male,0,0,No,actionable,activating,96,96,96,0
P108.75,Female,0,0,No,none,activating,104,101,96,0
Q108.23,Female,0,0,Yes,none,activating,93,94,97,0
R151.33,Female,0,0,Yes,none,activating,98,92,104,0
E82.43,Male,0,0,No,none,Non-activating,98,98,92,0
A107.17,Female,0,0,Yes,none,activating,97,99,97,0
B91.46,Male,0,0,No,actionable,Non-activating,102,92,99,0
C81.05,Female,0,0,Yes,none,activating,106,103,102,0
D73.02,Male,0,0,Yes,none,Non-activating,97,101,90,0
E114.37,Female,0,0,Yes,none,activating,104,98,92,0
A100.29,Female,0,0,Yes,none,activating,109,106,100,0
B68.37,Male,0,0,No,known,Non-activating,95,105,99,0
C87.95,Male,0,0,No,actionable,activating,98,102,101,0
D73.27,Male,0,0,No,none,Non-activating,95,101,97,0
E131.43,Male,0,0,Yes,none,activating,101,103,100,0
A107.29,Male,0,0,No,actionable,Non-activating,98,98,98,0
B68.24,Female,0,0,Yes,none,activating,101,99,95,0
A74.01,Female,0,0,Yes,none,Non-activating,101,100,95,0
B95.4,Female,0,0,Yes,none,Non-activating,96,98,97,0
C95.75,Female,0,0,Yes,known,activating,99,104,93,0
D104.51,Male,0,0,No,actionable,Non-activating,95,99,98,0
E108.87,Female,0,0,Yes,none,Non-activating,104,102,102,0
A209.06,Female,0,0,Yes,none,activating,104,101,100,0
B86.57,Male,0,0,Yes,known,Non-activating,102,105,103,0
C120.25,Female,0,0,Yes,none,Non-activating,105,108,104,0
D85.51,Female,0,0,Yes,none,Non-activating,100,94,97,0
E84.18,Female,0,0,No,actionable,activating,97,106,98,0
A82.37,Female,0,0,Yes,known,Non-activating,101,98,103,0
G96.15,Female,1,0,Yes,none,activating,100,101,104,0
H74.55,Male,1,0,Yes,none,Non-activating,96,98,100,0
I114.45,Male,0,0,Yes,none,Non-activating,97,95,97,0
J113.68,Female,0,0,Yes,none,activating,106,107,98,0
K107.91,Female,0,0,No,none,activating,91,102,105,0
L83.85,Male,0,0,Yes,known,Non-activating,99,93,101,0
M101.3,Male,0,0,Yes,none,Non-activating,98,105,104,0
N72.13,Male,0,0,No,none,activating,100,100,100,0
O94.98,Female,0,0,Yes,none,activating,101,93,93,0
P228.42,Female,0,0,Yes,none,Non-activating,99,94,99,0
Q93.9,Female,0,0,Yes,known,Non-activating,96,91,101,0
R93.13,Female,0,0,Yes,none,activating,103,100,93,0
E121.6,Male,0,0,Yes,none,activating,99,107,102,0
A84.4,Female,1,0,Yes,known,Non-activating,104,90,95,0
B82.13,Female,0,0,Yes,known,Non-activating,106,100,94,0
C73.33,Female,0,0,No,actionable,activating,100,105,98,0
D75.88,Male,0,0,No,actionable,Non-activating,103,104,96,0
E212.97,Female,0,0,Yes,none,activating,96,96,95,0
A100.41,Female,0,0,No,actionable,activating,94,101,100,0
B202.05,Male,0,0,Yes,none,Non-activating,105,107,100,0
C71.42,Male,0,0,Yes,none,Non-activating,99,98,98,0
D107.5,Female,0,0,No,actionable,Non-activating,104,91,105,0
E55.57,Female,0,0,No,none,activating,94,102,92,0
A58.14,Male,0,0,Yes,known,Non-activating,101,98,90,0
B78.53,Female,0,1,No,none,Non-activating,97,94,102,0
A78.79,Female,1,0,No,none,activating,98,104,97,0
B96.62,Male,0,0,No,none,Non-activating,101,107,104,0
C65.28,Male,0,0,Yes,none,Non-activating,95,99,104,0
D92.67,Male,1,1,Yes,none,activating,97,97,101,0
E206.25,Female,0,0,Yes,none,activating,94,99,101,0
A114.18,Female,1,0,No,none,Non-activating,97,103,106,0
B231.69,Female,0,0,No,none,Non-activating,97,104,103,0
C101.89,Male,0,0,No,none,activating,103,102,95,0
D107.22,Male,0,0,No,actionable,activating,104,107,105,0
E101.99,Female,0,0,Yes,none,activating,94,105,99,0
A72.56,Female,0,0,Yes,none,Non-activating,99,104,102,0
G94.47,Female,0,0,Yes,known,Non-activating,106,99,100,0
H98.76,Female,0,0,Yes,none,Non-activating,100,97,96,0
I116.93,Male,0,0,Yes,none,activating,100,97,96,0
J219.96,Female,0,0,No,none,Non-activating,104,104,104,0
K75.77,Female,0,0,Yes,none,activating,99,103,99,0
L124.35,Male,0,0,Yes,none,activating,98,101,101,0
M88.97,Female,0,0,Yes,none,activating,102,108,103,0
N72.49,Female,0,0,No,none,Non-activating,99,95,106,0
O107.27,Male,1,1,Yes,none,Non-activating,97,98,98,0
P97.96,Male,0,0,Yes,none,Non-activating,105,98,102,0
Q197.69,Female,1,0,Yes,none,Non-activating,99,98,95,0
R112.3,Male,1,0,No,none,activating,96,100,97,0
E75.77,Female,0,0,Yes,none,activating,101,96,102,0
A76.51,Female,1,0,No,none,Non-activating,107,92,92,0
B93.14,Female,0,0,No,none,activating,103,99,105,0
C80.84,Female,0,0,No,none,Non-activating,99,108,100,0
D199.88,Male,0,1,Yes,none,activating,104,104,101,0
E77.48,Male,1,0,Yes,none,activating,105,106,103,0
A65.34,Male,0,0,No,none,activating,98,91,106,0
B81.96,Male,0,0,No,none,activating,96,95,95,0
C98.71,Female,0,0,Yes,none,activating,98,96,99,0
D170.22,Female,0,0,Yes,none,Non-activating,93,104,100,0
E73.5,Male,0,0,No,actionable,activating,98,101,94,0
A72.39,Male,0,0,No,none,activating,101,96,103,0
B102.96,Male,1,0,No,known,activating,102,101,93,0
A80.72,Male,0,0,Yes,none,activating,104,101,100,0
B74.19,Female,0,0,No,none,Non-activating,103,101,102,0
C77.12,Male,0,0,Yes,none,activating,101,97,100,0
D81.2,Male,0,1,Yes,none,activating,96,98,98,0
E114.76,Female,0,0,No,none,Non-activating,103,96,99,0
A109.97,Male,0,0,Yes,none,Non-activating,103,98,94,0
B92.87,Male,0,0,Yes,none,Non-activating,100,91,100,0
C113.05,Female,0,0,Yes,none,Non-activating,94,93,99,0
D68.24,Female,0,0,Yes,none,Non-activating,91,99,96,0
E74.35,Male,1,0,No,none,Non-activating,107,98,105,0
A91.08,Male,1,0,Yes,none,Non-activating,98,108,97,0
G88.83,Male,0,0,Yes,none,activating,103,94,102,0
H134.33,Female,0,0,No,none,activating,100,95,102,0
I208.78,Female,0,1,Yes,none,activating,91,103,100,0
J66.17,Female,0,0,No,none,activating,97,99,92,0
K222.29,Male,0,0,No,none,Non-activating,100,102,95,0
L114.16,Male,0,0,Yes,none,Non-activating,97,98,99,0
M61.67,Female,0,0,Yes,none,activating,96,96,103,0
N220.36,Male,0,0,No,none,activating,105,105,101,0
O76.03,Male,0,0,Yes,none,activating,96,98,97,0
P73.06,Male,0,0,Yes,none,Non-activating,104,100,97,0
Q187.88,Female,0,0,No,none,Non-activating,90,100,102,0
R79.89,Female,0,0,Yes,none,Non-activating,94,95,105,0
E79.02,Female,0,0,Yes,none,Non-activating,102,100,100,0
A191.66,Male,0,0,Yes,none,Non-activating,99,103,99,0
B76.74,Female,0,0,Yes,none,activating,105,96,97,0
C72.29,Female,0,0,Yes,none,Non-activating,98,101,98,0
D92.59,Male,0,0,No,actionable,Non-activating,95,105,106,0
E80.42,Female,0,0,No,known,Non-activating,103,100,96,0
A62.47,Female,0,0,No,actionable,activating,99,106,104,0
B63.94,Male,0,0,Yes,none,activating,99,105,103,0
C77.73,Female,0,0,Yes,none,Non-activating,106,102,105,0
D115.79,Male,0,0,Yes,none,Non-activating,105,103,100,0
E96.3,Male,0,0,No,actionable,activating,92,100,103,0
A107.46,Female,0,0,Yes,known,Non-activating,92,102,91,0
B108.33,Male,0,0,No,actionable,Non-activating,102,97,100,0
A89.37,Female,0,0,Yes,none,Non-activating,97,95,104,0
B93.64,Female,0,0,Yes,none,activating,99,97,98,0
C217.75,Male,0,0,No,actionable,activating,91,106,99,0
D83.44,Female,0,0,Yes,none,activating,99,101,98,0
E93.88,Female,0,0,Yes,known,activating,100,102,100,0
A55.34,Male,0,0,Yes,none,activating,99,96,98,0
B102.61,Female,1,0,Yes,known,activating,99,102,102,0
C62.08,Male,0,0,Yes,known,activating,103,98,102,0
D81.76,Male,0,0,No,actionable,activating,96,99,101,0
E59.2,Female,0,0,Yes,none,activating,96,100,98,0
A55.61,Female,0,0,No,actionable,activating,96,100,101,0
G226.88,Male,0,0,Yes,none,Non-activating,99,104,99,0
H65.66,Female,0,0,Yes,none,Non-activating,97,97,108,0
I58.7,Male,0,0,Yes,none,activating,95,95,103,0
J186.4,Male,0,0,No,actionable,activating,103,95,98,0
K122.32,Female,0,0,Yes,none,Non-activating,95,94,98,0
L59.05,Male,0,0,No,none,Non-activating,102,93,97,0
M149.13,Male,0,0,Yes,none,Non-activating,105,99,97,0
N82.39,Female,1,0,Yes,none,activating,103,100,99,0
O169.49,Male,0,0,Yes,none,Non-activating,100,93,108,0
P80.25,Female,0,0,No,actionable,Non-activating,105,101,101,0
Q203.81,Female,0,0,Yes,none,activating,103,96,103,0
R170.76,Male,0,0,No,actionable,Non-activating,102,93,98,0
E80.85,Female,0,0,No,none,Non-activating,93,102,100,0
A120.58,Male,0,0,Yes,none,Non-activating,97,93,101,0
B86.57,Female,0,0,Yes,none,Non-activating,99,104,98,0
C90.01,Female,0,0,No,none,Non-activating,109,98,95,0
D68.84,Female,0,0,Yes,none,Non-activating,101,98,104,0
E155.14,Female,0,0,No,none,Non-activating,99,95,99,0
A158.48,Male,0,0,Yes,none,activating,101,98,103,0
B92.56,Male,0,1,Yes,none,activating,96,102,97,0
C90.15,Male,0,0,No,actionable,Non-activating,103,104,101,0
D80.09,Male,0,0,Yes,none,Non-activating,100,99,107,0
E189.44,Male,0,1,Yes,none,activating,104,104,91,0
A70.03,Female,1,0,Yes,known,activating,95,100,90,0
B249.29,Male,1,0,Yes,none,activating,100,102,99,0
A72.52,Female,0,0,No,actionable,Non-activating,102,108,96,0
B96.93,Female,1,0,Yes,none,activating,107,101,99,0
C211.35,Female,0,0,No,none,activating,97,99,105,0
D85.87,Male,0,0,No,actionable,Non-activating,105,93,102,0
E60.96,Male,0,0,No,none,activating,90,98,93,0
A120.09,Female,0,0,Yes,none,activating,100,99,98,0
B92.13,Male,0,0,Yes,none,activating,102,102,95,0
C83.07,Male,1,0,Yes,none,activating,106,106,94,0
D77.67,Female,0,0,No,none,activating,98,98,104,0
E109.51,Female,0,0,Yes,none,activating,98,97,104,0
A97.24,Female,0,1,Yes,none,activating,99,96,94,0
G127.29,Male,0,1,Yes,known,Non-activating,95,105,96,0
H134.8,Female,0,0,Yes,none,activating,100,97,94,0
I74.65,Female,0,1,Yes,none,Non-activating,101,100,103,0
J85.84,Female,0,0,Yes,known,activating,91,92,94,0
K90.43,Female,0,0,Yes,known,activating,102,99,97,0
L74.35,Female,0,0,Yes,known,activating,105,105,99,0
M206.59,Female,0,0,Yes,known,Non-activating,95,96,96,0
N196.33,Male,1,0,Yes,none,Non-activating,105,102,98,0
O70.23,Female,0,0,Yes,none,activating,97,96,100,0
P242.94,Female,0,0,Yes,none,Non-activating,101,101,91,0
Q103.06,Female,0,0,Yes,none,activating,100,100,102,0
R80.86,Female,0,0,No,none,Non-activating,96,95,103,0
E114.32,Male,0,0,Yes,none,activating,99,102,102,0
A83.91,Male,0,1,Yes,none,Non-activating,100,93,103,0
B152.02,Male,0,0,No,none,activating,107,100,98,0
C75.19,Female,0,0,No,actionable,activating,100,106,94,0
D60.61,Female,0,0,Yes,known,activating,106,103,101,0
E89.14,Male,0,0,Yes,none,Non-activating,98,90,95,0
A97.23,Male,0,0,Yes,none,Non-activating,100,98,100,0
B135.19,Male,0,1,No,none,activating,100,104,104,0
C78.48,Male,0,0,No,actionable,Non-activating,93,94,98,0
D97.24,Female,0,0,No,none,Non-activating,103,104,94,0
E75.92,Male,0,0,Yes,none,Non-activating,98,94,96,0
A93.3,Female,0,0,Yes,none,activating,99,101,95,0
B97.39,Female,0,0,Yes,known,Non-activating,97,100,100,0
A134.61,Female,0,0,Yes,none,Non-activating,103,96,101,0
B104.02,Male,1,0,Yes,none,activating,96,105,107,0
C56.9,Male,1,0,Yes,none,Non-activating,97,99,94,0
D112.66,Male,0,0,No,actionable,activating,103,95,103,0
E226.75,Male,1,0,Yes,none,Non-activating,100,101,104,0
A76.28,Female,0,0,Yes,known,activating,98,91,100,0
B90.01,Female,0,0,Yes,none,Non-activating,99,97,106,0
C107.84,Female,0,0,Yes,none,activating,104,106,101,0
D71.06,Female,0,0,Yes,none,Non-activating,101,109,101,0
E185,Male,0,0,Yes,none,Non-activating,97,100,102,0
A104.42,Male,0,0,Yes,none,Non-activating,102,93,99,0
G89.57,Male,0,0,Yes,none,Non-activating,104,106,100,0
H136.2,Female,0,0,Yes,none,Non-activating,91,100,96,0
I128.23,Female,0,0,No,actionable,activating,100,101,108,0
J104.23,Female,0,0,No,actionable,Non-activating,99,108,102,0
K133.82,Male,0,0,No,actionable,activating,98,97,99,0
L80.82,Female,0,0,Yes,none,Non-activating,98,96,95,0
M102.35,Female,0,0,Yes,none,activating,97,103,101,0
N88.48,Female,0,0,No,actionable,activating,97,101,101,0
O88.81,Female,0,0,Yes,none,Non-activating,93,103,90,0
P75.09,Male,0,0,No,actionable,Non-activating,99,99,95,0
Q199.83,Female,0,0,No,none,Non-activating,105,103,101,0
R73.69,Female,0,0,No,actionable,Non-activating,99,100,104,0
E111.27,Female,0,1,Yes,none,activating,99,99,98,0
A68.44,Male,0,0,Yes,none,activating,101,103,94,0
B65.36,Female,0,0,Yes,none,activating,99,102,95,0
C94.12,Female,0,0,No,known,Non-activating,106,98,104,0
D96.24,Female,0,0,No,none,Non-activating,95,104,96,0
E91.25,Male,0,1,Yes,none,activating,103,106,100,0
A77.29,Male,0,0,Yes,known,activating,103,102,99,0
B125.09,Female,0,0,Yes,none,activating,94,104,96,0
C107.18,Male,0,0,No,actionable,activating,106,100,108,0
D130.07,Female,0,0,No,none,activating,109,99,100,0
E57.3,Female,0,0,Yes,none,activating,98,93,101,0
A101.35,Male,0,0,Yes,none,activating,99,100,98,0
B94.03,Male,0,0,No,known,activating,99,97,103,0
A227.81,Female,0,0,No,none,activating,107,99,98,0
B66.67,Male,0,0,Yes,none,activating,93,108,95,0
C240.81,Male,0,0,Yes,none,activating,100,100,97,0
D88.02,Female,0,0,Yes,none,Non-activating,104,96,91,0
E152.87,Female,0,0,No,none,Non-activating,97,94,103,0
A96.04,Female,0,0,No,actionable,Non-activating,104,97,107,0
B60.35,Female,0,0,Yes,none,Non-activating,102,104,102,0
C118.66,Female,0,0,Yes,none,Non-activating,96,96,101,0
D89.03,Female,0,0,Yes,none,Non-activating,100,101,99,0
E58.51,Female,0,0,Yes,none,Non-activating,103,98,108,0
A96.04,Male,0,0,Yes,none,Non-activating,103,107,106,0
G110.92,Male,0,0,Yes,known,activating,103,104,99,0
H92.72,Female,0,0,Yes,none,Non-activating,97,105,98,0
I108.23,Female,0,0,No,none,activating,101,98,99,0
J56.34,Female,0,0,Yes,none,Non-activating,93,104,103,0
K61.83,Male,0,0,Yes,none,Non-activating,97,104,99,0
L131.99,Female,0,0,Yes,none,activating,101,103,102,0
M136.81,Male,0,0,Yes,none,Non-activating,101,106,92,0
E239.28,Female,0,0,Yes,none,activating,100,96,101,0
A131.3,Female,0,0,Yes,none,Non-activating,97,106,103,0
B117.75,Male,0,1,Yes,none,Non-activating,95,93,103,0
C78.46,Male,1,0,Yes,none,Non-activating,101,95,99,0
D83.53,Male,0,0,Yes,none,Non-activating,98,102,106,0
E145.5,Male,0,0,Yes,none,Non-activating,99,90,103,0
A88.33,Female,1,0,Yes,none,Non-activating,92,96,100,0
B101.25,Male,0,0,No,none,activating,94,92,101,0
C131.43,Male,0,0,No,none,Non-activating,100,97,95,0
D231.5,Female,0,0,Yes,none,Non-activating,101,100,96,0
E82.89,Male,0,0,No,actionable,Non-activating,98,99,92,0
A192.37,Female,0,0,Yes,none,activating,103,101,102,0
B79.64,Male,0,0,Yes,none,activating,104,97,100,0
A82.88,Male,0,0,Yes,known,activating,101,100,91,0
B99.4,Male,1,0,Yes,none,activating,101,103,104,0
C77.75,Female,0,0,Yes,known,activating,102,103,107,0
D75.03,Female,1,0,Yes,none,activating,109,98,98,0
E220.47,Male,0,0,Yes,none,activating,105,92,97,0
A196.91,Male,0,0,Yes,none,activating,98,95,98,0
B180.8,Female,0,0,No,actionable,Non-activating,99,97,92,0
C247.48,Female,0,0,Yes,none,Non-activating,101,96,99,0
D216,Male,0,0,Yes,none,activating,97,97,107,0
E75.64,Female,0,0,Yes,known,Non-activating,96,93,100,0
A95.07,Male,0,0,No,actionable,activating,105,101,107,0
G129.97,Male,0,0,No,actionable,activating,98,99,107,0
H124.26,Female,0,0,No,none,Non-activating,96,101,106,0
I87.92,Male,0,0,Yes,none,Non-activating,93,100,100,0
J85.15,Female,0,0,No,actionable,activating,103,97,101,0
K95.36,Female,0,0,Yes,known,activating,105,107,107,0
L87.16,Male,0,0,No,actionable,Non-activating,92,98,98,0
M219.39,Female,0,0,No,actionable,activating,99,100,99,0
N71.92,Female,0,0,Yes,none,activating,97,106,105,0
O167.66,Male,0,0,No,none,activating,101,99,103,0
P87.21,Male,0,0,Yes,none,activating,103,98,99,0
Q220.47,Female,0,0,Yes,none,Non-activating,94,104,106,0
R80.47,Female,0,0,Yes,none,activating,99,99,105,0
E89.95,Male,0,0,Yes,known,activating,97,96,101,0
A111.32,Female,1,0,Yes,none,activating,102,102,102,0
B65.01,Male,1,0,Yes,none,activating,95,95,105,0
C110.07,Female,0,0,Yes,none,activating,102,95,96,0
D60.56,Male,0,1,Yes,known,Non-activating,103,98,105,0
E89.83,Female,1,0,Yes,none,Non-activating,98,95,106,0
A90.35,Female,0,0,No,none,Non-activating,100,109,99,0
B71.5,Female,0,0,Yes,none,activating,99,100,98,0
C71.71,Female,0,0,Yes,none,Non-activating,98,103,99,0
D173.96,Female,0,0,No,none,activating,97,93,100,0
E96.06,Female,0,0,Yes,none,activating,102,103,100,0
A113.2,Male,0,0,Yes,none,activating,97,100,103,0
B106.03,Female,0,0,No,actionable,activating,97,99,94,0
A111.38,Male,0,0,Yes,none,Non-activating,97,100,105,0
B73.29,Male,0,0,Yes,none,Non-activating,98,94,103,0
C65.71,Female,0,1,No,none,activating,100,97,101,0
D60.41,Female,0,0,No,actionable,Non-activating,106,107,94,0
E89.11,Male,0,0,No,known,Non-activating,108,100,98,0
A63.32,Male,0,0,Yes,none,Non-activating,100,101,106,0
B85.68,Female,1,0,Yes,none,activating,97,97,101,0
C162.93,Female,0,0,No,none,Non-activating,107,97,92,0
D89.22,Male,0,0,Yes,none,Non-activating,105,105,96,0
E91.68,Male,0,0,Yes,known,Non-activating,104,99,99,0
A198.33,Male,0,0,No,none,Non-activating,92,99,98,0
G85.81,Female,0,0,Yes,none,activating,98,100,99,0
H79.59,Female,0,0,Yes,none,activating,97,98,98,0
I106.74,Female,1,0,Yes,known,activating,98,104,104,0
J191.33,Female,0,0,No,none,activating,105,107,103,0
K59.52,Female,0,0,Yes,none,Non-activating,95,97,96,0
L206.52,Female,0,0,No,unknown,activating,93,100,102,0
M80.07,Male,0,0,No,actionable,Non-activating,100,104,91,0
N64.92,Female,0,0,No,actionable,Non-activating,94,97,100,0
O80,Male,0,0,No,none,Non-activating,95,103,105,0
P75.06,Male,0,0,Yes,none,activating,97,102,91,0
Q112.2,Female,0,0,Yes,none,Non-activating,97,106,92,0
R91.18,Female,0,0,Yes,none,Non-activating,100,96,103,0
E85.81,Female,0,0,No,actionable,activating,105,101,100,0
A148.37,Male,0,0,No,none,Non-activating,98,101,94,0
B64.55,Female,0,0,Yes,none,Non-activating,101,100,95,0
C97.31,Female,0,0,Yes,none,activating,95,102,100,0
D111.15,Male,0,0,Yes,none,activating,105,99,97,0
E80.97,Male,0,0,No,actionable,activating,92,96,98,0
A89.88,Male,1,0,Yes,known,Non-activating,94,99,101,0
B62.66,Male,0,1,Yes,none,Non-activating,96,104,101,0
C122.25,Female,0,0,Yes,none,activating,101,105,97,0
D87.08,Female,0,1,Yes,none,Non-activating,96,96,100,0
E85,Female,0,0,Yes,none,Non-activating,96,94,94,0
A100.49,Male,0,0,No,actionable,activating,91,101,95,0
B145.37,Female,0,0,No,none,activating,103,107,96,0
A112.19,Male,0,0,Yes,none,Non-activating,96,100,95,0
B79.73,Male,0,0,Yes,none,Non-activating,98,97,106,0
C101.13,Female,0,0,No,none,Non-activating,93,105,96,0
D101.98,Female,0,0,Yes,none,Non-activating,98,101,98,0
E98.39,Male,0,0,No,actionable,Non-activating,100,106,93,0
A128.04,Female,0,0,No,none,Non-activating,98,104,91,0
B98.12,Female,0,0,Yes,none,activating,95,97,100,0
C216.96,Female,1,0,Yes,none,Non-activating,99,103,104,0
D94.92,Male,0,0,No,none,Non-activating,103,103,101,0
E83.27,Female,0,0,Yes,none,activating,96,95,98,0
A96.86,Male,0,0,Yes,none,Non-activating,96,103,94,0
G99.73,Female,0,0,Yes,none,Non-activating,92,98,96,0
H91.71,Male,0,0,Yes,none,Non-activating,100,100,96,0
I65.77,Female,0,0,No,none,Non-activating,96,97,98,0
J161.57,Female,0,0,Yes,none,Non-activating,97,97,94,0
K74.32,Male,0,0,Yes,none,Non-activating,103,98,103,0
L170.93,Female,0,0,Yes,none,Non-activating,91,97,98,0
M74.43,Male,0,0,Yes,none,Non-activating,96,97,102,0
N86.36,Female,0,0,No,none,Non-activating,93,98,96,0
O97.06,Female,0,0,No,known,Non-activating,103,105,94,0
P110.38,Female,0,0,No,none,Non-activating,91,102,91,0
Q79.03,Female,1,0,No,none,Non-activating,95,100,98,0
R62.48,Female,0,0,No,actionable,activating,95,93,92,0
E55.62,Female,0,0,No,actionable,activating,94,98,92,0
A84.9,Female,0,0,Yes,none,activating,93,102,97,0
B232.81,Female,0,0,No,none,Non-activating,103,106,99,0
C86.55,Male,0,0,Yes,none,Non-activating,96,102,94,0
D118.61,Female,0,0,Yes,none,activating,102,102,106,0
E80.21,Female,0,0,No,none,activating,95,101,96,0
A65.96,Female,0,0,Yes,none,activating,92,106,97,0
B61.34,Female,0,0,Yes,none,Non-activating,99,99,100,0
C116.6,Male,0,0,No,actionable,activating,97,97,106,0
D85.13,Female,0,0,Yes,known,activating,95,106,90,0
E86.32,Female,0,0,Yes,none,Non-activating,91,99,93,0
A69.22,Female,0,0,Yes,known,Non-activating,100,105,97,0
B140.93,Male,0,0,No,none,activating,99,103,100,0
A83.43,Male,0,0,Yes,none,Non-activating,105,96,107,0
B207.95,Female,0,0,No,none,Non-activating,99,100,98,0
C134.29,Female,0,0,No,none,Non-activating,100,97,102,0
D115.12,Male,1,0,No,none,activating,102,102,93,0
E86.25,Female,0,0,Yes,none,Non-activating,97,94,97,0
A112.94,Male,0,0,Yes,known,Non-activating,100,92,99,0
B73.54,Male,0,0,Yes,known,activating,92,102,94,0
C80.86,Female,0,0,Yes,known,activating,96,107,98,0
D83.91,Female,0,0,Yes,none,Non-activating,92,95,104,0
E69.91,Male,0,0,No,none,activating,102,105,96,0
A95.62,Female,0,0,No,none,activating,106,99,98,0
G63.95,Female,0,0,Yes,none,Non-activating,91,102,104,0
H122.5,Female,1,0,Yes,none,activating,104,105,91,0
I86,Male,0,0,Yes,known,Non-activating,99,104,92,0
J120.27,Female,0,0,Yes,none,activating,109,101,102,0
K56.71,Female,0,0,Yes,known,activating,94,100,101,0
L131.63,Female,0,1,Yes,none,Non-activating,108,95,97,0
M79.36,Female,0,0,Yes,none,activating,101,95,100,0
N120.77,Female,0,0,Yes,none,Non-activating,93,101,102,0
O100.42,Female,0,0,Yes,none,activating,100,103,98,0
P155.86,Male,1,0,Yes,none,activating,108,102,106,0
Q66.01,Female,0,0,No,actionable,Non-activating,93,93,100,0
R86.99,Male,1,0,Yes,none,activating,106,95,105,0
E90.55,Male,0,0,No,actionable,activating,91,102,96,0
A229.58,Female,0,0,No,actionable,activating,99,95,103,0
B60.06,Female,0,0,No,known,Non-activating,102,97,98,0
C65.66,Male,0,0,No,known,activating,95,101,101,0
D104.7,Male,0,0,No,none,activating,100,100,97,0
E113.86,Female,0,0,Yes,known,Non-activating,98,95,98,0
A99.49,Male,0,0,Yes,none,activating,97,100,92,0
B165.99,Female,0,0,No,actionable,activating,100,105,102,0
C114.99,Male,1,1,No,none,activating,97,95,103,0
D79.58,Female,0,0,Yes,known,activating,107,101,105,0
E77.37,Male,0,0,Yes,none,activating,107,100,96,0
A93.55,Male,0,0,No,actionable,Non-activating,101,97,100,0
B187.22,Male,0,0,No,actionable,activating,103,101,101,0
A167.59,Female,0,0,Yes,none,activating,102,103,96,0
B98.03,Female,0,0,Yes,none,Non-activating,100,103,107,0
C88.79,Female,0,0,Yes,none,activating,96,104,95,0
D92.9,Female,0,0,Yes,known,activating,96,101,106,0
E117.34,Female,0,0,Yes,none,Non-activating,95,93,94,0
A80.75,Male,0,0,No,actionable,Non-activating,105,103,100,0
B77.51,Female,0,0,Yes,none,activating,96,102,96,0
C105.63,Male,0,0,Yes,none,Non-activating,101,98,100,0
D114.34,Female,0,0,Yes,none,activating,101,99,100,0
E227.04,Female,0,0,No,none,activating,98,98,95,0
A87.56,Female,0,0,No,none,activating,97,97,104,0
G84.47,Female,0,0,Yes,none,activating,102,107,96,0
H96.26,Male,0,0,No,actionable,activating,97,104,104,0
I116.64,Female,0,0,Yes,none,Non-activating,106,104,98,0
J79.57,Female,0,0,No,known,activating,98,101,100,0
K78.44,Male,0,0,Yes,none,activating,99,100,107,0
L64.15,Female,0,0,Yes,none,activating,99,103,91,0
M74.5,Female,0,0,No,none,Non-activating,107,95,92,0
N70.32,Female,1,0,No,none,activating,106,100,100,0
O84.48,Female,0,0,No,actionable,activating,95,96,101,0
P144.08,Female,0,0,Yes,none,Non-activating,97,90,97,0
Q78.14,Male,0,0,Yes,none,activating,101,92,100,0
R133.58,Female,0,0,Yes,none,Non-activating,104,102,109,0
E214.42,Female,1,0,Yes,none,activating,107,99,95,0
A80.63,Female,0,0,No,known,Non-activating,101,100,95,0
B233.71,Female,0,0,No,none,Non-activating,105,96,100,0
C96,Male,0,0,Yes,known,activating,101,97,106,0
D74.52,Female,0,0,No,none,activating,107,102,99,0
E131.4,Male,0,0,Yes,known,activating,104,101,95,0
A216.4,Male,0,0,Yes,none,activating,102,100,99,0
B108.8,Male,0,0,Yes,none,activating,98,101,96,0
C97.06,Male,0,0,Yes,none,activating,100,101,105,0
D266.59,Female,0,0,Yes,none,Non-activating,104,103,107,0
E55.58,Male,0,0,No,actionable,activating,106,101,102,0
A65.87,Male,0,0,No,actionable,Non-activating,95,98,98,0
B89.28,Female,0,0,Yes,none,activating,104,98,100,0
A56.12,Male,0,0,No,actionable,Non-activating,99,106,94,0
B74.7,Female,0,0,Yes,none,activating,98,100,97,0
C83.06,Female,0,0,Yes,none,activating,94,101,99,0
D227.94,Female,1,0,Yes,none,activating,97,93,97,0
E84.88,Female,0,0,No,actionable,activating,103,103,99,0
A64.2,Female,0,0,No,actionable,activating,96,104,99,0
B137.22,Male,0,0,No,actionable,Non-activating,105,104,100,0
C81.44,Male,0,0,No,actionable,activating,104,102,105,0
D90.26,Female,0,0,Yes,none,Non-activating,101,94,93,0
E68.48,Female,0,0,Yes,known,activating,98,103,97,0
A100.02,Female,0,0,No,none,Non-activating,101,103,97,0
G100.61,Female,0,0,No,none,Non-activating,98,90,101,0
H156.82,Female,0,0,Yes,none,Non-activating,98,97,91,0
I81.66,Male,0,0,Yes,none,Non-activating,106,103,99,0
J112.22,Female,0,0,No,actionable,Non-activating,96,102,97,0
K90.62,Male,0,0,Yes,none,activating,107,107,105,0
L72.49,Male,0,0,No,actionable,activating,98,97,95,0
M107.47,Female,0,0,Yes,none,Non-activating,93,99,98,0
N92.11,Female,0,0,Yes,known,Non-activating,104,97,95,0
O70.54,Male,0,0,Yes,known,Non-activating,98,101,103,0
P205,Male,0,1,Yes,none,activating,104,99,97,0
Q126.39,Male,0,0,Yes,none,activating,94,91,96,0
R89.72,Female,0,0,Yes,none,Non-activating,106,100,108,0
E92.08,Female,1,1,Yes,none,Non-activating,94,103,98,0
A85.38,Female,0,0,No,actionable,Non-activating,96,103,99,0
B95.25,Male,0,0,Yes,none,activating,100,94,107,0
C75.91,Female,0,0,Yes,none,Non-activating,101,99,96,0
D203.44,Female,0,0,Yes,none,activating,104,94,99,0
E243.73,Male,0,1,Yes,none,activating,103,94,99,0
A88.23,Male,0,0,Yes,none,Non-activating,94,91,99,0
B97.47,Male,0,0,No,none,activating,94,108,97,0
C59.28,Female,0,0,Yes,none,activating,98,98,97,0
D101.15,Female,0,0,Yes,none,activating,100,97,98,0
E68.38,Male,0,0,No,none,activating,102,104,96,0
A55.46,Female,0,0,Yes,none,Non-activating,99,94,93,0
B113.87,Female,0,0,Yes,none,activating,99,99,92,0
A67.03,Female,0,0,Yes,none,Non-activating,98,103,96,0
B96.35,Male,0,0,No,none,activating,98,98,103,0
C127.21,Female,0,0,Yes,none,Non-activating,93,95,102,0
D78.9,Male,0,0,No,none,activating,97,100,99,0
E59.91,Male,0,0,No,none,activating,98,96,100,0
A160.94,Male,1,1,Yes,none,Non-activating,97,100,104,0
B59.61,Male,0,0,No,none,Non-activating,107,101,98,0
C87.94,Male,1,0,Yes,none,activating,91,102,100,0
D97.55,Female,0,0,Yes,none,activating,103,98,96,0
E116.02,Male,0,1,Yes,none,Non-activating,106,102,105,0
A127.32,Male,0,0,No,none,activating,103,101,105,0
G75.5,Male,0,1,Yes,none,Non-activating,102,95,101,0
H79.35,Female,0,0,Yes,none,Non-activating,104,101,101,0
I176.25,Male,1,1,Yes,none,Non-activating,104,106,99,0
J108.56,Male,0,0,Yes,none,activating,93,99,100,0
K168.06,Female,0,0,No,none,Non-activating,107,102,100,0
L75.52,Female,0,0,No,actionable,activating,103,103,95,0
M82.15,Male,0,1,Yes,none,activating,95,103,93,0
N200.28,Female,0,0,No,none,activating,96,100,93,0
O62.44,Female,1,0,Yes,none,activating,99,96,105,0
P84.31,Male,0,0,No,actionable,Non-activating,98,98,104,0
Q221.43,Male,0,0,No,actionable,Non-activating,98,93,100,0
R165.47,Male,0,1,Yes,none,activating,96,97,101,0
E96.69,Male,0,0,Yes,none,Non-activating,101,94,102,0
A63.98,Female,1,0,Yes,none,activating,100,97,98,0
B145.03,Male,0,0,No,none,Non-activating,97,102,97,0
C98.53,Male,0,0,No,none,Non-activating,103,101,97,0
D105.55,Female,0,0,Yes,none,Non-activating,94,103,101,0
E134.23,Male,0,0,No,actionable,Non-activating,97,92,96,0
A62.48,Female,0,0,Yes,none,Non-activating,108,100,95,0
B213.38,Male,0,0,Yes,none,activating,98,99,102,0
C70.52,Male,0,1,Yes,none,Non-activating,105,108,101,0
D93.21,Male,0,0,No,actionable,activating,99,104,97,0
E82.39,Female,0,0,No,actionable,Non-activating,96,102,100,0
A88.29,Male,0,1,Yes,none,activating,96,106,101,0
B80.18,Female,0,0,Yes,none,Non-activating,105,108,96,0
A84.02,Male,0,0,No,known,Non-activating,102,102,101,0
B69.72,Male,0,0,Yes,known,activating,102,101,99,0
C192.16,Male,1,0,Yes,none,activating,102,98,100,0
D82.27,Female,0,0,Yes,none,activating,97,99,99,0
E101.87,Male,0,0,Yes,none,activating,99,93,102,0
A77.55,Female,0,0,Yes,none,activating,98,95,100,0
B215.72,Male,0,0,No,none,activating,97,102,91,0
C87.84,Male,1,0,Yes,none,Non-activating,104,97,96,0
D91.93,Female,0,0,No,actionable,Non-activating,100,104,105,0
E58.63,Female,0,0,Yes,known,activating,93,96,97,0
A173.14,Male,0,0,Yes,none,Non-activating,105,97,98,0
G106.83,Male,0,0,Yes,none,activating,105,97,103,0
H84.44,Female,0,0,Yes,none,Non-activating,96,91,93,0
I92.16,Male,1,0,Yes,none,activating,100,101,106,0
J85.96,Female,0,0,No,actionable,activating,98,103,101,0
K202.57,Female,0,0,Yes,none,Non-activating,106,101,104,0
L65.41,Female,0,0,Yes,none,Non-activating,97,91,105,0
M102.51,Male,0,0,Yes,none,activating,98,101,109,0
E62.6,Female,0,0,No,none,activating,102,99,101,0
A150.1,Male,0,0,Yes,none,Non-activating,98,105,97,0
B94.15,Male,0,0,No,actionable,activating,94,102,94,0
C65.5,Female,0,0,Yes,none,activating,108,100,102,0
D81.31,Male,1,0,Yes,none,Non-activating,101,108,102,0
E78.96,Male,0,0,Yes,none,Non-activating,106,99,102,0
A123.47,Female,1,0,Yes,none,Non-activating,106,105,99,0
B90.4,Male,0,0,Yes,none,activating,99,101,102,0
C71.59,Female,1,0,Yes,none,Non-activating,105,96,96,0
D209.5,Female,0,0,No,none,activating,94,94,93,0
E86.6,Male,0,0,No,none,Non-activating,92,96,100,0
A57.43,Male,0,0,No,none,activating,103,92,95,0
B87.93,Female,0,1,No,none,activating,96,95,100,0
A203.16,Female,0,0,Yes,none,activating,98,96,99,0
B112.12,Female,0,0,Yes,none,Non-activating,96,101,105,0
C92.02,Male,0,0,No,actionable,activating,93,97,102,0
D60.98,Male,0,0,Yes,none,Non-activating,104,99,98,0
E86.35,Female,0,0,Yes,none,activating,102,98,103,0
A71.26,Male,0,0,Yes,none,Non-activating,92,94,106,0
B72.61,Female,0,1,Yes,none,activating,103,104,103,0
C110.78,Female,0,0,Yes,none,Non-activating,99,95,95,0
D99.78,Female,0,0,Yes,none,activating,102,104,105,0
E201.45,Female,0,0,No,known,activating,101,102,101,0
A127.78,Male,0,0,Yes,none,Non-activating,104,109,104,0
G121.32,Male,0,0,No,actionable,Non-activating,102,94,102,0
H83.89,Female,0,0,Yes,none,Non-activating,104,97,98,0
I74.06,Female,0,0,No,actionable,activating,98,100,101,0
J206.15,Male,0,0,Yes,known,Non-activating,97,101,100,0
K102.9,Male,0,1,Yes,known,activating,95,92,100,0
L65.48,Male,0,0,No,actionable,Non-activating,99,100,96,0
M123.23,Female,0,0,Yes,none,Non-activating,103,98,101,0
N71.3,Male,0,0,No,actionable,Non-activating,100,97,96,0
O79.05,Female,0,0,Yes,none,Non-activating,93,102,101,0
P102.21,Female,0,0,Yes,none,activating,101,97,102,0
Q105.22,Female,0,0,Yes,none,activating,97,100,102,0
R84.58,Female,0,0,Yes,none,activating,105,98,101,0
E77.3,Female,0,0,Yes,none,activating,102,96,94,0
A74.79,Female,0,0,Yes,known,Non-activating,99,104,99,0
B88.75,Female,0,0,Yes,none,activating,103,97,104,0
C97.97,Female,0,0,Yes,none,activating,100,103,92,0
D79.18,Male,0,0,Yes,none,Non-activating,96,99,102,0
E81.33,Male,0,0,No,actionable,activating,97,103,95,0
A126.68,Male,1,0,Yes,none,Non-activating,93,102,98,0
B196.61,Female,0,0,No,none,activating,109,98,104,0
C219.92,Female,0,0,Yes,none,Non-activating,95,100,94,0
D79.16,Male,0,0,Yes,known,Non-activating,104,103,98,0
E99.68,Female,0,0,Yes,none,activating,109,97,99,0
A79.55,Female,0,0,Yes,none,activating,106,99,97,0
B87.86,Male,0,0,Yes,none,Non-activating,99,105,101,0
A76.92,Male,0,0,No,none,Non-activating,96,96,96,0
B77.24,Female,0,0,Yes,none,activating,102,102,99,0
C120.94,Female,0,0,Yes,none,Non-activating,100,99,95,0
D77.66,Female,0,0,Yes,known,activating,94,97,107,0
E231.95,Male,0,0,Yes,none,activating,103,104,97,0
A111.48,Female,0,0,Yes,none,Non-activating,102,93,90,0
B84.25,Male,0,0,No,actionable,Non-activating,94,100,101,0
C216.38,Female,0,0,No,actionable,Non-activating,105,101,93,0
D95.01,Female,0,0,Yes,none,Non-activating,94,92,107,0
E105.74,Male,0,0,Yes,none,Non-activating,98,101,100,0
A58.41,Female,0,0,Yes,none,Non-activating,100,102,102,0
G56.89,Male,1,0,Yes,none,activating,101,106,99,0
H86.25,Male,0,0,Yes,none,activating,105,94,101,0
I86.49,Female,0,0,Yes,known,Non-activating,95,102,101,0
J115.47,Female,0,0,Yes,known,Non-activating,96,98,100,0
K92.22,Female,0,0,No,none,Non-activating,100,99,98,0
L83.16,Female,0,0,Yes,none,activating,97,94,108,0
M110.68,Female,0,0,No,actionable,activating,104,103,108,0
N70.06,Male,0,0,Yes,none,activating,99,100,105,0
O213.33,Male,0,1,Yes,none,Non-activating,103,102,93,0
P93.52,Female,0,0,Yes,none,activating,99,103,97,0
Q87.62,Male,0,0,No,none,activating,103,100,91,0
R77.67,Female,0,0,Yes,none,Non-activating,101,97,102,0
E95.66,Female,0,0,Yes,none,activating,95,97,101,0
A172.33,Male,0,1,Yes,none,activating,100,98,106,0
B106.59,Female,0,0,Yes,none,Non-activating,101,98,95,0
C87.06,Female,0,0,Yes,none,Non-activating,100,107,98,0
D93.02,Male,0,0,Yes,known,activating,94,99,103,0
E243.59,Female,0,0,Yes,known,Non-activating,99,96,103,0
A86.7,Female,0,0,Yes,none,Non-activating,98,99,104,0
B97.81,Female,0,0,Yes,none,Non-activating,96,95,97,0
C116.04,Female,0,0,No,none,Non-activating,96,101,106,0
D169.43,Female,1,0,Yes,known,activating,93,95,99,0
E68.41,Female,0,0,Yes,none,Non-activating,98,103,94,0
A94.44,Male,0,0,Yes,known,activating,100,103,90,0
B73.48,Male,0,0,Yes,known,Non-activating,92,98,95,0
A183.87,Female,0,0,No,none,activating,102,100,100,0
B66.08,Male,0,0,Yes,known,Non-activating,106,104,104,0
C72.19,Female,0,0,Yes,none,activating,103,99,100,0
D101.09,Male,0,0,No,actionable,activating,100,93,97,0
E88.83,Female,0,0,No,known,activating,100,94,101,0
A69.99,Male,0,0,Yes,known,activating,97,96,98,0
B102.4,Female,0,0,Yes,known,activating,99,105,104,0
C87.26,Male,1,0,Yes,known,activating,97,94,96,0
D146.59,Female,0,0,Yes,known,Non-activating,97,106,104,0
E59,Female,0,0,Yes,known,activating,100,102,97,0
A76.83,Female,0,0,No,actionable,Non-activating,100,96,97,0
G101.83,Female,0,0,No,actionable,activating,103,99,104,0
H90.92,Male,0,0,Yes,none,activating,103,100,105,0
I67.5,Male,0,0,No,none,activating,105,102,98,0
J97.16,Female,0,0,No,actionable,activating,103,91,98,0
K85.62,Male,0,0,Yes,none,activating,95,93,106,0
L129.43,Male,0,0,No,known,Non-activating,94,99,100,0
M106.01,Male,1,0,Yes,none,activating,100,96,103,0
N114.82,Female,0,0,No,actionable,activating,104,102,94,0
O121.39,Female,0,0,Yes,none,Non-activating,102,98,102,0
P227.98,Male,0,0,No,none,activating,97,98,104,0
Q78.97,Female,0,0,Yes,known,Non-activating,101,100,101,0
R84.12,Female,0,0,No,known,Non-activating,102,97,99,0
E95.04,Female,0,0,No,known,activating,98,97,99,0
A103.15,Male,0,0,Yes,none,Non-activating,105,104,107,0
B82.91,Male,0,0,Yes,none,activating,102,101,97,0
C70.93,Female,1,0,Yes,known,activating,101,102,99,0
D153.6,Female,0,0,Yes,none,activating,100,105,102,0
E129.43,Male,0,0,Yes,none,activating,93,95,108,0
A81,Female,0,0,Yes,none,activating,100,103,100,0
B71.81,Male,0,0,No,none,activating,95,101,108,0
C84.46,Male,1,0,Yes,none,activating,94,104,105,0
D101.32,Female,0,0,No,actionable,Non-activating,96,102,97,0
E62.56,Male,0,0,No,none,Non-activating,99,97,97,0
A208.2,Female,0,0,Yes,none,Non-activating,104,92,95,0
B199.42,Female,0,0,Yes,none,Non-activating,97,92,99,0
A91.28,Male,1,0,Yes,none,activating,99,101,103,0
B77.99,Male,0,0,Yes,none,Non-activating,93,93,103,0
C190.13,Female,0,0,No,actionable,Non-activating,103,99,100,0
D149.68,Male,0,0,Yes,known,activating,98,104,92,0
E92.3,Female,0,0,Yes,none,Non-activating,96,99,94,0
A235.54,Male,0,1,Yes,none,Non-activating,97,95,102,0
B84.46,Female,0,0,No,none,Non-activating,105,97,99,0
C68.7,Female,0,0,No,actionable,activating,105,99,96,0
D178.89,Female,0,0,Yes,none,activating,100,100,100,0
E227.74,Female,0,0,No,known,Non-activating,96,102,101,0
A100.66,Female,0,0,Yes,none,activating,92,92,98,0
G73.62,Female,0,0,Yes,none,activating,102,100,98,0
H100.05,Female,1,0,Yes,none,Non-activating,92,99,102,0
I213.8,Male,0,0,Yes,none,activating,104,94,97,0
J103.94,Male,0,0,No,none,Non-activating,98,104,101,0
K84.2,Male,0,0,Yes,none,Non-activating,95,106,100,0
L250.8,Female,0,0,Yes,known,activating,94,98,94,0
M112.29,Female,0,0,Yes,none,Non-activating,106,101,98,0
N65.98,Male,0,0,No,none,activating,105,99,97,0
O99.1,Male,0,0,Yes,none,activating,98,93,100,0
P217.84,Female,0,0,No,none,Non-activating,103,103,101,0
Q104.34,Female,0,0,Yes,none,activating,91,94,92,0
R217,Male,0,0,Yes,none,activating,102,102,102,0
E57.47,Female,0,0,No,actionable,activating,105,101,98,0
A78.24,Female,1,1,No,known,activating,94,99,98,0
B94.38,Female,1,0,Yes,none,activating,98,100,100,0
C100.31,Male,0,0,Yes,known,activating,100,100,104,0
D74.29,Male,0,0,Yes,none,activating,99,99,93,0
E103.43,Male,0,0,Yes,none,Non-activating,100,101,100,0
A99.83,Male,0,0,No,none,Non-activating,101,109,101,0
B217.4,Male,0,0,Yes,known,Non-activating,98,98,103,0
C71.81,Male,0,0,No,none,activating,105,98,102,0
D79.79,Female,0,0,No,actionable,activating,102,98,102,0
E190.92,Male,1,1,Yes,none,Non-activating,97,100,97,0
A94.76,Male,0,0,No,known,Non-activating,96,97,95,0
B101.43,Female,0,1,Yes,none,Non-activating,96,99,95,0
A115.86,Female,0,0,No,unknown,Non-activating,97,99,94,0
B95.27,Male,0,0,Yes,none,activating,97,100,99,0
C89.02,Female,0,0,No,none,activating,99,102,104,0
D77.55,Male,0,0,Yes,none,Non-activating,95,94,101,0
E75.86,Female,0,0,No,actionable,Non-activating,100,92,95,0
A93.62,Female,0,0,No,none,activating,96,101,100,0
B72.71,Female,0,0,Yes,none,activating,97,101,96,0
C94.45,Female,0,0,No,none,activating,94,95,104,0
D88.57,Male,0,0,No,actionable,Non-activating,97,97,105,0
E84.12,Male,0,0,No,none,Non-activating,98,100,101,0
A89.11,Female,0,0,Yes,none,activating,94,99,98,0
G99.83,Female,1,0,Yes,known,Non-activating,106,96,105,0
H150.03,Male,0,0,No,actionable,activating,98,103,104,0
I69.67,Male,1,0,Yes,none,activating,95,96,103,0
J77.46,Female,0,0,Yes,known,activating,100,101,96,0
K100.54,Female,0,0,No,none,Non-activating,103,100,104,0
L142.38,Male,0,0,Yes,none,Non-activating,98,98,102,0
M110.87,Female,0,0,Yes,none,activating,97,107,107,0
N73.6,Female,0,0,No,actionable,Non-activating,105,99,102,0
O59.52,Male,0,0,No,unknown,Non-activating,99,98,92,0
P142.68,Female,0,0,Yes,none,Non-activating,97,100,104,0
Q182.9,Female,0,0,Yes,none,Non-activating,92,95,102,0
R75.28,Female,0,0,No,none,Non-activating,97,97,101,0
E100.75,Female,0,0,No,none,Non-activating,101,100,95,0
A163.82,Male,0,0,No,none,Non-activating,102,98,105,0
B110.42,Male,0,0,Yes,none,activating,102,95,94,0
C105.18,Male,0,0,No,known,activating,105,100,106,0
D79.59,Male,0,0,Yes,none,activating,104,101,100,0
E107.99,Female,0,0,Yes,none,Non-activating,102,95,106,0
A90.22,Female,0,0,Yes,none,activating,97,96,105,0
B143.45,Female,0,0,Yes,known,Non-activating,106,103,98,0
C78.57,Female,0,0,Yes,none,Non-activating,96,101,95,0
D79.82,Female,0,0,No,none,activating,101,92,99,0
E95.88,Female,0,0,Yes,none,activating,101,102,101,0
A123.04,Male,0,0,No,actionable,activating,91,97,101,0
B92.34,Female,0,0,No,none,activating,99,102,103,0
A116.84,Female,0,0,Yes,none,activating,94,105,100,0
B90.04,Female,0,0,Yes,none,Non-activating,108,106,99,0
C255.17,Female,0,0,Yes,known,Non-activating,95,95,99,0
D217.55,Female,0,0,No,none,activating,94,91,106,0
E123.66,Male,0,0,Yes,none,activating,99,96,103,0
A112.16,Female,0,0,No,none,Non-activating,93,100,98,0
B88.43,Female,0,0,Yes,none,Non-activating,99,100,96,0
C86.03,Female,0,0,Yes,none,activating,96,104,100,0
D227.96,Female,0,0,No,none,activating,92,98,99,0
E85.6,Male,0,0,Yes,none,activating,105,107,92,0
A111.68,Female,0,0,Yes,none,activating,97,101,104,0
G73.49,Male,1,0,Yes,none,Non-activating,96,100,103,0
H87.82,Male,0,1,Yes,none,Non-activating,106,103,103,0
I99.29,Female,0,0,Yes,none,activating,96,102,95,0
J63.73,Male,0,0,Yes,none,activating,105,92,99,0
K85.55,Male,0,0,Yes,none,Non-activating,92,99,97,0
L79.2,Female,0,0,Yes,known,activating,97,102,105,0
M105.93,Female,0,0,Yes,none,Non-activating,104,94,102,0
N94.19,Male,0,0,Yes,none,activating,92,97,96,0
O231.71,Female,0,0,No,actionable,activating,93,104,102,0
P69.28,Male,0,0,No,none,activating,95,92,102,0
Q71.37,Female,0,0,Yes,none,activating,97,97,92,0
R110.18,Female,0,0,No,actionable,Non-activating,101,99,93,0
E59.68,Male,0,0,Yes,none,activating,96,93,94,0
A94.24,Female,0,0,No,unknown,activating,93,94,97,0
B82.1,Female,0,0,Yes,known,Non-activating,95,99,104,0
C62.62,Female,0,0,No,none,activating,104,97,98,0
D107.83,Male,0,0,Yes,none,Non-activating,101,95,104,0
E107.59,Female,0,0,Yes,none,Non-activating,106,100,100,0
A116.98,Male,0,0,Yes,known,activating,100,102,98,0
B84.1,Female,0,0,Yes,none,Non-activating,100,98,99,0
C160.64,Male,0,0,No,none,Non-activating,106,103,96,0
D84.4,Female,0,0,No,none,Non-activating,97,101,99,0
E81.13,Male,0,0,No,actionable,Non-activating,95,94,97,0
A88.19,Female,0,0,Yes,known,Non-activating,93,99,94,0
B127.13,Female,0,0,No,none,activating,97,108,99,0
A119.61,Male,0,0,Yes,none,Non-activating,98,108,101,0
B143.47,Male,0,0,No,none,Non-activating,101,104,100,0
C84.6,Male,0,0,Yes,none,Non-activating,104,98,93,0
D110.72,Male,0,0,No,none,Non-activating,97,100,103,0
E158.93,Female,0,0,Yes,none,Non-activating,96,100,96,0
A68.94,Female,0,0,Yes,none,Non-activating,94,107,102,0
B69.38,Female,0,1,Yes,known,activating,104,104,98,0
C72,Female,0,1,Yes,none,activating,96,99,100,0
D57.76,Male,0,0,No,actionable,activating,100,105,100,0
E108.65,Female,0,0,Yes,none,activating,91,100,95,0
A65.42,Female,0,0,No,actionable,Non-activating,93,93,98,0
G78.93,Female,0,0,Yes,known,Non-activating,97,106,100,0
H98.34,Female,0,0,No,none,Non-activating,103,96,100,0
I82.57,Female,0,0,Yes,none,activating,96,101,100,0
J124.37,Female,0,0,Yes,known,Non-activating,98,95,101,0
K100.96,Female,0,0,No,actionable,Non-activating,108,95,100,0
L75.22,Female,0,0,Yes,none,activating,102,103,94,0
M59.85,Male,0,0,Yes,none,activating,92,94,97,0
N104.75,Male,0,0,No,none,Non-activating,100,96,93,0
O70.98,Female,0,0,No,actionable,Non-activating,99,93,96,0
P92.77,Male,0,0,Yes,none,activating,99,101,104,0
Q82.12,Male,0,0,Yes,none,Non-activating,102,100,99,0
R106.35,Male,0,0,No,known,Non-activating,92,105,107,0
E77.33,Male,0,0,Yes,none,activating,96,104,99,0
A96.01,Female,0,0,Yes,none,Non-activating,97,107,109,0
B107.49,Male,0,1,Yes,none,Non-activating,97,95,104,0
C88.47,Female,0,0,No,actionable,activating,105,104,98,0
D87.92,Female,0,0,No,none,Non-activating,93,101,102,0
E91.13,Female,0,1,Yes,none,Non-activating,101,100,99,0
A80.72,Female,0,0,Yes,none,activating,100,95,97,0
B59.83,Female,0,0,Yes,none,Non-activating,105,95,99,0
C67.02,Female,0,0,Yes,none,Non-activating,101,104,98,0
D60.22,Male,0,0,Yes,none,activating,102,101,98,0
E82.41,Female,0,0,Yes,none,Non-activating,100,95,99,0
A75.78,Male,0,0,No,actionable,activating,96,102,94,0
B102.42,Male,1,0,Yes,none,activating,99,103,99,0
A98.45,Female,0,0,Yes,none,Non-activating,92,99,97,0
B93.51,Female,0,0,Yes,none,activating,96,92,101,0
C113.68,Male,1,0,Yes,none,Non-activating,99,103,97,0
D97.41,Male,0,0,No,none,activating,95,102,95,0
E58.65,Female,0,0,Yes,none,activating,103,103,101,0
A81.68,Male,0,0,No,none,activating,95,106,100,0
B148.52,Male,0,0,Yes,none,activating,103,103,99,0
C77.55,Male,0,0,Yes,none,activating,96,96,96,0
D142.12,Male,0,0,Yes,none,activating,100,103,93,0
E125.3,Female,0,0,Yes,known,Non-activating,95,96,95,0
A118.81,Male,0,0,No,none,Non-activating,103,97,106,0
G84.16,Female,0,0,Yes,none,activating,103,100,103,0
H78.74,Female,0,0,Yes,none,Non-activating,105,98,99,0
I57.51,Male,0,0,No,none,Non-activating,108,96,97,0
J61.11,Female,0,0,No,none,activating,100,105,100,0
K78.3,Female,0,0,Yes,known,Non-activating,99,101,96,0
L76.19,Female,0,0,No,actionable,Non-activating,99,105,98,0
M115.99,Male,0,0,Yes,none,Non-activating,100,99,97,0
E100.8,Male,1,0,Yes,none,Non-activating,102,101,93,0
A98.27,Male,0,0,Yes,none,activating,104,94,104,0
B93.85,Male,0,0,Yes,none,Non-activating,100,96,99,0
C94.69,Female,0,0,No,none,activating,92,95,92,0
D136.23,Female,0,0,Yes,none,Non-activating,100,101,98,0
E56.12,Female,0,0,No,none,activating,95,102,99,0
A93.03,Male,0,0,No,none,activating,100,99,101,0
B196.81,Female,0,0,No,actionable,Non-activating,94,105,98,0
C87.81,Male,1,0,Yes,none,Non-activating,104,97,96,0
D222.66,Male,0,0,No,none,Non-activating,104,97,100,0
E223.58,Female,0,0,Yes,none,Non-activating,103,108,108,0
A85.77,Male,0,0,No,actionable,activating,102,104,104,0
B88.23,Female,0,0,Yes,known,Non-activating,97,102,101,0
A73.65,Male,0,0,Yes,known,Non-activating,106,92,100,0
B141.8,Male,0,0,No,actionable,activating,100,101,97,0
C92.65,Female,0,0,No,known,activating,101,107,98,0
D198.79,Female,0,0,Yes,known,Non-activating,99,100,99,0
E61.04,Male,0,0,Yes,none,Non-activating,95,94,103,0
A102.88,Male,0,0,Yes,none,activating,103,97,106,0
B123.39,Male,0,0,Yes,none,activating,100,101,99,0
C67.07,Female,1,1,Yes,none,Non-activating,100,104,101,0
D69.88,Female,0,0,Yes,none,activating,94,100,96,0
E57.02,Male,0,0,Yes,none,Non-activating,100,98,103,0
A123.81,Male,0,0,Yes,none,Non-activating,108,104,95,0
G73.36,Male,0,0,No,actionable,Non-activating,104,100,101,0
H90.54,Male,1,0,Yes,none,Non-activating,98,102,99,0
I69.24,Female,0,0,Yes,none,Non-activating,98,98,94,0
J192.39,Female,0,0,No,none,activating,104,99,98,0
K233.3,Male,0,0,No,actionable,activating,109,99,95,0
L74.35,Female,0,0,Yes,none,activating,108,98,100,0
M71.94,Male,0,0,Yes,none,Non-activating,106,100,97,0
N82.35,Female,0,0,Yes,none,activating,109,103,103,0
O73.28,Female,1,0,No,none,Non-activating,99,99,101,0
P97.57,Female,0,1,Yes,none,Non-activating,100,100,97,0
Q83.3,Female,0,0,Yes,none,activating,98,109,101,0
R85.07,Male,0,0,Yes,none,Non-activating,103,98,98,0
E60.4,Female,1,0,Yes,none,activating,107,98,93,0
A79.96,Male,0,0,Yes,none,activating,100,99,108,0
B70.96,Male,0,0,No,none,Non-activating,100,95,96,0
C82.86,Female,1,0,Yes,none,Non-activating,95,96,101,0
D97.87,Female,0,0,No,none,activating,105,96,102,0
E201.38,Female,0,0,Yes,known,activating,104,106,102,0
A91.82,Female,0,0,No,actionable,activating,107,105,103,0
B91.85,Male,0,0,Yes,none,Non-activating,99,95,99,0
C99.23,Male,0,1,Yes,none,activating,100,97,95,0
D68.13,Male,0,0,No,actionable,activating,100,99,99,0
E93.76,Male,0,0,Yes,none,activating,100,99,96,0
A103.89,Female,0,0,Yes,none,Non-activating,105,100,104,0
B87.39,Male,0,0,Yes,none,activating,105,98,93,0
A89.53,Male,0,0,Yes,none,activating,94,99,97,0
B66.61,Male,0,1,Yes,none,activating,95,96,103,0
C236.14,Male,0,0,No,actionable,activating,106,98,100,0
D99.76,Male,0,0,Yes,none,activating,94,96,99,0
E87.09,Female,0,0,Yes,none,activating,105,106,101,0
A193.81,Male,0,0,No,known,Non-activating,101,105,100,0
B97.27,Male,1,1,Yes,none,Non-activating,92,99,97,0
C137.77,Male,0,0,Yes,none,Non-activating,100,97,98,0
D105.19,Female,0,0,Yes,none,activating,98,98,92,0
E82.72,Male,0,0,Yes,none,activating,101,100,99,0
A58.35,Male,0,0,Yes,none,Non-activating,107,95,91,0
G68.79,Male,0,0,Yes,none,Non-activating,99,90,96,0
H94.19,Male,0,0,Yes,none,activating,99,107,94,0
I121.17,Female,0,0,No,none,activating,106,103,91,0
J106.41,Female,0,0,Yes,none,Non-activating,99,98,90,0
K104.79,Male,0,0,No,none,activating,99,97,107,0
L82.18,Female,0,0,No,none,Non-activating,104,93,106,0
M96.81,Female,1,0,Yes,known,Non-activating,96,107,101,0
N107.42,Female,0,0,Yes,none,activating,101,105,99,0
O69.2,Female,0,0,Yes,known,activating,99,92,106,0
P92.73,Female,0,0,Yes,none,activating,106,94,97,0
Q86.11,Female,0,0,No,unknown,activating,105,101,100,0
R111.78,Female,0,1,Yes,none,Non-activating,97,96,95,0
E122.26,Male,0,0,No,none,activating,97,105,106,0
A78.16,Male,0,0,No,none,Non-activating,98,105,99,0
B105.77,Male,0,0,No,actionable,Non-activating,102,106,97,0
C102.97,Male,0,0,Yes,none,activating,108,96,108,0
D77.53,Female,0,0,Yes,none,activating,99,104,99,0
E77.35,Female,0,0,No,known,activating,92,94,94,0
A82.36,Male,0,0,Yes,none,activating,95,98,98,0
B239.95,Female,0,0,Yes,none,activating,103,103,100,0
C61.96,Male,0,0,No,actionable,activating,95,94,96,0
D72.1,Male,0,0,No,actionable,activating,99,93,100,0
E107.97,Male,0,0,No,actionable,activating,106,94,101,0
A60.77,Female,0,0,No,none,Non-activating,94,98,97,0
B71.06,Male,0,0,Yes,none,activating,99,93,93,0
A60.36,Female,0,0,Yes,none,activating,100,104,103,0
B83.33,Female,0,0,Yes,none,Non-activating,104,95,105,0
C65.33,Female,0,1,Yes,none,activating,93,98,104,0
D113.28,Female,0,0,Yes,none,Non-activating,99,103,99,0
E170.88,Male,0,0,No,none,Non-activating,98,98,101,0
A103.34,Male,0,0,Yes,none,activating,97,96,102,0
B106.08,Male,0,1,Yes,known,activating,100,102,99,0
C156.45,Male,0,0,Yes,none,activating,92,101,99,0
D60.05,Female,1,1,Yes,known,activating,98,94,102,0
E114.05,Female,0,0,Yes,none,Non-activating,100,106,101,0
A202.21,Male,0,0,No,none,activating,96,98,94,0
G57.28,Female,0,0,No,none,Non-activating,92,107,102,0
H99.49,Female,0,0,Yes,none,Non-activating,107,97,98,0
I63.6,Female,0,0,Yes,none,activating,106,103,105,0
J80.01,Female,0,0,No,actionable,Non-activating,103,94,98,0
K58.42,Female,0,0,No,none,activating,100,97,100,0
L67.38,Female,0,0,Yes,none,Non-activating,100,100,104,0
M73.58,Female,1,0,Yes,none,activating,102,98,99,0
N103.92,Female,0,0,No,none,activating,93,99,94,0
O80.22,Male,0,0,Yes,none,Non-activating,95,105,103,0
P103.76,Male,0,0,No,known,activating,100,99,108,0
Q77.06,Male,0,0,Yes,none,Non-activating,99,91,97,0
R90.22,Female,0,0,No,none,activating,96,100,96,0
E181.3,Male,0,0,Yes,none,activating,99,106,106,0
A85.29,Female,0,0,No,actionable,Non-activating,102,104,102,0
B107.59,Male,0,0,Yes,none,activating,100,104,100,0
C87.72,Male,0,0,No,none,Non-activating,102,104,94,0
D70.73,Female,0,0,Yes,none,Non-activating,102,103,106,0
E72.75,Male,0,0,Yes,known,activating,103,103,99,0
A95.47,Male,1,1,Yes,none,Non-activating,97,98,101,0
B70.54,Female,1,0,Yes,none,Non-activating,101,98,102,0
C100.03,Female,0,0,Yes,none,activating,100,100,97,0
D59.78,Female,0,0,Yes,none,Non-activating,100,95,103,0
E198.79,Male,1,0,No,none,activating,92,96,101,0
A90.39,Male,1,0,Yes,none,Non-activating,105,106,104,0
B147.04,Female,0,0,Yes,none,Non-activating,100,104,101,0
A202.55,Male,0,0,Yes,known,activating,107,99,99,0
B64.92,Female,0,0,Yes,none,Non-activating,99,98,91,0
C154.6,Female,0,0,No,none,activating,99,101,106,0
D95.98,Female,0,0,No,none,Non-activating,103,104,100,0
E102.51,Female,0,0,No,actionable,Non-activating,105,104,100,0
A96.52,Female,0,0,No,none,activating,96,104,98,0
B232.12,Male,0,0,Yes,none,activating,96,99,101,0
C78.12,Male,0,0,Yes,none,Non-activating,98,103,95,0
D70.04,Male,0,0,Yes,none,Non-activating,105,97,99,0
E97.61,Female,0,0,Yes,known,activating,92,103,98,0
A113.11,Female,0,0,Yes,none,Non-activating,106,102,105,0
G71.06,Male,1,0,Yes,none,activating,100,102,100,0
H104.95,Female,0,0,Yes,none,Non-activating,97,96,100,0
I81.94,Female,0,0,Yes,none,Non-activating,108,95,97,0
J96.37,Male,1,1,Yes,known,Non-activating,104,106,100,0
K114.16,Female,0,0,Yes,none,Non-activating,96,103,107,0
L93.58,Male,0,0,No,actionable,activating,102,99,99,0
M73.89,Female,0,1,Yes,none,Non-activating,90,107,95,0
N107.83,Male,0,1,Yes,known,Non-activating,106,102,98,0
O107.21,Female,0,0,No,none,activating,96,96,99,0
P99.35,Male,0,0,Yes,none,Non-activating,106,95,92,0
Q203.57,Male,0,0,No,none,Non-activating,96,100,101,0
R81.51,Female,0,0,Yes,none,Non-activating,101,101,98,0
E69.26,Female,0,0,Yes,none,activating,94,92,98,0
A111.47,Female,0,0,Yes,none,Non-activating,95,99,94,0
B86.09,Male,0,0,Yes,none,activating,94,97,100,0
C72.94,Female,0,0,Yes,none,activating,98,95,93,0
D76.77,Male,0,0,Yes,none,activating,103,103,103,0
E60.32,Female,0,0,Yes,none,activating,94,101,101,0
A133.24,Male,0,1,Yes,none,activating,99,103,104,0
B65.01,Female,0,0,Yes,none,Non-activating,106,98,98,0
C74.63,Male,0,0,No,actionable,activating,92,99,100,0
D230.78,Male,0,0,Yes,none,activating,96,96,101,0
E72.5,Male,0,0,No,none,Non-activating,96,101,102,0
A68.48,Male,0,0,Yes,none,Non-activating,94,102,107,0
B85.03,Female,0,0,No,none,Non-activating,105,99,101,0
A80.76,Female,0,0,No,actionable,Non-activating,99,96,104,0
B204.98,Male,0,0,Yes,known,activating,101,102,96,0
C95.36,Female,0,0,Yes,none,activating,95,99,104,0
D110.33,Female,0,0,No,none,Non-activating,103,103,99,0
E89.18,Female,0,0,Yes,none,Non-activating,99,100,102,0
A91.53,Female,0,0,No,actionable,Non-activating,104,95,97,0
B65.16,Male,0,0,Yes,none,Non-activating,106,96,98,0
C74.53,Female,0,0,No,none,Non-activating,103,105,103,0
D93.29,Female,1,0,Yes,known,activating,102,106,93,0
E227.89,Female,0,0,Yes,none,Non-activating,98,102,94,0
A121.46,Female,1,0,Yes,none,activating,95,108,98,0
G69.35,Female,0,0,Yes,none,Non-activating,106,100,100,0
H216.71,Female,0,0,Yes,none,activating,106,103,98,0
I74.96,Male,0,0,Yes,none,Non-activating,100,97,95,0
J75.25,Female,0,0,Yes,none,Non-activating,100,97,99,0
K91.82,Female,1,0,Yes,none,activating,100,90,105,0
L56.37,Male,0,0,Yes,none,activating,99,98,105,0
M149.15,Male,0,0,Yes,none,Non-activating,101,104,103,0
N202.67,Male,0,0,Yes,none,activating,92,92,93,0
O65.38,Female,0,0,Yes,known,activating,104,101,98,0
P90.31,Female,0,0,Yes,known,Non-activating,97,96,103,0
Q221.8,Female,0,0,No,none,Non-activating,96,97,102,0
R73.39,Male,1,0,Yes,none,activating,99,97,103,0
E147.12,Male,0,0,Yes,known,activating,96,92,105,0
A109.85,Female,1,0,Yes,none,Non-activating,95,99,101,0
B103.21,Female,0,0,Yes,none,Non-activating,104,104,100,0
C81.25,Female,1,0,Yes,none,activating,102,100,96,0
D84.69,Male,0,1,No,actionable,activating,100,97,96,0
E87.1,Male,0,0,Yes,none,activating,99,108,99,0
A81.92,Female,0,0,Yes,none,activating,101,101,100,0
B90.91,Female,0,0,No,none,activating,99,99,90,0
C64.4,Male,0,0,Yes,none,activating,106,96,103,0
D85.48,Male,0,0,Yes,none,activating,100,102,101,0
E67.29,Female,0,0,No,none,activating,98,103,92,0
A124.48,Male,0,0,No,none,Non-activating,98,100,97,0
B62.89,Male,0,0,Yes,none,activating,103,99,94,0
A87.51,Female,0,0,No,none,activating,104,98,97,0
B93.15,Female,0,0,Yes,none,Non-activating,102,90,95,0
C64.87,Female,0,0,No,actionable,Non-activating,100,99,99,0
D90.68,Female,0,0,Yes,none,Non-activating,90,92,102,0
E104.64,Female,0,0,No,actionable,Non-activating,99,97,102,0
A92.44,Female,0,0,Yes,none,activating,104,98,93,0
B120.46,Female,0,0,Yes,none,Non-activating,95,94,102,0
C89.87,Female,0,0,No,none,activating,104,108,92,0
D105.28,Female,1,0,Yes,none,activating,96,100,95,0
E131.8,Female,0,0,Yes,known,activating,102,107,97,0
A66.33,Male,0,0,No,none,Non-activating,103,96,96,0
G101.07,Female,0,0,No,actionable,Non-activating,104,103,98,0
H83.37,Male,0,0,Yes,none,Non-activating,104,105,96,0
I79.8,Female,0,0,Yes,none,Non-activating,101,97,100,0
J103.17,Female,0,1,No,known,activating,97,95,103,0
K62.52,Female,0,0,Yes,known,activating,101,104,105,0
L75.78,Male,0,1,Yes,known,Non-activating,101,100,108,0
M110.36,Female,0,0,No,none,activating,102,91,98,0
N140.07,Male,0,0,No,actionable,Non-activating,99,100,97,0
O84.86,Female,0,0,Yes,none,activating,105,100,104,0
P106.85,Male,0,0,Yes,none,Non-activating,102,100,104,0
Q102.07,Female,0,0,Yes,none,Non-activating,98,101,104,0
R202.38,Male,0,0,Yes,none,activating,96,96,103,0
E67.07,Female,0,0,No,actionable,activating,101,99,100,0
A73.7,Female,0,0,No,none,activating,106,102,102,0
B77.59,Female,0,0,Yes,none,activating,109,94,98,0
C69.16,Female,0,0,No,known,activating,106,98,98,0
D91.44,Female,0,0,No,none,activating,102,104,95,0
E215.81,Female,1,0,Yes,none,activating,104,103,102,0
A65.4,Female,1,1,Yes,none,activating,102,100,103,0
B139.72,Female,0,0,Yes,none,Non-activating,105,96,96,0
C72.81,Female,0,0,Yes,none,activating,104,98,99,0
D149.17,Female,0,0,Yes,none,activating,104,105,103,0
E125.74,Female,0,0,Yes,none,activating,93,101,108,0
A90.21,Female,0,0,Yes,none,Non-activating,101,97,95,0
B139.48,Male,1,1,Yes,none,activating,101,100,98,0
A90.77,Female,0,0,Yes,none,Non-activating,103,96,97,0
B220.24,Female,0,0,No,none,activating,95,98,99,0
C81.42,Female,0,0,Yes,none,activating,106,97,98,0
D102.36,Male,0,0,No,actionable,Non-activating,96,103,103,0
E82.85,Female,0,0,Yes,none,Non-activating,109,98,98,0
A102.11,Female,0,0,Yes,none,Non-activating,108,99,99,0
B195.61,Female,0,0,Yes,none,Non-activating,104,101,92,0
C80.92,Male,1,0,No,known,activating,102,97,98,0
D71.8,Female,0,0,Yes,none,Non-activating,99,102,91,0
E88.47,Male,0,1,Yes,none,Non-activating,95,93,98,0
A67.68,Male,0,0,No,actionable,Non-activating,103,92,102,0
G98.65,Female,0,0,No,actionable,activating,98,102,99,0
H83.58,Female,0,0,Yes,none,activating,107,106,94,0
I104.04,Female,1,0,Yes,none,Non-activating,106,96,99,0
J69.4,Female,0,0,Yes,known,Non-activating,99,103,98,0
K106.22,Female,0,0,Yes,none,Non-activating,96,100,99,0
L112.46,Female,0,0,No,actionable,activating,103,103,103,0
M72.42,Male,0,0,Yes,none,Non-activating,106,99,100,0
N96.73,Male,0,0,No,actionable,activating,101,98,98,0
O107.4,Male,0,0,No,none,activating,96,102,105,0
P267.61,Female,0,0,No,actionable,activating,98,94,95,0
Q109.46,Male,0,0,No,actionable,activating,102,102,101,0
R120.05,Female,0,0,Yes,none,Non-activating,106,105,102,0
E106.33,Female,0,0,No,none,Non-activating,90,102,96,0
A97.28,Male,0,0,Yes,none,activating,93,97,97,0
B83.13,Female,0,0,Yes,none,activating,95,95,103,0
C97.35,Male,0,0,Yes,none,Non-activating,101,97,91,0
D79.54,Male,0,0,Yes,none,Non-activating,96,104,97,0
E76.55,Female,0,0,Yes,none,activating,98,94,98,0
A56.11,Female,0,0,Yes,none,activating,93,97,94,0
B91.36,Female,0,0,Yes,none,Non-activating,104,91,97,0
C79.27,Male,0,0,No,actionable,Non-activating,98,99,106,0
D113.21,Male,0,0,No,none,activating,94,99,101,0
E105.99,Female,0,0,Yes,known,activating,104,104,100,0
A59.93,Female,0,0,No,actionable,activating,107,101,100,0
B88.83,Male,0,0,Yes,known,activating,108,107,93,0
A73.37,Male,0,0,Yes,known,activating,95,95,102,0
B115.42,Female,1,0,Yes,none,activating,100,105,103,0
C71.93,Female,0,0,No,known,activating,98,97,97,0
D96.43,Male,0,0,Yes,none,activating,104,94,95,0
E161.95,Female,0,0,No,none,Non-activating,96,101,103,0
A104.55,Female,0,0,No,actionable,Non-activating,93,102,102,0
B71.25,Female,0,0,Yes,known,activating,101,98,101,0
C160.87,Female,0,0,No,none,Non-activating,99,97,98,0
D82.02,Male,0,0,No,none,Non-activating,101,99,99,0
E78.02,Female,0,0,No,none,Non-activating,97,105,100,0
A115.21,Female,1,0,Yes,none,Non-activating,93,101,108,0
G65.12,Male,0,0,Yes,none,Non-activating,103,99,108,0
H143.33,Female,0,0,Yes,none,activating,98,96,99,0
I80.55,Female,0,0,No,known,activating,97,105,97,0
J88.2,Male,0,0,Yes,none,activating,102,100,100,0
K147.42,Male,0,0,No,none,Non-activating,98,104,107,0
L86.53,Female,0,0,Yes,known,Non-activating,105,96,95,0
M91.95,Male,0,0,No,actionable,activating,100,104,103,0
E63.72,Female,1,0,Yes,none,Non-activating,106,96,99,0
A63.78,Male,0,0,No,none,activating,104,105,99,0
B55.64,Male,0,0,No,actionable,Non-activating,101,99,102,0
C88.88,Female,0,0,No,none,activating,97,102,105,0
D114.61,Female,0,1,Yes,none,Non-activating,99,97,103,0
E56.08,Male,1,0,Yes,none,Non-activating,106,103,103,0
A59.62,Male,0,0,Yes,none,Non-activating,103,98,97,0
B75.85,Male,0,0,No,actionable,activating,95,104,98,0
C176.71,Female,0,0,Yes,none,Non-activating,99,96,95,0
D80.07,Female,0,0,Yes,known,Non-activating,94,93,106,0
E56.33,Female,0,0,Yes,none,activating,96,107,106,0
A87.16,Male,0,0,Yes,none,activating,96,97,97,0
B102.46,Male,0,0,Yes,known,Non-activating,100,104,94,0
A84.1,Female,0,0,Yes,none,Non-activating,91,101,105,0
B161,Female,0,0,No,none,Non-activating,105,103,98,0
C70.7,Male,0,0,No,actionable,Non-activating,106,98,93,0
D81.26,Female,0,0,Yes,none,Non-activating,100,100,100,0
E157.67,Male,0,0,Yes,none,activating,99,96,97,0
A89.59,Male,0,0,Yes,none,activating,107,102,97,0
B64.02,Female,0,0,Yes,none,activating,95,105,100,0
C110.69,Male,0,0,Yes,none,Non-activating,98,93,99,0
D71.97,Female,0,0,Yes,known,activating,96,102,97,0
E82.07,Male,1,0,Yes,none,activating,106,100,103,0
A65.07,Female,0,0,Yes,none,activating,93,95,101,0
G207.62,Female,0,0,Yes,none,Non-activating,102,97,96,0
H108.64,Female,0,0,No,none,activating,99,103,94,0
I201.58,Female,0,0,Yes,none,Non-activating,100,100,107,0
J116.2,Female,1,0,Yes,known,activating,98,102,95,0
K231.43,Female,0,0,No,none,Non-activating,93,93,99,0
L112.62,Female,0,0,Yes,none,Non-activating,98,99,104,0
M220.26,Female,0,0,No,none,Non-activating,96,98,103,0
N84.37,Male,0,0,Yes,none,activating,99,93,98,0
O82.83,Male,1,0,Yes,none,activating,96,104,98,0
P102.48,Male,0,0,Yes,none,Non-activating,108,98,92,0
Q69.12,Female,0,0,No,none,activating,99,97,97,0
R211.12,Male,0,0,Yes,none,Non-activating,103,105,101,0
E95.38,Male,0,0,Yes,none,Non-activating,107,103,101,0
A108.72,Female,0,0,Yes,none,Non-activating,93,107,98,0
B88.65,Male,0,0,Yes,none,Non-activating,107,103,97,0
C177.91,Male,0,0,Yes,none,activating,108,103,97,0
D90.19,Male,0,0,No,none,activating,94,97,96,0
E73.78,Female,0,0,Yes,none,activating,108,103,97,0
A82.85,Female,0,0,Yes,none,Non-activating,98,106,107,0
B59.48,Male,0,0,No,none,Non-activating,97,106,92,0
C75.77,Female,0,0,Yes,none,activating,98,101,100,0
D80.96,Female,0,0,No,actionable,activating,106,100,91,0
E82.4,Male,0,0,Yes,none,Non-activating,100,94,97,0
A78.93,Male,0,0,Yes,known,Non-activating,96,101,96,0
B80.59,Female,0,0,Yes,none,Non-activating,101,105,106,0
A70.59,Male,0,0,Yes,none,activating,101,100,103,0
B98.57,Male,0,0,No,known,activating,100,99,98,0
C61.87,Female,0,1,Yes,known,activating,105,100,102,0
D68.88,Female,1,0,Yes,none,Non-activating,103,106,98,0
E66.25,Male,0,0,No,known,Non-activating,102,102,101,0
A84.18,Female,0,0,Yes,none,Non-activating,98,98,99,0
B69.23,Female,0,0,No,known,activating,97,95,98,0
C73.2,Female,0,0,Yes,known,Non-activating,90,95,97,0
D103.45,Male,0,0,No,none,activating,101,99,92,0
E104.86,Female,0,0,Yes,none,Non-activating,98,97,96,0
A90.3,Female,0,0,Yes,none,activating,107,100,98,0
G90.87,Female,0,0,Yes,none,activating,103,103,99,0
H76.21,Male,0,0,No,none,Non-activating,98,102,99,0
I74.14,Female,1,0,No,none,Non-activating,96,102,102,0
J87.25,Male,0,0,No,none,Non-activating,101,93,101,0
K215.33,Male,0,0,Yes,none,Non-activating,104,102,92,0
L88.38,Female,1,0,Yes,none,activating,100,106,96,0
M104.4,Male,0,0,No,unknown,activating,103,99,102,0
N104.92,Male,0,0,Yes,none,Non-activating,92,96,104,0
O106.54,Female,1,0,Yes,none,activating,96,106,91,0
P62.91,Female,0,0,Yes,known,activating,98,94,92,0
Q61.47,Female,0,0,No,actionable,activating,104,97,97,0
R88.5,Male,0,0,Yes,none,Non-activating,100,95,97,0
E107.61,Female,0,0,No,none,activating,100,96,103,0
A90.77,Male,0,0,Yes,none,Non-activating,102,105,98,0
B137.91,Female,0,0,Yes,none,activating,104,100,98,0
C212.02,Male,0,0,Yes,none,activating,99,99,100,0
D228.2,Female,0,0,Yes,none,activating,99,100,100,0
E92.15,Female,0,0,Yes,none,activating,98,98,95,0
A126.32,Male,0,0,No,actionable,Non-activating,96,96,100,0
B94.96,Male,0,0,Yes,none,Non-activating,109,101,99,0
C89.52,Male,0,0,Yes,none,activating,104,100,91,0
D66.59,Female,0,0,Yes,known,activating,91,102,101,0
E80.1,Female,1,0,Yes,known,Non-activating,101,100,102,0
A73.72,Male,0,1,Yes,none,activating,95,100,108,0
B90.49,Female,0,0,Yes,none,activating,98,99,102,0
A92.99,Male,0,0,Yes,none,activating,105,94,105,0
B62.57,Female,1,0,Yes,none,Non-activating,98,102,97,0
C65.51,Female,0,0,Yes,none,activating,105,93,103,0
D95.29,Male,0,0,Yes,none,Non-activating,100,100,100,0
E83.7,Female,0,0,Yes,known,Non-activating,102,107,98,0
A63.16,Female,1,0,Yes,none,activating,97,107,93,0
B87.77,Male,0,0,Yes,none,Non-activating,97,103,105,0
C87.23,Female,0,0,Yes,none,activating,94,100,96,0
D260.85,Female,0,0,Yes,none,activating,105,100,102,0
E104.45,Male,0,0,Yes,none,Non-activating,102,104,99,0
A87.52,Male,1,0,Yes,none,activating,104,101,97,0
G113.65,Female,0,0,No,actionable,activating,104,91,96,0
H65.93,Male,0,0,Yes,none,activating,98,100,100,0
I93.78,Male,0,0,Yes,none,activating,104,97,103,0
J223.9,Female,0,0,No,none,Non-activating,96,95,96,0
K77.54,Female,0,0,Yes,none,activating,99,100,97,0
L93.18,Female,0,0,Yes,known,activating,106,92,99,0
M169.74,Female,0,0,Yes,none,activating,103,93,100,0
N101.93,Male,0,0,No,actionable,activating,95,101,105,0
O125.03,Male,1,0,Yes,none,Non-activating,93,99,101,0
P82.25,Female,0,0,Yes,known,Non-activating,97,104,91,0
Q85.81,Female,0,0,Yes,none,Non-activating,96,100,103,0
R85.27,Female,0,0,Yes,none,activating,103,100,100,0
E86.06,Female,0,0,Yes,known,Non-activating,93,97,94,0
A104.36,Female,0,0,No,none,Non-activating,100,100,99,0
B78.29,Female,0,0,No,actionable,Non-activating,98,100,95,0
C93.55,Female,0,0,Yes,none,Non-activating,100,101,107,0
D207.96,Female,0,0,No,none,Non-activating,98,95,98,0
E105.52,Female,1,0,Yes,known,activating,92,101,104,0
A109.27,Female,0,0,Yes,none,Non-activating,93,98,101,0
B91.34,Female,1,0,Yes,none,Non-activating,93,99,103,0
C176.78,Female,0,0,No,none,Non-activating,101,103,103,0
D67.73,Male,0,0,Yes,none,Non-activating,102,102,98,0
E73.27,Male,1,0,Yes,none,activating,97,99,102,0
A70.29,Female,0,0,Yes,none,activating,101,106,98,0
B91.47,Female,0,0,Yes,none,Non-activating,95,102,98,0
A205.01,Male,0,0,No,actionable,Non-activating,98,102,99,0
B73.87,Female,0,0,No,none,Non-activating,91,107,104,0
C64.44,Female,0,0,Yes,known,Non-activating,105,97,93,0
D111.65,Female,0,0,Yes,known,activating,105,100,97,0
E90.65,Female,0,0,No,none,activating,102,100,106,0
A94.2,Female,0,0,No,none,activating,103,95,107,0
B56.95,Female,0,0,Yes,none,Non-activating,101,100,104,0
C92.37,Female,0,0,Yes,known,activating,103,101,99,0
D127.23,Male,0,0,Yes,none,activating,98,96,97,0
E191.78,Female,0,0,Yes,none,activating,105,97,99,0
A86.36,Male,0,0,No,actionable,activating,97,99,98,0
G82.72,Male,0,0,Yes,none,Non-activating,104,103,108,0
H113.57,Female,1,0,No,none,Non-activating,101,98,102,0
I89.58,Female,0,0,Yes,none,Non-activating,99,97,97,0
J91.85,Male,0,0,Yes,none,Non-activating,104,92,96,0
K88.89,Female,0,0,Yes,none,activating,100,106,99,0
L79.55,Female,0,0,Yes,none,activating,91,98,101,0
M108.62,Female,0,0,No,actionable,Non-activating,105,104,105,0
N78.24,Female,0,0,Yes,known,activating,94,102,102,0
O88.49,Female,0,0,Yes,none,Non-activating,102,98,94,0
P91.85,Male,0,0,Yes,none,Non-activating,97,98,101,0
Q72.01,Male,0,0,Yes,known,Non-activating,103,103,97,0
R81.96,Female,0,0,Yes,none,Non-activating,101,102,95,0
E70.56,Female,0,0,Yes,none,activating,96,103,101,0
A71.02,Female,0,0,Yes,known,activating,102,100,96,0
B99.75,Female,0,0,Yes,none,activating,98,103,104,0
C127.2,Male,0,0,Yes,none,Non-activating,102,93,102,0
D69.76,Female,0,0,Yes,none,activating,98,105,107,0
E74.63,Female,0,0,Yes,none,activating,104,97,93,0
A102.27,Female,0,0,No,none,Non-activating,91,99,95,0
B73.56,Female,0,0,No,actionable,Non-activating,97,95,99,0
C57.77,Male,0,0,No,actionable,activating,100,97,100,0
D151.25,Male,0,0,No,none,activating,105,99,97,0
E78.32,Female,0,0,No,none,Non-activating,100,102,97,0
A71.5,Male,0,0,No,known,activating,95,95,101,0
B84.7,Female,0,0,Yes,none,Non-activating,104,101,108,0
A127.28,Male,0,0,No,none,Non-activating,103,102,101,0
B80.72,Male,0,0,Yes,known,Non-activating,102,97,96,0
C73.92,Female,0,0,Yes,none,Non-activating,101,93,106,0
D93.24,Female,0,0,Yes,none,Non-activating,100,94,98,0
E72.6,Female,0,0,Yes,none,activating,95,99,97,0
A69.77,Male,0,0,No,none,Non-activating,97,96,101,0
B84.43,Male,0,0,Yes,none,activating,92,95,106,0
C84.13,Male,0,0,Yes,none,Non-activating,98,96,102,0
D81.54,Male,0,0,No,actionable,Non-activating,94,99,101,0
E57.17,Male,0,0,No,none,Non-activating,97,99,94,0
A86.15,Male,0,0,Yes,none,Non-activating,102,97,94,0
G163.02,Female,0,0,Yes,none,activating,96,104,101,0
H110.41,Male,0,1,Yes,none,activating,99,98,106,0
I102.58,Male,0,0,No,known,Non-activating,101,98,99,0
J90.97,Male,0,0,No,actionable,Non-activating,96,107,95,0
K140.96,Male,0,0,Yes,none,activating,96,105,99,0
L70.33,Female,0,0,Yes,known,activating,99,106,95,0
M64.18,Female,0,0,No,actionable,Non-activating,101,104,101,0
N127.57,Female,0,0,No,none,activating,100,93,101,0
O109.23,Male,1,0,Yes,known,activating,105,103,102,0
P124.49,Female,0,0,Yes,none,activating,102,102,100,0
Q142.82,Male,1,0,Yes,none,activating,99,100,103,0
R75.69,Male,0,0,Yes,none,activating,97,102,99,0
E74.08,Male,0,0,Yes,none,Non-activating,99,101,103,0
A75.98,Female,0,0,No,actionable,activating,104,102,103,0
B57.8,Male,0,0,Yes,none,activating,104,100,95,0
C76.44,Female,0,0,No,actionable,Non-activating,98,99,106,0
D214.43,Female,0,0,Yes,none,Non-activating,101,99,106,0
E79.03,Male,0,0,No,actionable,activating,99,101,101,0
A66.46,Male,0,0,Yes,none,activating,105,109,108,0
B56.42,Female,1,0,Yes,none,Non-activating,102,103,99,0
C112.72,Female,1,1,No,none,Non-activating,99,92,101,0
D114.02,Male,0,0,No,actionable,activating,97,104,97,0
E72.33,Female,0,0,Yes,none,activating,100,99,100,0
A55.59,Male,0,0,No,actionable,activating,108,104,96,0
B73.48,Female,0,0,No,none,activating,92,99,101,0
A105.05,Female,0,0,No,actionable,Non-activating,93,96,100,0
B84.78,Female,0,0,No,actionable,activating,97,94,100,0
C164.77,Female,0,0,Yes,none,Non-activating,98,101,97,0
D220.64,Female,0,0,No,none,Non-activating,102,104,100,0
E159.39,Female,0,0,No,none,activating,108,104,108,0
A69.53,Male,0,1,Yes,none,activating,96,105,100,0
B81.42,Male,0,0,Yes,none,Non-activating,105,103,99,0
C83.93,Female,0,0,Yes,none,activating,104,96,100,0
D98.9,Male,0,0,No,actionable,activating,101,106,97,0
E82.64,Male,0,0,Yes,none,activating,100,103,92,0
A112.54,Female,0,0,Yes,none,Non-activating,94,103,100,0
G75.25,Male,0,0,No,none,Non-activating,99,94,96,0
H204.77,Female,0,0,Yes,none,Non-activating,100,102,99,0
I63.86,Female,0,0,Yes,none,Non-activating,93,101,101,0
J72.2,Female,0,0,Yes,none,activating,104,93,100,0
K80.08,Male,0,0,No,actionable,activating,105,98,103,0
L101.61,Female,0,0,Yes,known,Non-activating,95,104,100,0
M114.32,Male,0,0,No,actionable,activating,91,103,99,0
N80.82,Female,0,0,Yes,none,Non-activating,103,108,100,0
O90.6,Male,0,0,Yes,none,activating,103,98,93,0
P93.67,Male,0,0,No,actionable,Non-activating,96,102,104,0
Q87.15,Male,0,0,No,none,activating,101,96,95,0
R80.72,Female,0,1,No,none,Non-activating,100,97,96,0
E83.16,Female,0,0,Yes,none,Non-activating,99,98,95,0
A98.14,Male,0,0,Yes,known,activating,95,98,105,0
B83.13,Female,0,0,No,none,activating,102,101,96,0
C134.24,Male,0,0,Yes,known,activating,95,98,100,0
D248.37,Female,1,0,Yes,none,activating,100,97,102,0
E61.75,Male,0,0,Yes,none,Non-activating,105,99,100,0
A70.55,Male,0,0,Yes,known,Non-activating,91,106,107,0
B124.38,Male,0,0,Yes,none,Non-activating,98,97,91,0
C92.21,Female,0,0,No,none,activating,98,106,100,0
D148.72,Male,0,0,No,none,Non-activating,100,102,101,0
E79.25,Male,0,0,No,known,Non-activating,97,104,97,0
A82.09,Male,0,0,No,actionable,Non-activating,100,96,100,0
B194.53,Male,0,1,No,none,Non-activating,99,100,106,0
A98.84,Female,0,0,No,none,activating,101,103,98,0
B135.74,Male,0,1,Yes,none,activating,93,101,104,0
C66.55,Male,0,0,Yes,none,Non-activating,99,100,95,0
D115.69,Male,0,0,Yes,none,Non-activating,96,99,94,0
E67.76,Male,0,0,Yes,none,Non-activating,101,91,98,0
A88.65,Male,0,0,Yes,none,activating,101,96,99,0
B106.11,Female,0,0,No,none,Non-activating,106,102,100,0
C95.49,Female,0,0,Yes,none,activating,103,97,99,0
D59.07,Male,0,0,No,none,activating,95,99,105,0
E228.92,Male,0,0,Yes,none,activating,98,101,96,0
A62.89,Female,0,0,Yes,known,activating,100,101,100,0
G96.84,Female,0,0,No,none,Non-activating,93,104,99,0
H81.25,Female,0,0,Yes,none,activating,98,101,97,0
I92.71,Male,0,0,Yes,none,Non-activating,99,99,94,0
J85.59,Female,0,0,Yes,none,Non-activating,108,93,106,0
K89.06,Male,0,0,No,none,activating,94,98,100,0
L87.44,Male,0,0,Yes,known,Non-activating,100,94,99,0
M64.07,Female,0,0,Yes,none,Non-activating,95,97,106,0
N79.39,Male,0,0,No,none,Non-activating,95,101,103,0
O67.84,Female,0,0,Yes,none,activating,97,103,99,0
P81.73,Female,0,0,Yes,known,Non-activating,106,104,92,0
Q105.52,Male,0,0,No,actionable,activating,96,94,98,0
R77.55,Male,0,0,No,actionable,Non-activating,102,94,100,0
E127.42,Female,0,0,No,none,activating,91,93,102,0
A227.68,Female,0,0,Yes,none,activating,98,102,95,0
B226.73,Female,0,0,Yes,none,Non-activating,106,107,104,0
C89.74,Female,0,0,Yes,none,activating,98,102,104,0
D219.17,Female,0,0,Yes,none,activating,105,100,103,0
E74.85,Female,0,0,Yes,none,Non-activating,100,99,103,0
A55.96,Male,0,0,Yes,none,activating,100,104,97,0
B215.92,Female,0,0,Yes,none,Non-activating,101,97,102,0
C84.4,Female,1,1,Yes,none,Non-activating,98,103,98,0
D104.05,Female,0,0,Yes,none,activating,98,104,106,0
E62.54,Female,0,0,Yes,none,Non-activating,102,104,95,0
A87.54,Female,0,0,Yes,none,activating,104,95,102,0
B76.81,Male,0,0,No,none,Non-activating,99,101,93,0
A198.12,Female,0,0,Yes,none,Non-activating,96,99,104,0
B78,Male,0,0,No,actionable,activating,99,99,104,0
C79.44,Male,0,0,Yes,none,Non-activating,94,96,100,0
D75.82,Female,0,0,Yes,none,activating,97,92,90,0
E240.86,Female,0,0,Yes,none,Non-activating,96,103,100,0
A89.28,Female,0,0,No,actionable,activating,93,105,97,0
B263.56,Female,0,0,Yes,known,activating,97,98,100,0
C81.13,Male,1,0,Yes,none,activating,102,103,102,0
D118.44,Male,0,0,Yes,none,Non-activating,94,104,100,0
E97.37,Female,0,0,Yes,none,activating,103,100,107,0
A80.51,Male,0,0,Yes,none,activating,105,96,101,0
G78.88,Male,0,0,Yes,none,Non-activating,92,99,106,0
H83.61,Male,0,0,Yes,none,activating,108,102,108,0
I73.19,Male,0,1,Yes,none,activating,92,97,95,0
J68.91,Male,0,1,No,known,activating,94,99,99,0
K104.3,Female,0,0,No,none,Non-activating,96,99,102,0
L87.87,Female,0,0,No,none,activating,100,91,93,0
M96.7,Male,0,0,No,known,Non-activating,97,101,101,0
E91.05,Female,0,0,Yes,none,Non-activating,107,93,98,0
A200.14,Female,0,0,Yes,none,activating,104,99,101,0
B73.04,Male,0,0,No,none,Non-activating,104,100,102,0
C85.81,Female,0,0,No,none,activating,103,99,92,0
D65.41,Male,0,0,Yes,none,activating,101,102,106,0
E108.68,Male,0,0,Yes,none,activating,105,99,101,0
A88.79,Female,0,1,Yes,none,Non-activating,101,104,101,0
B107.82,Male,0,0,No,actionable,activating,103,104,96,0
C97.39,Male,0,0,Yes,none,activating,98,101,100,0
D141.09,Female,0,0,No,none,Non-activating,101,102,99,0
E122.38,Female,0,0,No,none,Non-activating,100,101,94,0
A77.91,Male,0,0,Yes,none,Non-activating,91,104,95,0
B103.6,Female,0,0,Yes,known,Non-activating,100,92,93,0
A159.7,Female,0,0,No,none,Non-activating,99,100,106,0
B118.22,Female,0,0,Yes,none,Non-activating,101,107,96,0
C84.5,Female,1,0,Yes,none,Non-activating,104,104,102,0
D85.59,Female,0,0,Yes,none,Non-activating,106,93,105,0
E84.42,Female,1,0,Yes,none,activating,99,104,107,0
A100.98,Female,0,0,Yes,none,Non-activating,105,99,103,0
B81.11,Female,0,0,No,none,activating,101,94,94,0
C235.45,Female,0,0,Yes,known,activating,100,101,96,0
D79.2,Male,0,0,Yes,none,Non-activating,101,100,105,0
E207.71,Female,0,0,No,none,activating,94,96,99,0
A99.84,Female,0,0,No,actionable,Non-activating,100,98,102,0
G98.05,Female,0,0,No,none,Non-activating,94,101,106,0
H105.9,Female,0,0,Yes,none,activating,92,93,106,0
I107.55,Male,0,0,Yes,none,Non-activating,102,99,102,0
J146.21,Female,0,0,Yes,none,Non-activating,103,98,96,0
K79.94,Male,0,0,No,none,Non-activating,95,103,96,0
L72.28,Female,0,0,Yes,none,Non-activating,99,106,107,0
M123.1,Female,0,0,Yes,known,activating,102,94,101,0
N67.06,Female,1,0,Yes,known,activating,99,100,94,0
O82.68,Female,0,0,No,none,Non-activating,93,95,100,0
P125.89,Male,0,0,Yes,none,Non-activating,103,97,92,0
Q228.05,Male,0,0,Yes,none,Non-activating,101,94,97,0
R98.23,Male,0,0,Yes,none,Non-activating,97,98,94,0
E90.06,Male,0,0,Yes,known,Non-activating,101,100,95,0
A119.9,Female,0,0,No,none,Non-activating,104,101,104,0
B94.53,Male,1,0,No,none,activating,95,102,102,0
C64.66,Male,0,0,Yes,known,Non-activating,99,101,99,0
D103.79,Female,0,0,No,actionable,Non-activating,99,102,100,0
E88.51,Female,0,0,Yes,known,Non-activating,94,101,100,0
A97.26,Male,0,0,Yes,none,activating,99,99,104,0
B92.59,Female,0,1,Yes,none,activating,97,91,103,0
C102.89,Female,0,0,No,none,Non-activating,103,98,99,0
D92.26,Female,0,0,No,none,Non-activating,101,97,99,0
E80,Male,0,0,No,none,activating,99,95,91,0
A56.75,Male,0,0,Yes,none,Non-activating,108,100,101,0
B104.66,Female,0,0,Yes,none,activating,94,102,105,0
A60.39,Female,0,0,No,actionable,Non-activating,107,99,93,0
B223.14,Female,0,0,Yes,none,Non-activating,107,95,100,0
C105.51,Female,0,0,Yes,none,Non-activating,101,95,104,0
D83.42,Male,0,0,Yes,none,activating,96,102,101,0
E71.06,Male,0,0,Yes,none,Non-activating,95,103,98,0
A101.24,Male,0,0,No,actionable,Non-activating,103,99,96,0
B91.19,Female,1,0,Yes,none,activating,95,96,101,0
C174.43,Male,0,0,Yes,none,activating,93,107,104,0
D214.51,Female,0,0,No,actionable,Non-activating,91,104,97,0
E72.64,Female,1,0,Yes,known,Non-activating,98,101,96,0
A62.69,Male,0,0,No,known,Non-activating,102,100,104,0
G141.16,Female,0,0,Yes,known,Non-activating,97,94,97,0
H89.61,Female,0,0,No,none,Non-activating,105,96,100,0
I76.42,Female,0,0,Yes,none,Non-activating,94,101,98,0
J124.38,Male,0,0,Yes,none,activating,99,102,103,0
K111.81,Male,0,0,No,none,activating,96,97,103,0
L57.57,Female,0,0,No,unknown,activating,99,102,102,0
M77.82,Male,0,0,Yes,none,Non-activating,94,100,97,0
N60.09,Female,0,0,No,actionable,activating,101,102,105,0
O91.02,Male,0,0,Yes,known,activating,93,96,101,0
P65.46,Female,0,0,Yes,none,activating,96,95,107,0
Q131.19,Male,0,0,Yes,none,Non-activating,99,103,103,0
R79.89,Male,0,0,Yes,none,activating,103,101,102,0
E74.54,Female,0,0,Yes,none,activating,99,107,105,0
A231.31,Female,0,0,Yes,none,Non-activating,99,100,103,0
B91.57,Female,0,0,No,none,Non-activating,106,98,98,0
C238.78,Female,0,0,No,none,Non-activating,96,107,98,0
D87.18,Male,0,0,No,actionable,activating,103,102,95,0
E78.94,Female,1,1,Yes,none,Non-activating,103,98,100,0
A69.01,Female,0,0,No,unknown,Non-activating,103,101,100,0
B110.28,Male,0,0,No,none,Non-activating,104,100,90,0
C71.66,Male,0,0,No,none,Non-activating,100,92,100,0
D62.57,Male,0,0,No,actionable,Non-activating,93,102,98,0
E83.64,Female,0,0,Yes,none,Non-activating,101,97,103,0
A107.18,Male,0,0,Yes,none,Non-activating,95,101,100,0
B233.59,Female,0,0,Yes,none,activating,103,93,96,0
A84.88,Male,0,0,No,actionable,activating,102,101,100,0
B97.95,Male,0,0,No,none,Non-activating,103,103,92,0
C58.19,Male,0,0,No,actionable,Non-activating,95,99,104,0
D70.11,Male,0,0,Yes,none,Non-activating,101,103,104,0
E112.77,Male,1,0,No,known,activating,109,98,103,0
A75.46,Male,0,0,Yes,known,Non-activating,98,100,101,0
B63.63,Male,0,0,No,none,Non-activating,98,103,99,0
C100.22,Female,0,0,No,actionable,activating,101,100,98,0
D81.77,Female,0,0,Yes,known,activating,93,102,96,0
E94.25,Male,0,0,Yes,none,activating,105,97,101,0
A188.13,Male,0,0,No,actionable,Non-activating,104,96,94,0
G164.7,Female,0,0,Yes,none,Non-activating,99,104,95,0
H68.27,Female,0,0,No,none,Non-activating,103,95,104,0
I79.81,Female,0,0,Yes,none,activating,109,99,104,0
J100.12,Male,0,0,No,none,activating,100,100,102,0
K151.23,Female,0,0,No,none,activating,98,103,105,0
L112.41,Male,0,0,Yes,none,Non-activating,106,101,99,0
M205.97,Male,1,0,Yes,none,activating,96,101,98,0
N112.19,Male,0,0,Yes,none,activating,100,103,103,0
O71.93,Female,0,0,Yes,none,Non-activating,102,95,98,0
P190.89,Female,0,0,Yes,none,activating,105,97,100,0
Q138.02,Female,0,0,No,none,activating,106,102,101,0
R66.16,Female,0,0,No,none,Non-activating,100,106,103,0
E105.73,Female,0,0,No,none,activating,104,97,102,0
A78.34,Female,1,0,No,known,activating,107,93,101,0
B102.1,Female,0,0,Yes,none,activating,98,94,105,0
C97.37,Female,0,0,Yes,none,Non-activating,102,99,100,0
D193.87,Female,0,0,Yes,none,activating,108,102,103,0
E78.32,Female,0,0,Yes,none,activating,96,103,101,0
A130,Female,0,0,Yes,none,Non-activating,97,95,101,0
B74,Female,1,0,Yes,none,Non-activating,102,104,101,0
C111.04,Female,0,0,Yes,none,Non-activating,105,98,99,0
D214.77,Female,0,0,Yes,none,Non-activating,101,103,99,0
E97.25,Female,0,0,No,actionable,activating,99,97,100,0
A79.95,Female,0,0,No,none,activating,92,105,92,0
B162.24,Male,0,0,Yes,none,activating,96,100,99,0
A74.36,Male,0,0,Yes,known,Non-activating,105,106,96,0
B69.68,Male,0,0,Yes,none,Non-activating,99,103,106,0
C98.35,Female,0,0,No,none,Non-activating,100,102,101,0
D75.73,Female,0,0,No,actionable,Non-activating,96,101,96,0
E85.86,Female,0,0,No,none,activating,92,102,103,0
A80.34,Female,0,0,Yes,none,activating,101,93,96,0
B73.76,Female,0,0,Yes,none,activating,103,92,95,0
C94.96,Male,1,0,Yes,none,Non-activating,93,96,105,0
D108.18,Male,0,0,Yes,known,Non-activating,101,95,107,0
E85.23,Male,0,0,No,none,Non-activating,103,102,93,0
A189.88,Female,0,0,Yes,none,activating,97,105,101,0
G197.11,Male,0,0,No,actionable,Non-activating,100,102,97,0
H100.08,Female,0,0,No,none,Non-activating,100,107,92,0
I68.62,Male,0,0,No,actionable,activating,101,99,101,0
J84.07,Male,0,0,No,actionable,activating,99,104,106,0
K99.65,Male,0,0,Yes,none,Non-activating,96,97,104,0
L82.33,Female,0,0,No,actionable,activating,107,96,107,0
M94.49,Male,0,0,Yes,none,Non-activating,103,99,105,0
N108.71,Female,0,0,Yes,none,activating,95,105,97,0
O64.94,Male,0,0,Yes,none,activating,101,101,101,0
P98.22,Male,0,0,No,actionable,activating,98,97,99,0
Q83.5,Female,0,0,Yes,known,Non-activating,106,95,94,0
R192.47,Female,0,0,No,actionable,activating,95,98,97,0
E125.89,Male,0,0,Yes,none,activating,103,103,106,0
A87.72,Female,0,0,Yes,known,activating,99,97,109,0
B68.94,Female,0,0,No,actionable,Non-activating,97,99,98,0
C66.51,Female,0,0,No,none,Non-activating,93,104,106,0
D85.82,Female,1,1,Yes,none,Non-activating,100,93,103,0
E87.47,Female,0,0,No,none,activating,105,100,98,0
A87.74,Male,0,0,Yes,none,Non-activating,102,103,100,0
B85.12,Female,0,0,Yes,none,activating,97,97,97,0
C103.37,Male,0,0,Yes,none,Non-activating,102,96,99,0
D81.68,Female,0,0,No,actionable,activating,92,93,96,0
E76.51,Female,0,0,Yes,none,activating,98,100,93,0
A110.17,Female,0,0,Yes,none,Non-activating,100,97,107,0
B65.12,Female,0,0,No,none,activating,107,99,99,0
A76.66,Female,0,0,No,actionable,Non-activating,97,102,102,0
B109.88,Male,0,0,No,actionable,Non-activating,95,93,97,0
C199.38,Female,0,0,Yes,none,activating,99,105,106,0
D65.77,Male,0,0,Yes,none,activating,105,107,101,0
E55.72,Female,0,0,No,known,Non-activating,97,97,107,0
A75.67,Female,0,1,Yes,none,activating,100,97,102,0
B88.18,Female,0,0,No,actionable,Non-activating,97,102,95,0
C95.94,Male,0,0,No,actionable,activating,105,104,98,0
D86.93,Female,0,0,No,actionable,Non-activating,101,102,100,0
E85.17,Male,0,0,Yes,none,Non-activating,105,101,97,0
A111.1,Female,0,0,Yes,none,activating,99,106,98,0
G92,Female,0,0,Yes,none,Non-activating,100,96,101,0
H97.47,Female,0,0,Yes,none,activating,108,101,92,0
I79.21,Female,0,0,Yes,none,Non-activating,98,101,98,0
J83.97,Male,0,0,No,actionable,Non-activating,99,105,105,0
K98.55,Male,0,0,No,actionable,activating,97,99,103,0
L202.98,Female,0,0,Yes,none,activating,90,102,93,0
M60.7,Female,0,0,No,none,activating,98,91,102,0
N92.22,Female,0,0,Yes,none,activating,102,90,98,0
O79.94,Female,0,0,Yes,none,activating,97,91,93,0
P83.68,Female,0,0,Yes,known,activating,93,105,99,0
Q69.92,Male,0,0,Yes,none,activating,97,99,93,0
R136.96,Female,0,0,No,none,Non-activating,95,94,104,0
E95.32,Female,0,0,No,none,Non-activating,95,97,97,0
A107.78,Female,0,0,Yes,none,Non-activating,100,100,97,0
B198.32,Female,0,0,Yes,known,activating,105,97,95,0
C100.16,Female,0,0,Yes,none,activating,99,103,93,0
D96.02,Female,0,0,Yes,known,activating,100,94,98,0
E112.69,Male,1,0,Yes,none,Non-activating,99,105,97,0
A60.61,Female,0,0,No,none,activating,101,101,93,0
B79.77,Female,0,0,No,known,activating,106,101,103,0
C87.41,Female,1,0,Yes,none,Non-activating,94,109,105,0
D226.38,Female,0,0,Yes,none,Non-activating,103,99,92,0
E124.64,Female,0,0,Yes,none,Non-activating,104,103,94,0
A69.42,Female,0,0,No,actionable,Non-activating,103,107,100,0
B77.68,Male,0,0,Yes,none,Non-activating,95,91,100,0
A112.79,Male,0,0,No,actionable,activating,106,98,99,0
B236.79,Male,0,0,No,none,activating,99,97,99,0
C219.82,Female,0,0,Yes,none,Non-activating,99,97,93,0
D82.05,Female,0,0,No,none,Non-activating,103,99,102,0
E104.08,Female,0,0,No,actionable,Non-activating,101,103,105,0
A101.57,Female,0,0,Yes,none,Non-activating,108,97,103,0
B71.32,Female,0,0,Yes,none,activating,100,100,95,0
C143.97,Male,0,0,Yes,none,Non-activating,103,102,93,0
D239.19,Female,0,0,Yes,none,activating,106,102,102,0
E78.45,Female,0,0,Yes,none,activating,105,98,100,0
A61.11,Female,0,0,No,actionable,activating,96,103,97,0
G87.29,Female,0,0,No,none,Non-activating,107,103,101,0
H82.49,Female,0,0,Yes,none,activating,106,106,92,0
I83.15,Male,0,0,No,none,activating,95,107,104,0
J83.26,Female,0,0,Yes,known,activating,91,97,105,0
K78.7,Female,0,0,No,known,activating,98,99,98,0
L111.94,Male,0,0,Yes,known,activating,97,98,96,0
M104.77,Male,0,0,No,none,Non-activating,102,96,100,0
N104.26,Male,0,0,Yes,known,Non-activating,100,101,98,0
O113.84,Male,0,0,Yes,none,activating,103,98,99,0
P114.71,Female,0,0,Yes,none,Non-activating,98,97,103,0
Q61.54,Male,0,1,Yes,none,Non-activating,94,98,105,0
R133.62,Female,0,0,Yes,known,activating,103,101,95,0
E111.96,Female,0,0,No,none,Non-activating,108,98,94,0
A112.44,Male,1,0,Yes,none,activating,96,102,90,0
B123.61,Female,0,0,Yes,none,activating,99,95,97,0
C84.68,Male,0,0,Yes,none,Non-activating,106,99,102,0
D206.62,Female,0,0,No,actionable,Non-activating,103,106,102,0
E114.54,Male,0,0,No,actionable,Non-activating,108,108,98,0
A216.88,Male,0,0,No,actionable,activating,95,97,100,0
B110.38,Male,0,0,No,actionable,activating,100,98,97,0
C99.23,Female,1,0,Yes,known,Non-activating,99,96,100,0
D204.92,Male,1,0,No,none,activating,100,101,98,0
E56.74,Female,0,0,Yes,none,activating,97,102,104,0
A68.35,Male,0,0,No,actionable,Non-activating,94,100,95,0
B83.52,Male,0,0,No,none,Non-activating,102,94,93,0
A59.74,Male,0,0,No,none,Non-activating,95,101,94,0
B81.59,Female,1,0,Yes,none,activating,107,100,99,0
C123.83,Female,0,0,Yes,none,activating,105,98,95,0
D226.84,Female,0,0,Yes,none,activating,105,99,101,0
E93.2,Female,0,0,No,none,activating,98,97,92,0
A85.84,Female,1,0,Yes,none,Non-activating,103,95,96,0
B74.64,Male,0,0,Yes,none,Non-activating,101,95,100,0
C80.17,Female,0,0,No,none,Non-activating,98,95,99,0
D85.03,Male,0,0,No,actionable,activating,101,101,108,0
E234.35,Male,0,0,No,actionable,activating,98,92,94,0
A116.25,Male,0,0,Yes,none,Non-activating,103,96,106,0
G66.55,Female,0,0,Yes,none,activating,94,102,108,0
H88.38,Female,0,0,Yes,none,activating,93,99,103,0
I81.05,Male,0,0,Yes,known,activating,101,106,106,0
J68.4,Female,0,0,No,none,activating,96,94,105,0
K96.95,Female,0,0,No,none,activating,95,101,104,0
L66.24,Male,1,0,Yes,none,Non-activating,100,98,98,0
M91.81,Female,0,0,Yes,none,Non-activating,103,98,99,0
N84.86,Female,0,0,No,none,activating,90,107,102,0
O118.88,Male,0,0,Yes,none,activating,103,95,92,0
P85.91,Female,0,0,Yes,none,activating,100,101,99,0
Q115.4,Female,0,0,No,none,activating,105,95,95,0
R75.34,Male,0,0,Yes,none,Non-activating,98,106,97,0
E100.19,Female,0,0,Yes,none,activating,96,96,96,0
A200.73,Female,0,0,Yes,none,activating,109,96,94,0
B114.09,Female,0,0,No,actionable,Non-activating,95,100,96,0
C67.3,Male,0,0,Yes,none,activating,109,98,102,0
D96.91,Female,0,0,Yes,none,activating,100,105,101,0
E116.2,Female,0,0,No,none,activating,96,97,93,0
A72.54,Female,0,0,No,actionable,activating,93,94,103,0
B96.01,Male,0,0,Yes,none,activating,100,101,98,0
C89.16,Female,0,0,Yes,none,Non-activating,105,106,102,0
D108.64,Male,0,0,No,actionable,Non-activating,96,100,101,0
E83.66,Female,0,0,Yes,known,Non-activating,101,104,93,0
A81.21,Male,0,0,No,none,activating,100,97,101,0
B86.96,Female,0,0,Yes,none,activating,98,106,94,0
A92.95,Female,0,0,Yes,none,Non-activating,95,99,104,0
B95.86,Male,0,0,Yes,none,activating,97,100,106,0
C85.52,Male,0,0,Yes,none,activating,100,98,100,0
D159.39,Female,0,0,Yes,none,activating,100,102,96,0
E202.51,Female,0,0,No,none,activating,100,103,100,0
A82.24,Female,0,0,No,none,Non-activating,97,102,104,0
B109.81,Female,0,0,No,actionable,activating,101,98,105,0
C91.85,Female,0,0,No,none,activating,101,94,101,0
D123.49,Female,0,0,No,none,activating,97,103,104,0
E105.49,Male,0,0,No,none,activating,103,103,96,0
A101.53,Male,0,0,No,none,Non-activating,99,101,93,0
G89.45,Male,1,0,Yes,none,Non-activating,99,100,93,0
H126.04,Male,0,0,No,none,activating,101,100,107,0
I95.49,Female,0,0,Yes,known,activating,101,96,97,0
J89.38,Female,0,1,Yes,none,Non-activating,94,97,93,0
K82.3,Male,1,0,Yes,none,Non-activating,100,101,94,0
L218,Female,0,0,Yes,known,activating,94,91,104,0
M79.7,Female,0,0,No,actionable,Non-activating,106,105,102,0
E209.15,Male,0,0,No,actionable,activating,108,102,100,0
A70.22,Female,0,0,Yes,none,Non-activating,96,100,95,0
B83.57,Female,0,0,Yes,none,Non-activating,94,97,99,0
C60.6,Female,0,0,Yes,known,Non-activating,97,105,102,0
D97.24,Female,0,0,Yes,none,Non-activating,98,102,95,0
E162.72,Female,0,0,Yes,none,activating,105,99,98,0
A73.27,Female,0,0,Yes,none,activating,101,101,108,0
B92.62,Female,0,0,No,actionable,activating,105,102,95,0
C90,Female,0,0,Yes,none,Non-activating,91,103,101,0
D78.28,Male,0,0,No,none,Non-activating,97,102,101,0
E87.81,Male,0,0,No,none,Non-activating,95,98,96,0
A202.66,Female,0,0,Yes,none,Non-activating,100,102,105,0
B196.5,Female,0,0,Yes,known,activating,97,101,103,0
A142.31,Male,0,0,No,none,activating,101,92,92,0
B94.96,Female,0,0,No,none,activating,103,102,99,0
C83.78,Female,0,0,No,none,Non-activating,97,100,103,0
D86.1,Female,0,0,Yes,none,Non-activating,95,94,107,0
E74.5,Female,0,0,Yes,known,activating,103,98,95,0
A66.96,Female,0,1,Yes,none,Non-activating,104,101,105,0
B76.7,Female,0,0,Yes,none,Non-activating,103,102,101,0
C103.12,Female,0,0,Yes,none,activating,101,106,102,0
D84.03,Female,0,0,Yes,none,activating,96,100,95,0
E74.15,Female,0,0,Yes,none,activating,97,98,95,0
A73.29,Female,0,0,Yes,none,Non-activating,96,98,99,0
G115.16,Male,0,0,No,none,activating,96,104,95,0
H83.55,Female,0,0,Yes,known,Non-activating,94,102,95,0
I61.53,Female,0,0,Yes,none,activating,105,94,95,0
J100.74,Female,0,0,Yes,known,Non-activating,100,90,102,0
K59.31,Female,0,0,Yes,none,Non-activating,95,100,91,0
L63.22,Male,0,0,Yes,none,activating,99,100,98,0
M209.5,Male,0,0,No,actionable,activating,101,102,99,0
N64.51,Female,0,0,Yes,none,activating,96,104,102,0
O90.07,Female,0,0,No,none,Non-activating,97,105,101,0
P113.95,Female,0,0,No,none,Non-activating,95,105,101,0
Q119.32,Male,0,0,Yes,none,Non-activating,98,106,101,0
R99.12,Female,0,0,Yes,none,activating,91,96,97,0
E152.84,Female,0,0,No,known,activating,99,106,100,0
A78.23,Female,0,0,Yes,none,Non-activating,99,104,106,0
B68.8,Male,0,0,No,actionable,activating,103,93,94,0
C76.05,Female,0,0,Yes,none,activating,100,94,108,0
D116.49,Male,0,0,Yes,none,Non-activating,100,97,107,0
E99.91,Female,0,0,No,none,Non-activating,105,97,95,0
A76.1,Female,0,0,No,actionable,Non-activating,99,91,96,0
B121.99,Female,0,0,No,none,activating,99,94,105,0
C116.21,Female,0,0,No,none,activating,99,105,107,0
D55.28,Female,0,0,Yes,none,activating,97,107,101,0
E219.81,Male,0,0,Yes,none,Non-activating,103,102,97,0
A103.73,Female,0,0,No,none,Non-activating,97,100,105,0
B153.08,Male,0,0,Yes,known,activating,103,93,97,0
A98.69,Male,0,0,No,none,Non-activating,100,106,93,0
B94.11,Male,0,0,Yes,none,activating,96,91,100,0
C117.03,Male,0,0,Yes,none,Non-activating,95,93,98,0
D91.35,Male,0,0,No,none,Non-activating,95,106,98,0
E82.48,Male,0,0,No,none,Non-activating,103,102,107,0
A99.76,Male,0,0,Yes,known,Non-activating,91,93,106,0
B111.1,Female,0,0,Yes,none,Non-activating,104,97,99,0
C122.25,Male,0,0,Yes,none,activating,100,103,94,0
D84.19,Female,0,0,Yes,known,activating,100,95,107,0
E84.6,Male,0,0,Yes,none,activating,104,98,97,0
A126.35,Female,0,0,Yes,none,Non-activating,99,98,97,0
G87.5,Male,0,0,No,actionable,activating,105,102,106,0
H77.52,Female,0,0,Yes,none,Non-activating,94,96,98,0
I133.13,Female,0,0,No,actionable,activating,99,99,104,0
J96.1,Female,0,0,Yes,known,activating,101,103,98,0
K108.61,Female,0,0,Yes,none,activating,100,95,104,0
L205.23,Female,0,0,No,none,activating,94,101,100,0
M76.74,Female,0,0,Yes,none,activating,94,93,95,0
N138.55,Female,0,0,Yes,known,activating,98,97,98,0
O234.27,Male,0,0,No,none,Non-activating,104,102,100,0
P75.16,Female,0,0,Yes,known,Non-activating,107,100,104,0
Q77.08,Male,0,0,Yes,none,activating,106,98,98,0
R101.19,Male,0,0,Yes,none,activating,103,102,100,0
E107.74,Female,0,0,Yes,none,Non-activating,101,100,106,0
A62.32,Male,0,0,Yes,none,activating,99,94,97,0
B56.32,Male,0,0,Yes,none,Non-activating,101,102,93,0
C131.28,Female,0,0,Yes,none,activating,98,102,101,0
D67.02,Female,0,0,No,none,activating,106,104,104,0
E76.72,Male,0,0,No,none,activating,99,106,92,0
A125.98,Male,0,0,Yes,none,activating,100,101,90,0
B72.09,Female,0,0,No,none,activating,96,101,106,0
C88.05,Female,0,0,No,actionable,activating,104,99,93,0
D55.47,Male,0,0,Yes,none,Non-activating,102,100,99,0
E145.94,Female,0,0,Yes,none,Non-activating,99,92,99,0
A239.21,Female,0,0,No,none,activating,103,102,98,0
B196.08,Female,0,0,Yes,known,activating,94,105,105,0
A93.93,Male,0,0,Yes,none,activating,92,108,100,0
B76.74,Female,0,0,Yes,none,Non-activating,101,92,105,0
C83.74,Male,0,0,No,none,Non-activating,102,98,101,0
D119.58,Female,0,0,No,actionable,activating,98,106,97,0
E68.66,Male,0,0,No,actionable,activating,101,99,103,0
A65.79,Female,0,0,Yes,none,activating,97,106,99,0
B176.38,Male,0,0,Yes,known,Non-activating,99,99,102,0
C175.74,Female,0,0,Yes,none,Non-activating,95,93,92,0
D193.45,Female,0,0,No,none,activating,100,97,92,0
E85.84,Male,0,0,Yes,none,Non-activating,100,99,98,0
A93.85,Male,0,0,Yes,none,activating,96,92,95,0
G86.21,Male,0,0,Yes,none,activating,102,98,98,0
H75.41,Female,0,0,Yes,none,Non-activating,106,96,101,0
I95.28,Female,1,0,Yes,none,activating,100,92,99,0
J95.87,Male,0,0,No,actionable,Non-activating,103,100,101,0
K180.45,Female,0,0,No,known,Non-activating,99,99,100,0
L95.39,Male,1,0,Yes,none,Non-activating,97,100,101,0
M60.77,Male,0,0,Yes,known,activating,96,97,101,0
N102.84,Female,1,0,Yes,known,Non-activating,101,102,105,0
O130.37,Male,0,0,No,actionable,activating,94,94,93,0
P65.44,Male,0,0,No,actionable,Non-activating,94,102,102,0
Q79.84,Male,0,0,Yes,known,Non-activating,97,97,101,0
R62.61,Male,0,0,Yes,none,activating,102,103,93,0
E70.07,Male,0,0,No,actionable,activating,96,100,100,0
A108.8,Male,0,0,Yes,none,Non-activating,103,101,97,0
B112.11,Male,1,0,Yes,none,Non-activating,98,102,105,0
C92.35,Female,0,0,Yes,none,activating,92,99,97,0
D76.57,Female,0,0,Yes,none,Non-activating,97,104,99,0
E69.5,Female,0,0,No,none,activating,93,102,94,0
A219.38,Female,0,0,No,actionable,Non-activating,91,99,100,0
B69.48,Female,1,0,Yes,none,activating,101,98,102,0
C89.18,Female,0,0,Yes,none,activating,106,94,94,0
D68.09,Female,0,0,Yes,none,Non-activating,97,103,98,0
























































































































































































































































































































































































































































































































































































































































































































































































































































































































































































































































































































































































































































































































































